Condition Code,Condition Name,Code Category,Payer Name,Payer Type,Total Billed,Total Paid,Avg Cost per Claim,% Borne by Patient,Number of Claims
72892002,Normal pregnancy,Condition,Medicaid,Government,"$9,029,053,030","$9,029,053,030","$13,595",0.4%,"664,164"
72892002,Normal pregnancy,Condition,Humana,Commercial,"$3,963,814,568","$3,963,814,568","$15,155",17.3%,"261,558"
72892002,Normal pregnancy,Condition,NO_INSURANCE,Self-Pay / Uninsured,"$2,594,781,261","$2,594,781,261","$14,289",100.0%,"181,589"
419199007,Allergy to substance (finding),Condition,Medicaid,Government,"$2,565,757,405","$2,565,757,405","$9,788",0.6%,"262,134"
72892002,Normal pregnancy,Condition,Cigna Health,Commercial,"$2,359,890,929","$2,359,890,929","$15,326",15.5%,"153,977"
72892002,Normal pregnancy,Condition,Anthem,Commercial,"$2,330,238,433","$2,330,238,433","$15,286",11.0%,"152,443"
72892002,Normal pregnancy,Condition,Aetna,Commercial,"$2,279,272,795","$2,279,272,795","$15,477",19.3%,"147,267"
72892002,Normal pregnancy,Condition,Blue Cross Blue Shield,Commercial,"$2,118,074,073","$2,118,074,073","$15,124",14.5%,"140,044"
424132000,Non-small cell carcinoma of lung  TNM stage 1 (disorder),Condition,Medicare,Government,"$2,115,585,139","$2,115,585,139","$5,635",0.5%,"375,467"
66383009,Gingivitis (disorder),Condition,Medicare,Government,"$2,063,964,999","$2,063,965,407","$2,073",3.5%,"995,487"
72892002,Normal pregnancy,Condition,UnitedHealthcare,Commercial,"$1,941,228,248","$1,941,228,248","$15,107",10.6%,"128,499"
431857002,Chronic kidney disease stage 4 (disorder),Condition,Medicare,Government,"$1,703,169,225","$1,703,169,225",$468,1.8%,"3,641,848"
72892002,Normal pregnancy,Condition,Medicare,Government,"$1,692,761,507","$1,692,761,507","$15,005",1.8%,"112,810"
66383009,Gingivitis (disorder),Condition,Medicaid,Government,"$1,500,228,998","$1,500,229,406","$2,118",2.4%,"708,381"
419199007,Allergy to substance (finding),Condition,Medicare,Government,"$1,291,719,894","$1,291,719,894","$10,866",1.1%,"118,882"
419199007,Allergy to substance (finding),Condition,Humana,Commercial,"$777,097,327","$777,097,327","$10,500",7.1%,"74,006"
424132000,Non-small cell carcinoma of lung  TNM stage 1 (disorder),Condition,Dual Eligible,Government,"$687,567,452","$687,567,452","$5,244",0.3%,"131,107"
66383009,Gingivitis (disorder),Condition,Dual Eligible,Government,"$677,063,248","$677,063,248","$1,904",1.6%,"355,670"
66383009,Gingivitis (disorder),Condition,Humana,Commercial,"$634,955,483","$634,955,483","$2,337",69.1%,"271,671"
72892002,Normal pregnancy,Condition,Dual Eligible,Government,"$624,517,720","$624,517,720","$13,515",0.3%,"46,208"
419199007,Allergy to substance (finding),Condition,Dual Eligible,Government,"$591,956,038","$591,956,038","$10,333",0.3%,"57,287"
419199007,Allergy to substance (finding),Condition,Aetna,Commercial,"$588,066,867","$588,066,867","$10,276",7.3%,"57,225"
419199007,Allergy to substance (finding),Condition,NO_INSURANCE,Self-Pay / Uninsured,"$586,816,511","$586,816,511","$10,163",100.0%,"57,741"
419199007,Allergy to substance (finding),Condition,Cigna Health,Commercial,"$575,526,046","$575,526,046","$10,308",6.6%,"55,833"
419199007,Allergy to substance (finding),Condition,Anthem,Commercial,"$568,443,997","$568,443,997","$10,382",5.9%,"54,754"
419199007,Allergy to substance (finding),Condition,Blue Cross Blue Shield,Commercial,"$554,091,426","$554,091,426","$10,431",6.4%,"53,122"
66383009,Gingivitis (disorder),Condition,Cigna Health,Commercial,"$542,262,504","$542,262,504","$2,235",58.9%,"242,608"
419199007,Allergy to substance (finding),Condition,UnitedHealthcare,Commercial,"$536,881,940","$536,881,940","$10,331",5.8%,"51,966"
66383009,Gingivitis (disorder),Condition,Aetna,Commercial,"$529,889,706","$529,889,706","$2,242",69.2%,"236,303"
254837009,Malignant neoplasm of breast (disorder),Condition,Medicare,Government,"$528,155,861","$528,155,861","$2,568",2.8%,"205,638"
431857002,Chronic kidney disease stage 4 (disorder),Condition,Medicaid,Government,"$528,090,116","$528,090,116",$450,4.1%,"1,173,718"
67811000119102,Primary small cell malignant neoplasm of lung  TNM stage 1 (disorder),Condition,Medicare,Government,"$516,958,564","$516,958,564","$5,727",0.4%,"90,263"
66383009,Gingivitis (disorder),Condition,Anthem,Commercial,"$505,922,486","$505,922,486","$2,260",24.5%,"223,858"
431857002,Chronic kidney disease stage 4 (disorder),Condition,Dual Eligible,Government,"$487,939,131","$487,939,131",$456,3.5%,"1,069,501"
66383009,Gingivitis (disorder),Condition,NO_INSURANCE,Self-Pay / Uninsured,"$476,819,109","$476,819,109","$2,206",100.0%,"216,147"
46177005,End-stage renal disease (disorder),Condition,Medicare,Government,"$374,334,203","$374,334,203",$466,1.8%,"803,300"
66383009,Gingivitis (disorder),Condition,Blue Cross Blue Shield,Commercial,"$369,119,445","$369,119,445","$2,332",59.8%,"158,285"
431857002,Chronic kidney disease stage 4 (disorder),Condition,NO_INSURANCE,Self-Pay / Uninsured,"$361,835,445","$361,835,445",$438,100.0%,"825,325"
66383009,Gingivitis (disorder),Condition,UnitedHealthcare,Commercial,"$339,688,054","$339,688,054","$2,335",25.2%,"145,459"
840539006,COVID-19,Condition,Medicare,Government,"$295,342,730","$295,342,730","$1,269",2.7%,"232,826"
274531002,Abnormal findings diagnostic imaging heart+coronary circulat (finding),Condition,Medicare,Government,"$291,964,696","$291,964,696","$3,895",3.2%,"74,962"
431857002,Chronic kidney disease stage 4 (disorder),Condition,Humana,Commercial,"$284,675,631","$284,675,631",$471,8.0%,"604,120"
192127007,Child attention deficit disorder,Condition,Medicaid,Government,"$279,511,278","$279,511,278","$8,994",0.1%,"31,076"
431857002,Chronic kidney disease stage 4 (disorder),Condition,Cigna Health,Commercial,"$254,932,677","$254,932,677",$449,8.7%,"567,170"
414545008,Ischemic heart disease (disorder),Condition,Medicare,Government,"$251,025,835","$251,025,835","$2,589",3.8%,"96,948"
431857002,Chronic kidney disease stage 4 (disorder),Condition,Aetna,Commercial,"$234,639,327","$234,639,327",$450,8.7%,"521,645"
230690007,Stroke,Condition,Medicare,Government,"$227,902,972","$227,902,972","$75,315",2.9%,"3,026"
6525002,Dependent drug abuse (disorder),Condition,Medicaid,Government,"$223,252,047","$223,252,047",$423,2.8%,"527,242"
431857002,Chronic kidney disease stage 4 (disorder),Condition,Anthem,Commercial,"$218,928,970","$218,929,350",$458,8.8%,"477,965"
88805009,Chronic congestive heart failure (disorder),Condition,Medicare,Government,"$216,286,615","$216,286,615",$653,3.6%,"331,293"
73595000,Stress (finding),Condition,Medicare,Government,"$210,418,927","$210,418,927",$441,5.9%,"477,582"
312608009,Laceration - injury (disorder),Condition,Medicaid,Government,"$199,033,105","$199,033,105","$4,586",1.4%,"43,397"
254837009,Malignant neoplasm of breast (disorder),Condition,Dual Eligible,Government,"$183,276,777","$183,276,777","$2,708",1.0%,"67,690"
424132000,Non-small cell carcinoma of lung  TNM stage 1 (disorder),Condition,Medicaid,Government,"$182,218,499","$182,218,499","$5,285",0.5%,"34,480"
125605004,Fracture of bone (disorder),Condition,Medicare,Government,"$182,120,951","$182,120,951","$3,130",4.3%,"58,184"
68496003,Polyp of colon,Condition,Medicare,Government,"$169,868,429","$169,868,429","$13,170",4.1%,"12,898"
431857002,Chronic kidney disease stage 4 (disorder),Condition,Blue Cross Blue Shield,Commercial,"$164,482,746","$164,482,746",$464,8.1%,"354,330"
424132000,Non-small cell carcinoma of lung  TNM stage 1 (disorder),Condition,NO_INSURANCE,Self-Pay / Uninsured,"$164,317,628","$164,317,628","$5,502",100.0%,"29,864"
840539006,COVID-19,Condition,Medicaid,Government,"$161,428,613","$161,428,613",$951,1.5%,"169,747"
196416002,Impacted molars,Condition,Medicaid,Government,"$148,679,373","$148,679,373","$5,356",0.9%,"27,758"
10509002,Acute bronchitis (disorder),Condition,Medicaid,Government,"$142,395,179","$142,395,179",$892,6.5%,"159,660"
431857002,Chronic kidney disease stage 4 (disorder),Condition,UnitedHealthcare,Commercial,"$140,342,872","$140,342,872",$464,8.3%,"302,615"
312608009,Laceration - injury (disorder),Condition,Medicare,Government,"$139,326,577","$139,326,577","$4,916",3.9%,"28,343"
254837009,Malignant neoplasm of breast (disorder),Condition,Medicaid,Government,"$133,841,580","$133,841,580","$5,336",0.4%,"25,085"
46177005,End-stage renal disease (disorder),Condition,Medicaid,Government,"$132,102,698","$132,102,698",$457,4.2%,"288,860"
363406005,Malignant tumor of colon,Condition,Medicare,Government,"$120,396,253","$120,396,253","$5,539",1.9%,"21,737"
274531002,Abnormal findings diagnostic imaging heart+coronary circulat (finding),Condition,Medicaid,Government,"$119,547,220","$119,547,220","$3,551",0.6%,"33,663"
26929004,Alzheimer's disease (disorder),Condition,Medicare,Government,"$116,483,350","$116,483,350","$2,552",5.8%,"45,645"
67811000119102,Primary small cell malignant neoplasm of lung  TNM stage 1 (disorder),Condition,Dual Eligible,Government,"$114,178,600","$114,178,600","$5,401",0.6%,"21,140"
307426000,Acute infective cystitis (disorder),Condition,Medicaid,Government,"$107,092,572","$107,092,572","$2,414",2.5%,"44,356"
46177005,End-stage renal disease (disorder),Condition,Dual Eligible,Government,"$107,085,997","$107,085,997",$453,3.6%,"236,348"
6525002,Dependent drug abuse (disorder),Condition,Medicare,Government,"$105,136,109","$105,136,109",$449,8.6%,"234,123"
82423001,Chronic pain (finding),Condition,Medicaid,Government,"$104,812,858","$104,812,858","$1,076",5.3%,"97,368"
414545008,Ischemic heart disease (disorder),Condition,Medicaid,Government,"$98,728,099","$98,728,099","$2,405",1.0%,"41,055"
10509002,Acute bronchitis (disorder),Condition,Medicare,Government,"$96,327,906","$96,327,906",$887,5.4%,"108,599"
840539006,COVID-19,Condition,Dual Eligible,Government,"$95,248,139","$95,248,139","$1,249",0.9%,"76,230"
312608009,Laceration - injury (disorder),Condition,Humana,Commercial,"$87,370,739","$87,370,739","$4,965",55.1%,"17,598"
274531002,Abnormal findings diagnostic imaging heart+coronary circulat (finding),Condition,Dual Eligible,Government,"$85,119,160","$85,119,160","$3,591",0.4%,"23,704"
46177005,End-stage renal disease (disorder),Condition,NO_INSURANCE,Self-Pay / Uninsured,"$84,820,969","$84,820,969",$438,100.0%,"193,666"
87433001,Pulmonary emphysema (disorder),Condition,Medicare,Government,"$84,491,490","$84,491,490","$16,898",3.3%,"5,000"
6525002,Dependent drug abuse (disorder),Condition,Dual Eligible,Government,"$82,965,481","$82,965,481",$418,0.7%,"198,493"
195662009,Acute viral pharyngitis (disorder),Condition,Medicaid,Government,"$81,008,532","$81,008,532",$858,7.4%,"94,456"
414545008,Ischemic heart disease (disorder),Condition,Dual Eligible,Government,"$77,076,365","$77,076,365","$2,423",0.5%,"31,812"
109838007,Overlapping malignant neoplasm of colon,Condition,Medicare,Government,"$76,692,196","$76,692,196","$6,794",2.4%,"11,289"
840539006,COVID-19,Condition,Humana,Commercial,"$74,986,387","$74,986,387","$1,036",21.1%,"72,405"
192127007,Child attention deficit disorder,Condition,Humana,Commercial,"$73,369,928","$73,369,928","$9,701",12.3%,"7,563"
37320007,Loss of teeth (disorder),Condition,Medicare,Government,"$72,698,121","$72,698,121","$1,004",4.9%,"72,376"
73595000,Stress (finding),Condition,Medicaid,Government,"$72,439,088","$72,439,088",$382,9.0%,"189,867"
46177005,End-stage renal disease (disorder),Condition,Humana,Commercial,"$69,619,400","$69,619,400",$465,8.4%,"149,748"
185086009,Chronic obstructive bronchitis (disorder),Condition,Medicare,Government,"$69,435,107","$69,435,107","$17,136",2.8%,"4,052"
312608009,Laceration - injury (disorder),Condition,Cigna Health,Commercial,"$69,152,482","$69,152,482","$4,761",44.5%,"14,524"
312608009,Laceration - injury (disorder),Condition,Aetna,Commercial,"$68,907,727","$68,907,727","$4,816",56.0%,"14,307"
73595000,Stress (finding),Condition,Dual Eligible,Government,"$67,722,559","$67,722,559",$396,4.6%,"171,230"
230690007,Stroke,Condition,Dual Eligible,Government,"$67,679,904","$67,679,904","$68,226",0.0%,992
22298006,Myocardial infarction (disorder),Condition,Medicare,Government,"$66,468,514","$66,468,514","$3,630",3.9%,"18,311"
312608009,Laceration - injury (disorder),Condition,Anthem,Commercial,"$65,664,662","$65,664,662","$4,825",23.6%,"13,608"
88805009,Chronic congestive heart failure (disorder),Condition,Dual Eligible,Government,"$65,537,197","$65,537,197",$628,3.5%,"104,428"
840539006,COVID-19,Condition,Cigna Health,Commercial,"$64,319,707","$64,319,707","$1,008",20.0%,"63,814"
840539006,COVID-19,Condition,Aetna,Commercial,"$63,387,243","$63,387,243","$1,034",20.5%,"61,280"
230690007,Stroke,Condition,Medicaid,Government,"$62,698,278","$62,698,278","$61,650",0.1%,"1,017"
192127007,Child attention deficit disorder,Condition,UnitedHealthcare,Commercial,"$61,941,143","$61,941,143","$9,475",10.6%,"6,537"
192127007,Child attention deficit disorder,Condition,Aetna,Commercial,"$61,289,704","$61,289,704","$9,291",12.9%,"6,597"
10509002,Acute bronchitis (disorder),Condition,Humana,Commercial,"$61,005,983","$61,005,983",$968,62.6%,"62,991"
192127007,Child attention deficit disorder,Condition,Blue Cross Blue Shield,Commercial,"$59,750,672","$59,750,672","$9,626",11.4%,"6,207"
840539006,COVID-19,Condition,Anthem,Commercial,"$59,199,756","$59,199,756","$1,040",17.6%,"56,921"
307426000,Acute infective cystitis (disorder),Condition,Medicare,Government,"$58,622,578","$58,622,578","$2,327",4.1%,"25,190"
401314000,Acute non-ST segment elevation myocardial infarction (disorder),Condition,Medicare,Government,"$58,325,607","$58,325,607","$2,696",3.1%,"21,636"
192127007,Child attention deficit disorder,Condition,Anthem,Commercial,"$57,972,051","$57,972,051","$9,378",10.3%,"6,182"
68496003,Polyp of colon,Condition,Medicaid,Government,"$57,887,681","$57,887,681","$12,123",0.7%,"4,775"
125605004,Fracture of bone (disorder),Condition,Dual Eligible,Government,"$57,618,547","$57,618,547","$2,948",1.1%,"19,548"
192127007,Child attention deficit disorder,Condition,NO_INSURANCE,Self-Pay / Uninsured,"$57,313,802","$57,313,802","$9,431",100.0%,"6,077"
312608009,Laceration - injury (disorder),Condition,NO_INSURANCE,Self-Pay / Uninsured,"$57,102,446","$57,102,446","$4,805",100.0%,"11,884"
125605004,Fracture of bone (disorder),Condition,Medicaid,Government,"$56,733,677","$56,733,677","$1,321",4.5%,"42,945"
46177005,End-stage renal disease (disorder),Condition,Aetna,Commercial,"$55,843,235","$55,843,235",$453,9.6%,"123,313"
274531002,Abnormal findings diagnostic imaging heart+coronary circulat (finding),Condition,Humana,Commercial,"$55,422,208","$55,422,208","$4,130",17.4%,"13,419"
424132000,Non-small cell carcinoma of lung  TNM stage 1 (disorder),Condition,Humana,Commercial,"$55,088,132","$55,088,132","$5,966",1.2%,"9,234"
46177005,End-stage renal disease (disorder),Condition,Cigna Health,Commercial,"$54,683,726","$54,683,726",$451,9.1%,"121,177"
254837009,Malignant neoplasm of breast (disorder),Condition,NO_INSURANCE,Self-Pay / Uninsured,"$53,790,460","$53,790,460","$4,960",100.0%,"10,844"
6525002,Dependent drug abuse (disorder),Condition,Cigna Health,Commercial,"$53,276,089","$53,276,089",$452,62.7%,"117,828"
312608009,Laceration - injury (disorder),Condition,Blue Cross Blue Shield,Commercial,"$53,220,909","$53,220,909","$5,007",43.4%,"10,630"
68496003,Polyp of colon,Condition,Dual Eligible,Government,"$51,860,991","$51,860,991","$12,380",0.3%,"4,189"
401303003,Acute ST segment elevation myocardial infarction (disorder),Condition,Medicare,Government,"$51,696,726","$51,696,726","$2,802",3.3%,"18,451"
192127007,Child attention deficit disorder,Condition,Cigna Health,Commercial,"$51,555,077","$51,555,077","$9,279",12.0%,"5,556"
6525002,Dependent drug abuse (disorder),Condition,Aetna,Commercial,"$51,453,464","$51,453,464",$451,70.6%,"114,141"
274531002,Abnormal findings diagnostic imaging heart+coronary circulat (finding),Condition,Cigna Health,Commercial,"$49,427,973","$49,427,973","$3,811",18.1%,"12,969"
840539006,COVID-19,Condition,NO_INSURANCE,Self-Pay / Uninsured,"$49,190,924","$49,190,924",$995,99.9%,"49,433"
10509002,Acute bronchitis (disorder),Condition,Aetna,Commercial,"$49,114,471","$49,114,471",$955,64.4%,"51,419"
6525002,Dependent drug abuse (disorder),Condition,Anthem,Commercial,"$48,978,016","$48,978,016",$455,38.6%,"107,686"
10509002,Acute bronchitis (disorder),Condition,Cigna Health,Commercial,"$48,752,147","$48,752,147",$935,53.6%,"52,148"
274531002,Abnormal findings diagnostic imaging heart+coronary circulat (finding),Condition,Aetna,Commercial,"$48,126,667","$48,126,667","$3,728",19.2%,"12,910"
312608009,Laceration - injury (disorder),Condition,UnitedHealthcare,Commercial,"$47,226,056","$47,226,056","$4,921",23.4%,"9,597"
46177005,End-stage renal disease (disorder),Condition,Anthem,Commercial,"$47,029,276","$47,029,276",$454,9.4%,"103,702"
10509002,Acute bronchitis (disorder),Condition,Anthem,Commercial,"$46,647,053","$46,647,053",$949,29.0%,"49,129"
414545008,Ischemic heart disease (disorder),Condition,Humana,Commercial,"$46,563,714","$46,563,714","$2,746",42.4%,"16,954"
254837009,Malignant neoplasm of breast (disorder),Condition,Aetna,Commercial,"$46,112,920","$46,112,920","$6,035",6.4%,"7,641"
67811000119102,Primary small cell malignant neoplasm of lung  TNM stage 1 (disorder),Condition,NO_INSURANCE,Self-Pay / Uninsured,"$45,166,338","$45,166,338","$5,621",99.9%,"8,035"
91302008,Sepsis (disorder),Condition,Medicaid,Government,"$44,478,794","$44,478,794","$10,234",0.4%,"4,346"
312608009,Laceration - injury (disorder),Condition,Dual Eligible,Government,"$44,315,160","$44,315,160","$4,569",0.8%,"9,700"
254837009,Malignant neoplasm of breast (disorder),Condition,Cigna Health,Commercial,"$43,853,813","$43,853,813","$5,858",5.8%,"7,486"
26929004,Alzheimer's disease (disorder),Condition,Dual Eligible,Government,"$42,335,707","$42,335,707","$2,371",1.0%,"17,852"
274531002,Abnormal findings diagnostic imaging heart+coronary circulat (finding),Condition,Anthem,Commercial,"$42,063,342","$42,063,342","$3,823",18.3%,"11,004"
274531002,Abnormal findings diagnostic imaging heart+coronary circulat (finding),Condition,NO_INSURANCE,Self-Pay / Uninsured,"$41,584,112","$41,584,112","$3,837",100.0%,"10,839"
10509002,Acute bronchitis (disorder),Condition,NO_INSURANCE,Self-Pay / Uninsured,"$41,154,497","$41,154,497",$937,100.0%,"43,903"
414545008,Ischemic heart disease (disorder),Condition,Aetna,Commercial,"$41,154,280","$41,154,280","$2,565",43.0%,"16,043"
307426000,Acute infective cystitis (disorder),Condition,Humana,Commercial,"$40,737,275","$40,737,275","$2,476",55.7%,"16,450"
424132000,Non-small cell carcinoma of lung  TNM stage 1 (disorder),Condition,Aetna,Commercial,"$40,645,487","$40,645,487","$5,740",2.1%,"7,081"
414545008,Ischemic heart disease (disorder),Condition,Cigna Health,Commercial,"$40,334,758","$40,334,758","$2,561",36.0%,"15,752"
840539006,COVID-19,Condition,Blue Cross Blue Shield,Commercial,"$39,874,455","$39,874,455",$992,21.0%,"40,194"
6525002,Dependent drug abuse (disorder),Condition,NO_INSURANCE,Self-Pay / Uninsured,"$39,170,904","$39,170,904",$455,100.0%,"86,149"
414545008,Ischemic heart disease (disorder),Condition,Anthem,Commercial,"$38,629,887","$38,629,887","$2,679",21.8%,"14,419"
424132000,Non-small cell carcinoma of lung  TNM stage 1 (disorder),Condition,Cigna Health,Commercial,"$38,516,271","$38,516,271","$5,726",1.2%,"6,727"
46177005,End-stage renal disease (disorder),Condition,Blue Cross Blue Shield,Commercial,"$37,804,535","$37,804,535",$481,8.6%,"78,639"
10509002,Acute bronchitis (disorder),Condition,Blue Cross Blue Shield,Commercial,"$36,925,825","$36,925,825",$964,52.2%,"38,311"
424132000,Non-small cell carcinoma of lung  TNM stage 1 (disorder),Condition,Anthem,Commercial,"$36,818,295","$36,818,295","$5,631",2.0%,"6,538"
46177005,End-stage renal disease (disorder),Condition,UnitedHealthcare,Commercial,"$35,781,469","$35,781,469",$467,8.7%,"76,571"
363406005,Malignant tumor of colon,Condition,Dual Eligible,Government,"$35,378,404","$35,378,404","$5,118",0.3%,"6,913"
840539006,COVID-19,Condition,UnitedHealthcare,Commercial,"$35,346,779","$35,346,779",$993,17.5%,"35,610"
363406005,Malignant tumor of colon,Condition,Medicaid,Government,"$35,188,906","$35,188,906","$5,276",0.4%,"6,670"
82423001,Chronic pain (finding),Condition,Humana,Commercial,"$35,136,369","$35,136,369","$1,408",30.1%,"24,962"
10509002,Acute bronchitis (disorder),Condition,UnitedHealthcare,Commercial,"$34,759,239","$34,759,239",$971,29.0%,"35,788"
254837009,Malignant neoplasm of breast (disorder),Condition,Humana,Commercial,"$34,307,567","$34,307,567","$4,139",7.9%,"8,288"
64859006,Osteoporosis (disorder),Condition,Medicare,Government,"$34,139,837","$34,139,837","$2,283",4.7%,"14,956"
49436004,Atrial fibrillation (disorder),Condition,Medicare,Government,"$33,985,757","$33,985,757","$3,432",4.3%,"9,904"
192127007,Child attention deficit disorder,Condition,Medicare,Government,"$33,875,391","$33,875,391","$9,312",1.3%,"3,638"
414545008,Ischemic heart disease (disorder),Condition,NO_INSURANCE,Self-Pay / Uninsured,"$33,039,136","$33,039,136","$2,735",100.0%,"12,080"
196416002,Impacted molars,Condition,Cigna Health,Commercial,"$32,972,328","$32,972,328","$5,661",33.4%,"5,824"
37320007,Loss of teeth (disorder),Condition,Medicaid,Government,"$32,648,625","$32,648,625",$948,3.4%,"34,426"
274531002,Abnormal findings diagnostic imaging heart+coronary circulat (finding),Condition,Blue Cross Blue Shield,Commercial,"$32,529,063","$32,529,063","$4,249",17.9%,"7,655"
424132000,Non-small cell carcinoma of lung  TNM stage 1 (disorder),Condition,Blue Cross Blue Shield,Commercial,"$32,295,815","$32,295,815","$5,950",1.3%,"5,428"
73595000,Stress (finding),Condition,Humana,Commercial,"$31,877,333","$31,877,333",$419,68.1%,"75,993"
196416002,Impacted molars,Condition,Aetna,Commercial,"$31,480,374","$31,480,374","$5,608",41.3%,"5,613"
307426000,Acute infective cystitis (disorder),Condition,Cigna Health,Commercial,"$31,107,854","$31,107,854","$2,422",47.7%,"12,844"
230690007,Stroke,Condition,Humana,Commercial,"$31,059,324","$31,059,324","$69,796",30.4%,445
307426000,Acute infective cystitis (disorder),Condition,Aetna,Commercial,"$31,051,374","$31,051,374","$2,401",59.0%,"12,932"
196416002,Impacted molars,Condition,Anthem,Commercial,"$30,672,962","$30,672,962","$5,622",21.2%,"5,456"
67811000119102,Primary small cell malignant neoplasm of lung  TNM stage 1 (disorder),Condition,Medicaid,Government,"$30,606,019","$30,606,019","$5,491",0.8%,"5,574"
307426000,Acute infective cystitis (disorder),Condition,Anthem,Commercial,"$30,259,045","$30,259,045","$2,437",24.9%,"12,415"
10509002,Acute bronchitis (disorder),Condition,Dual Eligible,Government,"$30,186,303","$30,186,303",$838,3.9%,"36,013"
195662009,Acute viral pharyngitis (disorder),Condition,Humana,Commercial,"$30,152,613","$30,152,613",$823,76.9%,"36,647"
307426000,Acute infective cystitis (disorder),Condition,NO_INSURANCE,Self-Pay / Uninsured,"$29,733,234","$29,733,234","$2,530",100.0%,"11,754"
60573004,Aortic valve stenosis (disorder),Condition,Medicare,Government,"$29,262,158","$29,262,158","$2,894",3.4%,"10,112"
73595000,Stress (finding),Condition,Cigna Health,Commercial,"$28,688,016","$28,688,016",$405,64.7%,"70,762"
230690007,Stroke,Condition,NO_INSURANCE,Self-Pay / Uninsured,"$28,244,987","$28,244,987","$66,773",100.0%,423
73595000,Stress (finding),Condition,NO_INSURANCE,Self-Pay / Uninsured,"$28,131,344","$28,131,344",$392,100.0%,"71,702"
73595000,Stress (finding),Condition,Aetna,Commercial,"$27,954,356","$27,954,356",$403,67.6%,"69,303"
274531002,Abnormal findings diagnostic imaging heart+coronary circulat (finding),Condition,UnitedHealthcare,Commercial,"$27,911,183","$27,911,183","$4,081",18.2%,"6,840"
230690007,Stroke,Condition,Aetna,Commercial,"$27,670,160","$27,670,160","$71,499",31.6%,387
230690007,Stroke,Condition,Anthem,Commercial,"$27,018,278","$27,018,278","$71,288",16.8%,379
73595000,Stress (finding),Condition,Anthem,Commercial,"$26,667,453","$26,667,453",$409,53.0%,"65,266"
43878008,Streptococcal sore throat (disorder),Condition,Medicaid,Government,"$26,086,718","$26,086,718",$529,10.8%,"49,358"
68496003,Polyp of colon,Condition,Humana,Commercial,"$26,071,968","$26,071,968","$13,467",53.9%,"1,936"
271737000,Anemia (disorder),Condition,Medicaid,Government,"$25,885,761","$25,885,761",$942,1.5%,"27,474"
230690007,Stroke,Condition,Cigna Health,Commercial,"$25,665,709","$25,665,709","$69,367",25.0%,370
254837009,Malignant neoplasm of breast (disorder),Condition,Anthem,Commercial,"$25,563,354","$25,563,354","$4,126",7.2%,"6,196"
87433001,Pulmonary emphysema (disorder),Condition,Dual Eligible,Government,"$25,483,262","$25,483,262","$14,662",0.2%,"1,738"
444814009,Viral sinusitis (disorder),Condition,Medicaid,Government,"$25,203,490","$25,203,490",$134,42.0%,"187,790"
109838007,Overlapping malignant neoplasm of colon,Condition,Dual Eligible,Government,"$25,149,023","$25,149,023","$6,411",0.3%,"3,923"
414545008,Ischemic heart disease (disorder),Condition,Blue Cross Blue Shield,Commercial,"$24,615,987","$24,615,987","$2,679",36.3%,"9,189"
195662009,Acute viral pharyngitis (disorder),Condition,Cigna Health,Commercial,"$24,346,562","$24,346,491",$793,69.4%,"30,697"
196416002,Impacted molars,Condition,Medicare,Government,"$24,260,767","$24,260,767","$5,683",5.0%,"4,269"
68496003,Polyp of colon,Condition,Cigna Health,Commercial,"$24,200,186","$24,200,186","$13,231",42.0%,"1,829"
196416002,Impacted molars,Condition,NO_INSURANCE,Self-Pay / Uninsured,"$24,170,970","$24,170,970","$5,643",100.0%,"4,283"
307426000,Acute infective cystitis (disorder),Condition,Blue Cross Blue Shield,Commercial,"$24,155,427","$24,155,427","$2,492",46.8%,"9,694"
91302008,Sepsis (disorder),Condition,Humana,Commercial,"$23,986,847","$23,986,847","$11,764",37.2%,"2,039"
195662009,Acute viral pharyngitis (disorder),Condition,Aetna,Commercial,"$23,857,495","$23,857,495",$790,79.1%,"30,217"
37320007,Loss of teeth (disorder),Condition,Dual Eligible,Government,"$23,687,856","$23,687,856",$933,1.9%,"25,381"
91302008,Sepsis (disorder),Condition,Cigna Health,Commercial,"$23,563,741","$23,563,741","$11,986",29.8%,"1,966"
195662009,Acute viral pharyngitis (disorder),Condition,Medicare,Government,"$23,234,893","$23,234,893",$394,8.5%,"58,933"
424132000,Non-small cell carcinoma of lung  TNM stage 1 (disorder),Condition,UnitedHealthcare,Commercial,"$23,036,144","$23,036,144","$5,825",1.5%,"3,955"
307426000,Acute infective cystitis (disorder),Condition,UnitedHealthcare,Commercial,"$23,017,455","$23,017,455","$2,494",24.3%,"9,228"
414545008,Ischemic heart disease (disorder),Condition,UnitedHealthcare,Commercial,"$22,786,816","$22,786,816","$2,692",21.6%,"8,464"
91302008,Sepsis (disorder),Condition,Aetna,Commercial,"$22,721,432","$22,721,432","$12,396",37.6%,"1,833"
195662009,Acute viral pharyngitis (disorder),Condition,Anthem,Commercial,"$22,690,288","$22,690,288",$783,39.9%,"28,989"
68496003,Polyp of colon,Condition,Anthem,Commercial,"$22,283,374","$22,283,374","$13,024",23.3%,"1,711"
68496003,Polyp of colon,Condition,Aetna,Commercial,"$22,080,372","$22,080,372","$13,151",54.4%,"1,679"
82423001,Chronic pain (finding),Condition,Aetna,Commercial,"$21,891,694","$21,891,694","$1,103",30.2%,"19,850"
55822004,Hyperlipidemia,Condition,Medicare,Government,"$21,625,234","$21,625,234",$51,8.4%,"425,962"
82423001,Chronic pain (finding),Condition,Cigna Health,Commercial,"$21,294,849","$21,294,849","$1,041",27.7%,"20,447"
82423001,Chronic pain (finding),Condition,NO_INSURANCE,Self-Pay / Uninsured,"$21,106,191","$21,106,191","$1,110",100.0%,"19,015"
22298006,Myocardial infarction (disorder),Condition,Dual Eligible,Government,"$20,746,009","$20,746,009","$3,333",1.0%,"6,224"
91302008,Sepsis (disorder),Condition,Anthem,Commercial,"$20,558,106","$20,558,106","$10,425",20.2%,"1,972"
195662009,Acute viral pharyngitis (disorder),Condition,NO_INSURANCE,Self-Pay / Uninsured,"$20,448,766","$20,448,766",$801,100.0%,"25,530"
82423001,Chronic pain (finding),Condition,Blue Cross Blue Shield,Commercial,"$20,338,227","$20,338,227","$1,435",26.0%,"14,171"
109838007,Overlapping malignant neoplasm of colon,Condition,Medicaid,Government,"$20,293,695","$20,293,695","$6,833",0.3%,"2,970"
195662009,Acute viral pharyngitis (disorder),Condition,Blue Cross Blue Shield,Commercial,"$20,125,966","$20,125,966",$890,69.1%,"22,606"
125605004,Fracture of bone (disorder),Condition,Humana,Commercial,"$20,038,505","$20,038,505","$1,390",63.2%,"14,415"
363406005,Malignant tumor of colon,Condition,Humana,Commercial,"$19,822,323","$19,822,323","$5,938",1.5%,"3,338"
307426000,Acute infective cystitis (disorder),Condition,Dual Eligible,Government,"$19,752,990","$19,752,990","$2,274",1.5%,"8,688"
82423001,Chronic pain (finding),Condition,UnitedHealthcare,Commercial,"$19,684,905","$19,684,905","$1,538",17.6%,"12,801"
82423001,Chronic pain (finding),Condition,Anthem,Commercial,"$19,550,485","$19,550,485","$1,039",19.7%,"18,813"
59621000,Essential hypertension (disorder),Condition,Medicare,Government,"$18,901,761","$18,901,761",$340,10.2%,"55,574"
91302008,Sepsis (disorder),Condition,Medicare,Government,"$18,883,942","$18,883,942","$11,194",3.2%,"1,687"
195662009,Acute viral pharyngitis (disorder),Condition,UnitedHealthcare,Commercial,"$18,863,366","$18,863,366",$908,38.8%,"20,780"
88805009,Chronic congestive heart failure (disorder),Condition,Medicaid,Government,"$18,752,789","$18,752,789",$732,4.0%,"25,627"
68496003,Polyp of colon,Condition,NO_INSURANCE,Self-Pay / Uninsured,"$18,710,281","$18,710,281","$13,279",100.0%,"1,409"
401314000,Acute non-ST segment elevation myocardial infarction (disorder),Condition,Dual Eligible,Government,"$18,438,928","$18,438,928","$2,447",1.3%,"7,534"
185086009,Chronic obstructive bronchitis (disorder),Condition,Dual Eligible,Government,"$18,145,129","$18,145,129","$12,851",0.2%,"1,412"
59621000,Essential hypertension (disorder),Condition,Medicaid,Government,"$18,048,401","$18,048,401",$206,16.8%,"87,485"
444814009,Viral sinusitis (disorder),Condition,Medicare,Government,"$17,694,978","$17,694,978",$142,13.1%,"124,436"
126906006,Neoplasm of prostate,Condition,Medicare,Government,"$17,593,664","$17,593,664","$3,284",3.9%,"5,358"
73595000,Stress (finding),Condition,Blue Cross Blue Shield,Commercial,"$17,530,427","$17,530,427",$422,65.5%,"41,565"
22298006,Myocardial infarction (disorder),Condition,Medicaid,Government,"$17,464,953","$17,464,953","$3,324",1.7%,"5,254"
196416002,Impacted molars,Condition,Dual Eligible,Government,"$17,458,721","$17,458,721","$5,289",0.5%,"3,301"
65363002,Otitis media,Condition,Medicaid,Government,"$17,183,455","$17,183,455",$162,35.8%,"106,394"
254837009,Malignant neoplasm of breast (disorder),Condition,Blue Cross Blue Shield,Commercial,"$17,142,001","$17,142,001","$3,452",9.6%,"4,966"
43878008,Streptococcal sore throat (disorder),Condition,Medicare,Government,"$16,755,523","$16,755,523",$841,6.0%,"19,921"
125605004,Fracture of bone (disorder),Condition,NO_INSURANCE,Self-Pay / Uninsured,"$16,688,272","$16,688,272","$1,526",100.0%,"10,938"
74400008,Appendicitis,Condition,Medicaid,Government,"$16,671,242","$16,671,242","$5,596",0.6%,"2,979"
125605004,Fracture of bone (disorder),Condition,Cigna Health,Commercial,"$16,670,278","$16,670,278","$1,424",52.8%,"11,706"
125605004,Fracture of bone (disorder),Condition,Aetna,Commercial,"$16,612,630","$16,612,630","$1,434",63.3%,"11,582"
91302008,Sepsis (disorder),Condition,NO_INSURANCE,Self-Pay / Uninsured,"$16,462,539","$16,462,539","$11,456",100.0%,"1,437"
192127007,Child attention deficit disorder,Condition,Dual Eligible,Government,"$16,369,357","$16,369,357","$9,843",0.0%,"1,663"
444448004,Injury of medial collateral ligament of knee,Condition,Medicaid,Government,"$16,367,027","$16,367,027","$9,583",0.4%,"1,708"
363406005,Malignant tumor of colon,Condition,Cigna Health,Commercial,"$16,072,059","$16,072,059","$5,870",3.4%,"2,738"
91302008,Sepsis (disorder),Condition,Blue Cross Blue Shield,Commercial,"$16,053,784","$16,053,784","$13,073",29.6%,"1,228"
230690007,Stroke,Condition,Blue Cross Blue Shield,Commercial,"$16,007,135","$16,007,135","$71,143",23.8%,225
125605004,Fracture of bone (disorder),Condition,Anthem,Commercial,"$15,856,394","$15,856,394","$1,437",31.8%,"11,037"
363406005,Malignant tumor of colon,Condition,NO_INSURANCE,Self-Pay / Uninsured,"$15,846,655","$15,846,655","$5,433",100.0%,"2,917"
61804006,Alveolitis of jaw (disorder),Condition,Medicare,Government,"$15,792,517","$15,792,517","$2,536",3.0%,"6,227"
401314000,Acute non-ST segment elevation myocardial infarction (disorder),Condition,Medicaid,Government,"$15,679,188","$15,679,188","$2,483",1.9%,"6,315"
73595000,Stress (finding),Condition,UnitedHealthcare,Commercial,"$15,395,516","$15,395,516",$421,54.6%,"36,608"
401303003,Acute ST segment elevation myocardial infarction (disorder),Condition,Dual Eligible,Government,"$15,282,031","$15,282,031","$2,533",1.2%,"6,034"
230690007,Stroke,Condition,UnitedHealthcare,Commercial,"$15,161,432","$15,161,432","$73,244",17.0%,207
37320007,Loss of teeth (disorder),Condition,Humana,Commercial,"$14,982,367","$14,982,367","$1,038",55.0%,"14,432"
68496003,Polyp of colon,Condition,Blue Cross Blue Shield,Commercial,"$14,245,054","$14,245,054","$13,388",41.8%,"1,064"
254837009,Malignant neoplasm of breast (disorder),Condition,UnitedHealthcare,Commercial,"$14,057,610","$14,057,610","$3,604",7.1%,"3,901"
363406005,Malignant tumor of colon,Condition,Aetna,Commercial,"$13,823,950","$13,823,950","$5,615",2.5%,"2,462"
363406005,Malignant tumor of colon,Condition,Anthem,Commercial,"$13,717,190","$13,717,190","$5,732",5.6%,"2,393"
128613002,Seizure disorder,Condition,Medicaid,Government,"$13,528,663","$13,528,663","$4,966",0.9%,"2,724"
30832001,Rupture of patellar tendon,Condition,Medicaid,Government,"$13,436,119","$13,436,119","$9,750",0.4%,"1,378"
93761005,Primary malignant neoplasm of colon,Condition,Medicare,Government,"$13,370,899","$13,370,899","$7,884",4.4%,"1,696"
271737000,Anemia (disorder),Condition,Humana,Commercial,"$13,298,613","$13,298,613","$1,015",63.9%,"13,101"
128613002,Seizure disorder,Condition,Medicare,Government,"$13,240,340","$13,240,340","$6,032",3.4%,"2,195"
67811000119102,Primary small cell malignant neoplasm of lung  TNM stage 1 (disorder),Condition,Blue Cross Blue Shield,Commercial,"$13,116,086","$13,116,086","$5,930",1.4%,"2,212"
37320007,Loss of teeth (disorder),Condition,Cigna Health,Commercial,"$13,078,661","$13,078,661","$1,003",51.5%,"13,044"
67811000119102,Primary small cell malignant neoplasm of lung  TNM stage 1 (disorder),Condition,Cigna Health,Commercial,"$13,034,594","$13,034,594","$5,971",1.1%,"2,183"
37320007,Loss of teeth (disorder),Condition,Aetna,Commercial,"$12,973,242","$12,973,242","$1,004",57.4%,"12,923"
401303003,Acute ST segment elevation myocardial infarction (disorder),Condition,Medicaid,Government,"$12,912,121","$12,912,121","$2,471",1.8%,"5,226"
125605004,Fracture of bone (disorder),Condition,Blue Cross Blue Shield,Commercial,"$12,812,369","$12,812,369","$1,334",52.1%,"9,606"
68496003,Polyp of colon,Condition,UnitedHealthcare,Commercial,"$12,630,801","$12,630,801","$13,310",23.2%,949
230265002,Familial Alzheimer's disease of early onset (disorder),Condition,Medicare,Government,"$12,218,971","$12,218,971","$2,194",5.9%,"5,568"
61804006,Alveolitis of jaw (disorder),Condition,Medicaid,Government,"$12,153,069","$12,153,069","$2,419",2.1%,"5,023"
37320007,Loss of teeth (disorder),Condition,Anthem,Commercial,"$12,117,238","$12,117,310","$1,005",31.8%,"12,060"
125605004,Fracture of bone (disorder),Condition,UnitedHealthcare,Commercial,"$12,083,290","$12,083,290","$1,307",33.4%,"9,247"
60234000,Aortic valve regurgitation (disorder),Condition,Medicare,Government,"$12,071,255","$12,071,255","$2,018",3.7%,"5,983"
86406008,Human immunodeficiency virus infection (disorder),Condition,Medicaid,Government,"$11,900,556","$11,900,556","$1,721",1.0%,"6,913"
37320007,Loss of teeth (disorder),Condition,NO_INSURANCE,Self-Pay / Uninsured,"$11,788,605","$11,788,605",$999,100.0%,"11,795"
49436004,Atrial fibrillation (disorder),Condition,Dual Eligible,Government,"$11,555,996","$11,555,996","$3,307",0.6%,"3,494"
431855005,Chronic kidney disease stage 1 (disorder),Condition,Medicare,Government,"$11,543,653","$11,543,653",$509,8.2%,"22,687"
444448004,Injury of medial collateral ligament of knee,Condition,Medicare,Government,"$11,360,140","$11,360,140","$9,081",3.5%,"1,251"
91302008,Sepsis (disorder),Condition,UnitedHealthcare,Commercial,"$11,250,709","$11,250,709","$11,285",20.0%,997
444470001,Injury of anterior cruciate ligament,Condition,Medicaid,Government,"$11,239,812","$11,239,812","$9,168",0.5%,"1,226"
64859006,Osteoporosis (disorder),Condition,Dual Eligible,Government,"$11,058,628","$11,058,628","$2,116",0.6%,"5,227"
254637007,Non-small cell lung cancer (disorder),Condition,Medicare,Government,"$10,972,564","$10,972,564","$6,213",2.4%,"1,766"
43878008,Streptococcal sore throat (disorder),Condition,Humana,Commercial,"$10,952,484","$10,952,484",$645,73.1%,"16,970"
67811000119102,Primary small cell malignant neoplasm of lung  TNM stage 1 (disorder),Condition,Humana,Commercial,"$10,919,793","$10,919,793","$6,006",0.7%,"1,818"
444814009,Viral sinusitis (disorder),Condition,Humana,Commercial,"$10,685,926","$10,685,926",$142,75.3%,"75,196"
271737000,Anemia (disorder),Condition,Cigna Health,Commercial,"$10,310,838","$10,310,838",$960,65.4%,"10,736"
271737000,Anemia (disorder),Condition,Medicare,Government,"$10,298,209","$10,298,209",$955,4.5%,"10,780"
67811000119102,Primary small cell malignant neoplasm of lung  TNM stage 1 (disorder),Condition,Aetna,Commercial,"$10,294,029","$10,294,029","$5,719",2.5%,"1,800"
88805009,Chronic congestive heart failure (disorder),Condition,NO_INSURANCE,Self-Pay / Uninsured,"$10,287,499","$10,287,499",$572,100.0%,"17,990"
94260004,Secondary malignant neoplasm of colon,Condition,Medicare,Government,"$10,248,754","$10,248,754","$4,637",2.2%,"2,210"
271737000,Anemia (disorder),Condition,Aetna,Commercial,"$10,116,755","$10,116,755",$983,67.6%,"10,293"
431856006,Chronic kidney disease stage 2 (disorder),Condition,Medicare,Government,"$10,058,014","$10,058,014",$454,6.9%,"22,133"
363406005,Malignant tumor of colon,Condition,Blue Cross Blue Shield,Commercial,"$10,023,479","$10,023,479","$5,900",2.9%,"1,699"
271737000,Anemia (disorder),Condition,Anthem,Commercial,"$10,004,073","$10,004,073",$974,27.7%,"10,269"
60573004,Aortic valve stenosis (disorder),Condition,Dual Eligible,Government,"$9,685,130","$9,685,130","$2,640",0.7%,"3,668"
87433001,Pulmonary emphysema (disorder),Condition,Medicaid,Government,"$9,502,740","$9,502,740","$6,678",1.0%,"1,423"
59621000,Essential hypertension (disorder),Condition,Humana,Commercial,"$9,448,915","$9,448,915",$217,91.8%,"43,627"
162864005,Body mass index 30+ - obesity (finding),Condition,Medicaid,Government,"$9,438,804","$9,438,804",$556,8.6%,"16,968"
6525002,Dependent drug abuse (disorder),Condition,Humana,Commercial,"$9,394,674","$9,394,674",$472,66.3%,"19,900"
444814009,Viral sinusitis (disorder),Condition,Cigna Health,Commercial,"$9,057,610","$9,057,610",$143,68.8%,"63,286"
86406008,Human immunodeficiency virus infection (disorder),Condition,Medicare,Government,"$8,997,093","$8,997,093","$1,842",4.9%,"4,884"
30832001,Rupture of patellar tendon,Condition,Medicare,Government,"$8,988,483","$8,988,483","$8,735",2.7%,"1,029"
156073000,Complete miscarriage (disorder),Condition,Medicaid,Government,"$8,959,675","$8,959,675","$1,396",3.8%,"6,418"
444814009,Viral sinusitis (disorder),Condition,Aetna,Commercial,"$8,932,447","$8,932,447",$144,77.3%,"62,156"
444470001,Injury of anterior cruciate ligament,Condition,Medicare,Government,"$8,895,956","$8,895,956","$8,905",3.0%,999
43878008,Streptococcal sore throat (disorder),Condition,Cigna Health,Commercial,"$8,776,109","$8,776,109",$639,65.4%,"13,739"
43878008,Streptococcal sore throat (disorder),Condition,Aetna,Commercial,"$8,711,716","$8,711,716",$624,75.6%,"13,971"
433144002,Chronic kidney disease stage 3 (disorder),Condition,Medicare,Government,"$8,552,756","$8,552,756",$421,5.8%,"20,298"
67811000119102,Primary small cell malignant neoplasm of lung  TNM stage 1 (disorder),Condition,Anthem,Commercial,"$8,526,018","$8,526,018","$5,584",1.7%,"1,527"
444814009,Viral sinusitis (disorder),Condition,Anthem,Commercial,"$8,377,662","$8,377,662",$142,47.9%,"59,001"
79586000,Tubal pregnancy,Condition,Medicaid,Government,"$8,313,417","$8,313,417","$3,366",1.6%,"2,470"
109838007,Overlapping malignant neoplasm of colon,Condition,Cigna Health,Commercial,"$8,286,466","$8,286,466","$7,168",6.1%,"1,156"
43878008,Streptococcal sore throat (disorder),Condition,Anthem,Commercial,"$8,269,503","$8,269,503",$630,37.4%,"13,116"
109838007,Overlapping malignant neoplasm of colon,Condition,NO_INSURANCE,Self-Pay / Uninsured,"$8,181,003","$8,181,003","$6,646",100.0%,"1,231"
37320007,Loss of teeth (disorder),Condition,Blue Cross Blue Shield,Commercial,"$8,099,577","$8,099,577","$1,040",52.5%,"7,789"
39898005,Sleep disorder (disorder),Condition,Medicare,Government,"$7,816,908","$7,816,908",$966,13.2%,"8,094"
363406005,Malignant tumor of colon,Condition,UnitedHealthcare,Commercial,"$7,801,416","$7,801,416","$5,924",5.3%,"1,317"
82423001,Chronic pain (finding),Condition,Medicare,Government,"$7,800,790","$7,800,790",$847,5.2%,"9,213"
59621000,Essential hypertension (disorder),Condition,Aetna,Commercial,"$7,737,190","$7,737,190",$214,92.1%,"36,098"
109838007,Overlapping malignant neoplasm of colon,Condition,Humana,Commercial,"$7,672,079","$7,672,079","$7,130",3.8%,"1,076"
59621000,Essential hypertension (disorder),Condition,Cigna Health,Commercial,"$7,637,048","$7,637,048",$212,89.2%,"36,021"
271737000,Anemia (disorder),Condition,NO_INSURANCE,Self-Pay / Uninsured,"$7,604,702","$7,604,702",$983,100.0%,"7,734"
74400008,Appendicitis,Condition,Humana,Commercial,"$7,512,366","$7,512,366","$6,128",50.3%,"1,226"
444814009,Viral sinusitis (disorder),Condition,NO_INSURANCE,Self-Pay / Uninsured,"$7,477,057","$7,477,057",$143,100.0%,"52,230"
384709000,Sprain (morphologic abnormality),Condition,Medicaid,Government,"$7,458,374","$7,458,374",$156,40.1%,"47,903"
22298006,Myocardial infarction (disorder),Condition,Humana,Commercial,"$7,458,102","$7,458,102","$3,635",46.4%,"2,052"
37320007,Loss of teeth (disorder),Condition,UnitedHealthcare,Commercial,"$7,434,689","$7,434,689","$1,043",31.2%,"7,127"
185086009,Chronic obstructive bronchitis (disorder),Condition,Medicaid,Government,"$7,425,001","$7,425,001","$6,519",0.8%,"1,139"
241929008,Acute allergic reaction,Condition,Medicaid,Government,"$7,363,618","$7,363,618","$1,234",3.1%,"5,967"
195662009,Acute viral pharyngitis (disorder),Condition,Dual Eligible,Government,"$7,350,436","$7,350,436",$374,9.3%,"19,634"
59621000,Essential hypertension (disorder),Condition,Anthem,Commercial,"$7,334,521","$7,334,521",$216,74.5%,"33,949"
22298006,Myocardial infarction (disorder),Condition,Cigna Health,Commercial,"$7,251,745","$7,251,745","$3,631",36.8%,"1,997"
271737000,Anemia (disorder),Condition,Blue Cross Blue Shield,Commercial,"$7,250,676","$7,250,676","$1,028",61.3%,"7,055"
401314000,Acute non-ST segment elevation myocardial infarction (disorder),Condition,Humana,Commercial,"$7,235,322","$7,235,322","$2,770",6.1%,"2,612"
109838007,Overlapping malignant neoplasm of colon,Condition,Aetna,Commercial,"$7,234,613","$7,234,613","$7,278",3.7%,994
109838007,Overlapping malignant neoplasm of colon,Condition,Anthem,Commercial,"$7,124,468","$7,124,468","$7,391",8.9%,964
43878008,Streptococcal sore throat (disorder),Condition,NO_INSURANCE,Self-Pay / Uninsured,"$7,106,134","$7,106,134",$608,100.0%,"11,679"
55822004,Hyperlipidemia,Condition,Dual Eligible,Government,"$7,086,538","$7,086,538",$49,36.4%,"145,566"
22298006,Myocardial infarction (disorder),Condition,Aetna,Commercial,"$7,039,626","$7,039,626","$3,595",49.9%,"1,958"
22298006,Myocardial infarction (disorder),Condition,Anthem,Commercial,"$7,004,340","$7,004,340","$3,720",21.8%,"1,883"
64859006,Osteoporosis (disorder),Condition,Medicaid,Government,"$7,002,284","$7,002,284","$2,234",1.2%,"3,134"
444448004,Injury of medial collateral ligament of knee,Condition,Humana,Commercial,"$6,909,202","$6,909,202","$9,249",45.4%,747
55822004,Hyperlipidemia,Condition,Medicaid,Government,"$6,769,116","$6,769,116",$56,47.4%,"121,086"
80583007,Severe anxiety (panic) (finding),Condition,Medicare,Government,"$6,751,485","$6,751,485",$455,5.9%,"14,845"
15777000,Prediabetes,Condition,Medicaid,Government,"$6,669,097","$6,669,097",$567,8.8%,"11,753"
271737000,Anemia (disorder),Condition,UnitedHealthcare,Commercial,"$6,648,622","$6,648,622","$1,036",26.1%,"6,420"
74400008,Appendicitis,Condition,Aetna,Commercial,"$6,638,653","$6,638,653","$5,949",51.8%,"1,116"
43878008,Streptococcal sore throat (disorder),Condition,Blue Cross Blue Shield,Commercial,"$6,499,993","$6,499,993",$574,65.1%,"11,323"
444814009,Viral sinusitis (disorder),Condition,Blue Cross Blue Shield,Commercial,"$6,447,456","$6,447,456",$143,68.7%,"45,217"
74400008,Appendicitis,Condition,Medicare,Government,"$6,420,217","$6,420,217","$6,068",3.4%,"1,058"
401314000,Acute non-ST segment elevation myocardial infarction (disorder),Condition,Anthem,Commercial,"$6,361,483","$6,361,483","$2,631",17.5%,"2,418"
22298006,Myocardial infarction (disorder),Condition,NO_INSURANCE,Self-Pay / Uninsured,"$6,282,657","$6,282,657","$3,528",100.0%,"1,781"
401314000,Acute non-ST segment elevation myocardial infarction (disorder),Condition,Cigna Health,Commercial,"$6,230,664","$6,230,664","$2,643",13.8%,"2,357"
30832001,Rupture of patellar tendon,Condition,Humana,Commercial,"$6,213,984","$6,213,984","$9,694",44.7%,641
67811000119102,Primary small cell malignant neoplasm of lung  TNM stage 1 (disorder),Condition,UnitedHealthcare,Commercial,"$6,207,292","$6,207,292","$5,648",1.1%,"1,099"
43878008,Streptococcal sore throat (disorder),Condition,UnitedHealthcare,Commercial,"$6,156,222","$6,156,222",$573,37.9%,"10,736"
55680006,Drug overdose,Condition,Medicaid,Government,"$6,138,359","$6,138,359",$122,52.2%,"50,349"
840544004,Suspected COVID-19,Condition,Medicaid,Government,"$6,130,643","$6,130,643",$162,34.6%,"37,945"
444448004,Injury of medial collateral ligament of knee,Condition,Cigna Health,Commercial,"$6,105,952","$6,105,952","$9,351",34.6%,653
74400008,Appendicitis,Condition,Cigna Health,Commercial,"$6,019,282","$6,019,282","$6,117",40.1%,984
86406008,Human immunodeficiency virus infection (disorder),Condition,Humana,Commercial,"$5,984,804","$5,984,804","$1,899",60.9%,"3,151"
444814009,Viral sinusitis (disorder),Condition,UnitedHealthcare,Commercial,"$5,934,109","$5,934,109",$141,49.9%,"42,001"
91302008,Sepsis (disorder),Condition,Dual Eligible,Government,"$5,927,284","$5,927,284","$10,777",0.2%,550
94260004,Secondary malignant neoplasm of colon,Condition,Medicaid,Government,"$5,831,719","$5,831,719","$4,614",0.5%,"1,264"
88805009,Chronic congestive heart failure (disorder),Condition,Humana,Commercial,"$5,827,971","$5,827,971","$1,058",31.5%,"5,506"
74400008,Appendicitis,Condition,Anthem,Commercial,"$5,801,714","$5,801,714","$5,944",21.8%,976
162864005,Body mass index 30+ - obesity (finding),Condition,Medicare,Government,"$5,778,810","$5,778,810",$785,10.1%,"7,360"
401314000,Acute non-ST segment elevation myocardial infarction (disorder),Condition,Aetna,Commercial,"$5,717,330","$5,717,330","$2,531",9.7%,"2,259"
46752004,Torus palatinus (disorder),Condition,Medicare,Government,"$5,540,629","$5,540,629","$2,218",2.9%,"2,498"
88805009,Chronic congestive heart failure (disorder),Condition,Cigna Health,Commercial,"$5,522,185","$5,522,185",$936,27.9%,"5,901"
401314000,Acute non-ST segment elevation myocardial infarction (disorder),Condition,NO_INSURANCE,Self-Pay / Uninsured,"$5,499,682","$5,499,682","$2,550",100.0%,"2,157"
59621000,Essential hypertension (disorder),Condition,NO_INSURANCE,Self-Pay / Uninsured,"$5,498,183","$5,498,183",$209,100.0%,"26,265"
233604007,Pneumonia (disorder),Condition,Medicare,Government,"$5,482,656","$5,482,656","$1,275",5.6%,"4,300"
444814009,Viral sinusitis (disorder),Condition,Dual Eligible,Government,"$5,477,378","$5,477,378",$133,26.2%,"41,101"
59621000,Essential hypertension (disorder),Condition,Dual Eligible,Government,"$5,462,405","$5,462,405",$321,5.5%,"17,014"
74400008,Appendicitis,Condition,NO_INSURANCE,Self-Pay / Uninsured,"$5,438,057","$5,438,057","$6,029",100.0%,902
128613002,Seizure disorder,Condition,Dual Eligible,Government,"$5,400,194","$5,400,194","$5,776",0.5%,935
444470001,Injury of anterior cruciate ligament,Condition,Humana,Commercial,"$5,375,825","$5,375,825","$9,549",43.9%,563
444448004,Injury of medial collateral ligament of knee,Condition,Aetna,Commercial,"$5,337,827","$5,337,827","$9,235",47.2%,578
36971009,Sinusitis (disorder),Condition,Medicaid,Government,"$5,322,649","$5,322,649",$240,23.2%,"22,224"
43878008,Streptococcal sore throat (disorder),Condition,Dual Eligible,Government,"$5,260,865","$5,260,865",$737,4.5%,"7,142"
88805009,Chronic congestive heart failure (disorder),Condition,Aetna,Commercial,"$5,253,379","$5,253,379",$906,33.4%,"5,798"
444448004,Injury of medial collateral ligament of knee,Condition,Anthem,Commercial,"$5,238,417","$5,238,417","$9,174",20.2%,571
237602007,Metabolic syndrome X (disorder),Condition,Medicare,Government,"$5,230,951","$5,230,951",$572,8.6%,"9,150"
59621000,Essential hypertension (disorder),Condition,Blue Cross Blue Shield,Commercial,"$5,222,958","$5,222,958",$218,87.8%,"23,984"
444448004,Injury of medial collateral ligament of knee,Condition,NO_INSURANCE,Self-Pay / Uninsured,"$5,211,931","$5,211,931","$9,374",100.0%,556
86406008,Human immunodeficiency virus infection (disorder),Condition,Cigna Health,Commercial,"$5,184,484","$5,184,484","$1,863",52.0%,"2,783"
61804006,Alveolitis of jaw (disorder),Condition,Dual Eligible,Government,"$5,183,027","$5,183,027","$2,382",1.5%,"2,176"
401303003,Acute ST segment elevation myocardial infarction (disorder),Condition,Aetna,Commercial,"$5,158,957","$5,158,957","$2,596",11.0%,"1,987"
10939881000119105,Unhealthy alcohol drinking behavior (finding),Condition,Medicare,Government,"$5,115,504","$5,115,504",$507,6.5%,"10,081"
88805009,Chronic congestive heart failure (disorder),Condition,Anthem,Commercial,"$5,066,185","$5,066,185",$952,20.1%,"5,322"
401303003,Acute ST segment elevation myocardial infarction (disorder),Condition,Cigna Health,Commercial,"$5,065,899","$5,065,899","$2,598",17.9%,"1,950"
126906006,Neoplasm of prostate,Condition,Dual Eligible,Government,"$5,062,696","$5,062,696","$2,928",0.8%,"1,729"
61804006,Alveolitis of jaw (disorder),Condition,Humana,Commercial,"$5,045,163","$5,045,163","$2,633",30.0%,"1,916"
49436004,Atrial fibrillation (disorder),Condition,Medicaid,Government,"$5,026,768","$5,026,768","$3,457",1.0%,"1,454"
401303003,Acute ST segment elevation myocardial infarction (disorder),Condition,Humana,Commercial,"$4,974,262","$4,974,262","$2,588",11.6%,"1,922"
162864005,Body mass index 30+ - obesity (finding),Condition,Humana,Commercial,"$4,973,808","$4,973,808",$594,89.4%,"8,367"
74400008,Appendicitis,Condition,Blue Cross Blue Shield,Commercial,"$4,931,628","$4,931,628","$6,165",39.8%,800
30832001,Rupture of patellar tendon,Condition,Aetna,Commercial,"$4,913,520","$4,913,520","$9,377",46.2%,524
4557003,Preinfarction syndrome (disorder),Condition,Medicare,Government,"$4,897,791","$4,897,791","$2,662",3.0%,"1,840"
190905008,Cystic Fibrosis,Condition,Medicare,Government,"$4,846,747","$4,846,747","$4,719",5.7%,"1,027"
86406008,Human immunodeficiency virus infection (disorder),Condition,Anthem,Commercial,"$4,839,418","$4,839,418","$1,862",31.9%,"2,599"
60234000,Aortic valve regurgitation (disorder),Condition,Medicaid,Government,"$4,826,051","$4,826,051","$1,469",1.5%,"3,285"
86406008,Human immunodeficiency virus infection (disorder),Condition,Aetna,Commercial,"$4,772,937","$4,772,937","$1,842",61.1%,"2,591"
196416002,Impacted molars,Condition,Humana,Commercial,"$4,768,796","$4,768,796","$6,044",44.8%,789
30832001,Rupture of patellar tendon,Condition,Cigna Health,Commercial,"$4,738,308","$4,738,308","$9,670",35.0%,490
60573004,Aortic valve stenosis (disorder),Condition,Medicaid,Government,"$4,721,742","$4,721,742","$1,657",1.3%,"2,849"
30832001,Rupture of patellar tendon,Condition,Anthem,Commercial,"$4,661,559","$4,661,559","$9,398",19.9%,496
65275009,Acute Cholecystitis,Condition,Medicare,Government,"$4,654,103","$4,654,103",$885,3.5%,"5,258"
6525002,Dependent drug abuse (disorder),Condition,Blue Cross Blue Shield,Commercial,"$4,651,824","$4,651,824",$466,58.6%,"9,991"
65363002,Otitis media,Condition,Humana,Commercial,"$4,614,033","$4,614,033",$172,92.1%,"26,878"
128188000,Cerebral palsy (disorder),Condition,Medicare,Government,"$4,612,598","$4,612,598",$565,12.8%,"8,168"
75498004,Acute bacterial sinusitis (disorder),Condition,Medicaid,Government,"$4,602,875","$4,602,875",$229,24.1%,"20,069"
59621000,Essential hypertension (disorder),Condition,UnitedHealthcare,Commercial,"$4,534,670","$4,534,670",$218,74.3%,"20,805"
444448004,Injury of medial collateral ligament of knee,Condition,Blue Cross Blue Shield,Commercial,"$4,515,698","$4,515,698","$9,903",35.4%,456
109838007,Overlapping malignant neoplasm of colon,Condition,Blue Cross Blue Shield,Commercial,"$4,444,447","$4,444,447","$7,825",6.3%,568
401303003,Acute ST segment elevation myocardial infarction (disorder),Condition,NO_INSURANCE,Self-Pay / Uninsured,"$4,404,670","$4,404,670","$2,585",100.0%,"1,704"
74400008,Appendicitis,Condition,UnitedHealthcare,Commercial,"$4,403,816","$4,403,816","$6,066",21.8%,726
61804006,Alveolitis of jaw (disorder),Condition,Aetna,Commercial,"$4,381,137","$4,381,137","$2,553",30.3%,"1,716"
86406008,Human immunodeficiency virus infection (disorder),Condition,NO_INSURANCE,Self-Pay / Uninsured,"$4,319,008","$4,319,008","$1,843",100.0%,"2,344"
431855005,Chronic kidney disease stage 1 (disorder),Condition,Medicaid,Government,"$4,311,693","$4,311,693",$351,9.9%,"12,269"
263172003,Fracture of mandible (disorder),Condition,Medicaid,Government,"$4,232,141","$4,232,141","$1,692",3.2%,"2,501"
384709000,Sprain (morphologic abnormality),Condition,Medicare,Government,"$4,204,217","$4,204,217",$171,19.5%,"24,583"
61804006,Alveolitis of jaw (disorder),Condition,Cigna Health,Commercial,"$4,201,236","$4,201,236","$2,543",24.9%,"1,652"
35999006,Blighted ovum,Condition,Medicaid,Government,"$4,118,157","$4,118,157","$1,380",3.8%,"2,985"
109838007,Overlapping malignant neoplasm of colon,Condition,UnitedHealthcare,Commercial,"$4,117,044","$4,117,044","$8,073",9.9%,510
61804006,Alveolitis of jaw (disorder),Condition,Anthem,Commercial,"$4,102,301","$4,102,301","$2,528",18.4%,"1,623"
162864005,Body mass index 30+ - obesity (finding),Condition,Cigna Health,Commercial,"$4,087,607","$4,087,607",$584,90.0%,"6,998"
230265002,Familial Alzheimer's disease of early onset (disorder),Condition,Dual Eligible,Government,"$4,086,351","$4,086,351","$2,258",1.2%,"1,810"
156073000,Complete miscarriage (disorder),Condition,Humana,Commercial,"$4,055,855","$4,055,855","$1,462",11.5%,"2,774"
401303003,Acute ST segment elevation myocardial infarction (disorder),Condition,Anthem,Commercial,"$4,055,237","$4,055,237","$2,503",18.6%,"1,620"
22298006,Myocardial infarction (disorder),Condition,UnitedHealthcare,Commercial,"$4,047,428","$4,047,428","$3,601",22.1%,"1,124"
162864005,Body mass index 30+ - obesity (finding),Condition,Aetna,Commercial,"$4,026,042","$4,026,042",$584,91.3%,"6,895"
444470001,Injury of anterior cruciate ligament,Condition,Cigna Health,Commercial,"$4,014,197","$4,014,197","$9,186",34.7%,437
6525002,Dependent drug abuse (disorder),Condition,UnitedHealthcare,Commercial,"$4,002,137","$4,002,137",$468,35.5%,"8,545"
233678006,Childhood asthma,Condition,Medicaid,Government,"$3,997,333","$3,997,333",$174,37.2%,"22,946"
30832001,Rupture of patellar tendon,Condition,NO_INSURANCE,Self-Pay / Uninsured,"$3,990,714","$3,990,714","$9,878",100.0%,404
840544004,Suspected COVID-19,Condition,Medicare,Government,"$3,990,195","$3,990,195",$173,15.7%,"23,120"
93761005,Primary malignant neoplasm of colon,Condition,Dual Eligible,Government,"$3,972,869","$3,972,869","$7,426",0.4%,535
22298006,Myocardial infarction (disorder),Condition,Blue Cross Blue Shield,Commercial,"$3,939,719","$3,939,719","$3,631",37.7%,"1,085"
87433001,Pulmonary emphysema (disorder),Condition,NO_INSURANCE,Self-Pay / Uninsured,"$3,939,337","$3,939,337","$8,715",100.0%,452
162864005,Body mass index 30+ - obesity (finding),Condition,Anthem,Commercial,"$3,913,622","$3,913,622",$577,78.9%,"6,782"
307731004,Injury of tendon of the rotator cuff of shoulder,Condition,Medicaid,Government,"$3,912,837","$3,912,837","$1,437",3.9%,"2,722"
26929004,Alzheimer's disease (disorder),Condition,Medicaid,Government,"$3,906,662","$3,906,662","$2,498",2.3%,"1,564"
46752004,Torus palatinus (disorder),Condition,Medicaid,Government,"$3,891,256","$3,891,256","$2,065",2.5%,"1,884"
444448004,Injury of medial collateral ligament of knee,Condition,UnitedHealthcare,Commercial,"$3,877,382","$3,877,382","$9,457",20.0%,410
128613002,Seizure disorder,Condition,Humana,Commercial,"$3,868,996","$3,868,996","$5,145",52.2%,752
444470001,Injury of anterior cruciate ligament,Condition,Aetna,Commercial,"$3,812,251","$3,812,251","$8,704",45.0%,438
65363002,Otitis media,Condition,Blue Cross Blue Shield,Commercial,"$3,788,590","$3,788,590",$171,86.4%,"22,094"
82423001,Chronic pain (finding),Condition,Dual Eligible,Government,"$3,761,098","$3,761,098",$645,5.4%,"5,833"
401314000,Acute non-ST segment elevation myocardial infarction (disorder),Condition,UnitedHealthcare,Commercial,"$3,754,444","$3,754,444","$2,667",18.4%,"1,408"
65363002,Otitis media,Condition,Aetna,Commercial,"$3,754,138","$3,754,138",$175,92.6%,"21,496"
254637007,Non-small cell lung cancer (disorder),Condition,Medicaid,Government,"$3,753,269","$3,753,269","$10,089",0.1%,372
1255252008,Resorption of alveolar process due to dental trauma (disorder),Condition,Medicare,Government,"$3,748,205","$3,748,205","$2,054",3.1%,"1,825"
254637007,Non-small cell lung cancer (disorder),Condition,Dual Eligible,Government,"$3,742,897","$3,742,897","$6,409",0.2%,584
61804006,Alveolitis of jaw (disorder),Condition,NO_INSURANCE,Self-Pay / Uninsured,"$3,726,558","$3,726,558","$2,532",100.0%,"1,472"
79586000,Tubal pregnancy,Condition,Humana,Commercial,"$3,709,041","$3,709,041","$3,605",8.8%,"1,029"
65363002,Otitis media,Condition,UnitedHealthcare,Commercial,"$3,706,171","$3,706,171",$171,60.9%,"21,718"
368581000119106,Neuropathy due to type 2 diabetes mellitus (disorder),Condition,Medicare,Government,"$3,694,896","$3,694,896","$1,419",6.1%,"2,604"
15777000,Prediabetes,Condition,Medicare,Government,"$3,684,617","$3,684,617",$842,9.8%,"4,374"
65363002,Otitis media,Condition,NO_INSURANCE,Self-Pay / Uninsured,"$3,682,761","$3,682,761",$172,100.0%,"21,417"
237602007,Metabolic syndrome X (disorder),Condition,Medicaid,Government,"$3,656,678","$3,656,678",$344,8.7%,"10,615"
36971009,Sinusitis (disorder),Condition,Medicare,Government,"$3,597,282","$3,597,282",$241,8.5%,"14,949"
431856006,Chronic kidney disease stage 2 (disorder),Condition,Medicaid,Government,"$3,584,381","$3,584,381",$325,10.4%,"11,041"
65363002,Otitis media,Condition,Cigna Health,Commercial,"$3,573,765","$3,573,765",$171,85.7%,"20,903"
444470001,Injury of anterior cruciate ligament,Condition,NO_INSURANCE,Self-Pay / Uninsured,"$3,564,367","$3,564,367","$8,823",100.0%,404
431855005,Chronic kidney disease stage 1 (disorder),Condition,Dual Eligible,Government,"$3,500,181","$3,500,181",$456,3.9%,"7,678"
444470001,Injury of anterior cruciate ligament,Condition,Anthem,Commercial,"$3,482,799","$3,482,799","$9,070",19.6%,384
80583007,Severe anxiety (panic) (finding),Condition,Medicaid,Government,"$3,475,026","$3,475,026",$470,8.6%,"7,386"
401303003,Acute ST segment elevation myocardial infarction (disorder),Condition,Blue Cross Blue Shield,Commercial,"$3,452,120","$3,452,120","$3,060",18.6%,"1,128"
401314000,Acute non-ST segment elevation myocardial infarction (disorder),Condition,Blue Cross Blue Shield,Commercial,"$3,434,325","$3,434,325","$2,745",17.9%,"1,251"
65363002,Otitis media,Condition,Anthem,Commercial,"$3,408,578","$3,408,578",$170,61.1%,"20,030"
444470001,Injury of anterior cruciate ligament,Condition,Blue Cross Blue Shield,Commercial,"$3,405,180","$3,405,180","$9,459",35.1%,360
30832001,Rupture of patellar tendon,Condition,UnitedHealthcare,Commercial,"$3,387,122","$3,387,122","$9,435",19.2%,359
195967001,Asthma,Condition,Medicaid,Government,"$3,373,281","$3,373,281",$123,56.4%,"27,400"
88805009,Chronic congestive heart failure (disorder),Condition,Blue Cross Blue Shield,Commercial,"$3,352,148","$3,352,148","$1,001",27.9%,"3,348"
86406008,Human immunodeficiency virus infection (disorder),Condition,Blue Cross Blue Shield,Commercial,"$3,335,824","$3,335,824","$1,850",53.7%,"1,803"
81629009,Traumatic dislocation of temporomandibular joint (disorder),Condition,Medicaid,Government,"$3,305,128","$3,305,128","$1,313",4.3%,"2,517"
263172003,Fracture of mandible (disorder),Condition,Medicare,Government,"$3,303,623","$3,303,623","$2,307",3.6%,"1,432"
444448004,Injury of medial collateral ligament of knee,Condition,Dual Eligible,Government,"$3,302,656","$3,302,656","$8,807",0.3%,375
185086009,Chronic obstructive bronchitis (disorder),Condition,NO_INSURANCE,Self-Pay / Uninsured,"$3,301,986","$3,301,986","$9,381",100.0%,352
128613002,Seizure disorder,Condition,Aetna,Commercial,"$3,284,015","$3,284,015","$4,924",51.4%,667
87433001,Pulmonary emphysema (disorder),Condition,Cigna Health,Commercial,"$3,211,667","$3,211,667","$6,581",40.7%,488
75498004,Acute bacterial sinusitis (disorder),Condition,Medicare,Government,"$3,205,372","$3,205,372",$243,8.2%,"13,167"
271737000,Anemia (disorder),Condition,Dual Eligible,Government,"$3,188,485","$3,188,485",$922,0.7%,"3,459"
30832001,Rupture of patellar tendon,Condition,Blue Cross Blue Shield,Commercial,"$3,186,550","$3,186,550","$9,183",34.8%,347
39898005,Sleep disorder (disorder),Condition,Medicaid,Government,"$3,182,559","$3,182,559",$927,6.1%,"3,435"
431856006,Chronic kidney disease stage 2 (disorder),Condition,Dual Eligible,Government,"$3,157,634","$3,157,634",$424,4.3%,"7,442"
64859006,Osteoporosis (disorder),Condition,Humana,Commercial,"$3,127,411","$3,127,411","$2,451",56.4%,"1,276"
128613002,Seizure disorder,Condition,Anthem,Commercial,"$3,088,802","$3,088,802","$4,926",23.0%,627
45816000,Pyelonephritis,Condition,Medicaid,Government,"$3,075,255","$3,075,255","$2,380",2.5%,"1,292"
384709000,Sprain (morphologic abnormality),Condition,Humana,Commercial,"$3,067,825","$3,067,825",$171,80.3%,"17,950"
60234000,Aortic valve regurgitation (disorder),Condition,Dual Eligible,Government,"$3,064,001","$3,064,001","$1,849",0.7%,"1,657"
128613002,Seizure disorder,Condition,Blue Cross Blue Shield,Commercial,"$3,053,197","$3,053,197","$5,228",39.1%,584
128613002,Seizure disorder,Condition,Cigna Health,Commercial,"$3,034,897","$3,034,897","$5,000",41.3%,607
156073000,Complete miscarriage (disorder),Condition,Aetna,Commercial,"$2,986,973","$2,986,973","$1,437",10.8%,"2,079"
88805009,Chronic congestive heart failure (disorder),Condition,UnitedHealthcare,Commercial,"$2,986,282","$2,986,282",$912,18.9%,"3,273"
94260004,Secondary malignant neoplasm of colon,Condition,Dual Eligible,Government,"$2,939,776","$2,939,776","$4,461",0.3%,659
79586000,Tubal pregnancy,Condition,Anthem,Commercial,"$2,927,848","$2,927,848","$3,793",17.9%,772
94260004,Secondary malignant neoplasm of colon,Condition,Humana,Commercial,"$2,921,128","$2,921,128","$5,430",2.5%,538
55822004,Hyperlipidemia,Condition,Humana,Commercial,"$2,890,057","$2,890,057",$59,79.7%,"48,972"
195967001,Asthma,Condition,Medicare,Government,"$2,874,584","$2,874,584",$121,30.8%,"23,800"
64859006,Osteoporosis (disorder),Condition,Cigna Health,Commercial,"$2,861,142","$2,861,142","$2,443",45.2%,"1,171"
61804006,Alveolitis of jaw (disorder),Condition,Blue Cross Blue Shield,Commercial,"$2,855,350","$2,855,350","$2,615",24.9%,"1,092"
86406008,Human immunodeficiency virus infection (disorder),Condition,Dual Eligible,Government,"$2,851,078","$2,851,078","$1,792",0.1%,"1,591"
86406008,Human immunodeficiency virus infection (disorder),Condition,UnitedHealthcare,Commercial,"$2,847,603","$2,847,603","$1,830",32.4%,"1,556"
162864005,Body mass index 30+ - obesity (finding),Condition,NO_INSURANCE,Self-Pay / Uninsured,"$2,844,419","$2,844,419",$585,100.0%,"4,861"
156073000,Complete miscarriage (disorder),Condition,Anthem,Commercial,"$2,843,078","$2,843,078","$1,456",18.7%,"1,952"
128613002,Seizure disorder,Condition,UnitedHealthcare,Commercial,"$2,835,603","$2,835,603","$5,100",22.0%,556
44054006,Diabetes mellitus type 2 (disorder),Condition,Medicare,Government,"$2,817,734","$2,817,734",$734,9.3%,"3,841"
433144002,Chronic kidney disease stage 3 (disorder),Condition,Medicaid,Government,"$2,817,513","$2,817,513",$329,9.7%,"8,562"
156073000,Complete miscarriage (disorder),Condition,Cigna Health,Commercial,"$2,789,491","$2,789,491","$1,414",14.1%,"1,973"
307731004,Injury of tendon of the rotator cuff of shoulder,Condition,Medicare,Government,"$2,771,572","$2,771,572","$1,463",3.7%,"1,895"
64859006,Osteoporosis (disorder),Condition,Aetna,Commercial,"$2,751,086","$2,751,086","$2,320",58.2%,"1,186"
433144002,Chronic kidney disease stage 3 (disorder),Condition,Dual Eligible,Government,"$2,747,684","$2,747,684",$393,5.0%,"6,990"
401303003,Acute ST segment elevation myocardial infarction (disorder),Condition,UnitedHealthcare,Commercial,"$2,732,725","$2,732,725","$2,605",18.9%,"1,049"
444470001,Injury of anterior cruciate ligament,Condition,UnitedHealthcare,Commercial,"$2,730,911","$2,730,911","$10,504",20.4%,260
30832001,Rupture of patellar tendon,Condition,Dual Eligible,Government,"$2,724,065","$2,724,065","$8,787",0.3%,310
10939881000119105,Unhealthy alcohol drinking behavior (finding),Condition,Medicaid,Government,"$2,703,018","$2,703,018",$413,9.2%,"6,542"
55680006,Drug overdose,Condition,Medicare,Government,"$2,695,935","$2,695,935",$120,24.1%,"22,474"
87433001,Pulmonary emphysema (disorder),Condition,Humana,Commercial,"$2,692,847","$2,692,847","$4,783",58.8%,563
162864005,Body mass index 30+ - obesity (finding),Condition,Blue Cross Blue Shield,Commercial,"$2,678,242","$2,678,242",$581,88.1%,"4,612"
156073000,Complete miscarriage (disorder),Condition,NO_INSURANCE,Self-Pay / Uninsured,"$2,652,026","$2,652,026","$1,445",100.0%,"1,835"
55822004,Hyperlipidemia,Condition,Aetna,Commercial,"$2,648,687","$2,648,687",$58,81.3%,"45,642"
48333001,Burn injury (morphologic abnormality),Condition,Medicaid,Government,"$2,641,636","$2,641,636",$169,33.0%,"15,670"
94260004,Secondary malignant neoplasm of colon,Condition,Aetna,Commercial,"$2,635,530","$2,635,530","$5,088",3.0%,518
263172003,Fracture of mandible (disorder),Condition,Humana,Commercial,"$2,620,757","$2,620,757","$1,839",52.8%,"1,425"
15777000,Prediabetes,Condition,Humana,Commercial,"$2,605,578","$2,605,578",$636,89.5%,"4,099"
64859006,Osteoporosis (disorder),Condition,NO_INSURANCE,Self-Pay / Uninsured,"$2,600,395","$2,600,395","$2,410",100.0%,"1,079"
55822004,Hyperlipidemia,Condition,Cigna Health,Commercial,"$2,593,612","$2,593,612",$57,74.7%,"45,864"
61804006,Alveolitis of jaw (disorder),Condition,UnitedHealthcare,Commercial,"$2,590,063","$2,590,063","$2,624",18.2%,987
128613002,Seizure disorder,Condition,NO_INSURANCE,Self-Pay / Uninsured,"$2,580,420","$2,580,420","$4,752",100.0%,543
125601008,Injury of knee (disorder),Condition,Medicaid,Government,"$2,580,048","$2,580,048",$393,16.0%,"6,567"
94260004,Secondary malignant neoplasm of colon,Condition,Anthem,Commercial,"$2,560,427","$2,560,427","$4,991",7.5%,513
64859006,Osteoporosis (disorder),Condition,Anthem,Commercial,"$2,542,998","$2,542,998","$2,471",26.2%,"1,029"
79586000,Tubal pregnancy,Condition,Cigna Health,Commercial,"$2,506,992","$2,506,992","$3,406",12.7%,736
36971009,Sinusitis (disorder),Condition,Humana,Commercial,"$2,480,724","$2,480,724",$261,61.4%,"9,497"
444470001,Injury of anterior cruciate ligament,Condition,Dual Eligible,Government,"$2,437,799","$2,437,799","$8,675",0.3%,281
1255252008,Resorption of alveolar process due to dental trauma (disorder),Condition,Medicaid,Government,"$2,434,652","$2,434,652","$1,940",2.6%,"1,255"
79586000,Tubal pregnancy,Condition,Medicare,Government,"$2,415,507","$2,415,507","$3,573",3.2%,676
49436004,Atrial fibrillation (disorder),Condition,NO_INSURANCE,Self-Pay / Uninsured,"$2,414,439","$2,414,439","$3,901",100.0%,619
79586000,Tubal pregnancy,Condition,Aetna,Commercial,"$2,413,315","$2,413,315","$3,544",8.6%,681
384709000,Sprain (morphologic abnormality),Condition,Aetna,Commercial,"$2,408,376","$2,408,376",$170,82.1%,"14,197"
55822004,Hyperlipidemia,Condition,Anthem,Commercial,"$2,407,372","$2,407,372",$56,57.4%,"43,046"
49436004,Atrial fibrillation (disorder),Condition,Humana,Commercial,"$2,405,638","$2,405,638","$3,843",45.4%,626
384709000,Sprain (morphologic abnormality),Condition,Cigna Health,Commercial,"$2,396,375","$2,396,375",$167,73.5%,"14,381"
254632001,Small cell carcinoma of lung (disorder),Condition,Medicare,Government,"$2,396,276","$2,396,276","$6,886",2.2%,348
65275009,Acute Cholecystitis,Condition,Medicaid,Government,"$2,391,761","$2,391,761",$842,1.2%,"2,841"
162864005,Body mass index 30+ - obesity (finding),Condition,UnitedHealthcare,Commercial,"$2,385,323","$2,385,323",$596,78.1%,"4,004"
156073000,Complete miscarriage (disorder),Condition,Medicare,Government,"$2,371,874","$2,371,874","$1,479",3.0%,"1,604"
79586000,Tubal pregnancy,Condition,NO_INSURANCE,Self-Pay / Uninsured,"$2,362,531","$2,362,531","$3,537",100.0%,668
156073000,Complete miscarriage (disorder),Condition,Blue Cross Blue Shield,Commercial,"$2,343,130","$2,343,130","$1,552",14.6%,"1,510"
15777000,Prediabetes,Condition,Cigna Health,Commercial,"$2,339,449","$2,339,449",$600,89.4%,"3,901"
241929008,Acute allergic reaction,Condition,Medicare,Government,"$2,314,007","$2,314,007","$1,315",4.9%,"1,760"
384709000,Sprain (morphologic abnormality),Condition,Anthem,Commercial,"$2,293,172","$2,293,172",$168,56.4%,"13,689"
55680006,Drug overdose,Condition,Dual Eligible,Government,"$2,276,276","$2,276,276",$122,28.4%,"18,732"
55822004,Hyperlipidemia,Condition,NO_INSURANCE,Self-Pay / Uninsured,"$2,229,914","$2,229,914",$57,99.9%,"39,346"
39898005,Sleep disorder (disorder),Condition,Dual Eligible,Government,"$2,228,721","$2,228,721",$905,2.5%,"2,463"
840544004,Suspected COVID-19,Condition,Humana,Commercial,"$2,198,495","$2,198,495",$151,79.0%,"14,578"
15777000,Prediabetes,Condition,Aetna,Commercial,"$2,198,313","$2,198,313",$601,92.3%,"3,657"
65363002,Otitis media,Condition,Medicare,Government,"$2,197,974","$2,197,974",$172,17.1%,"12,750"
87433001,Pulmonary emphysema (disorder),Condition,Aetna,Commercial,"$2,182,395","$2,182,395","$4,796",59.2%,455
49436004,Atrial fibrillation (disorder),Condition,Cigna Health,Commercial,"$2,174,344","$2,174,344","$3,842",37.3%,566
15777000,Prediabetes,Condition,Anthem,Commercial,"$2,168,395","$2,168,395",$601,76.2%,"3,606"
90460009,Injury of neck (disorder),Condition,Medicaid,Government,"$2,145,032","$2,145,032",$157,39.8%,"13,660"
80583007,Severe anxiety (panic) (finding),Condition,Dual Eligible,Government,"$2,138,083","$2,138,083",$419,4.4%,"5,107"
79586000,Tubal pregnancy,Condition,UnitedHealthcare,Commercial,"$2,123,134","$2,123,134","$3,617",18.1%,587
87433001,Pulmonary emphysema (disorder),Condition,Anthem,Commercial,"$2,121,686","$2,121,686","$4,822",25.8%,440
94260004,Secondary malignant neoplasm of colon,Condition,Cigna Health,Commercial,"$2,111,242","$2,111,242","$4,865",5.3%,434
156073000,Complete miscarriage (disorder),Condition,UnitedHealthcare,Commercial,"$2,069,996","$2,069,996","$1,518",19.1%,"1,364"
431855005,Chronic kidney disease stage 1 (disorder),Condition,Humana,Commercial,"$2,061,007","$2,061,007",$365,84.5%,"5,646"
185086009,Chronic obstructive bronchitis (disorder),Condition,Anthem,Commercial,"$2,060,491","$2,060,491","$5,772",22.8%,357
196416002,Impacted molars,Condition,Blue Cross Blue Shield,Commercial,"$2,047,341","$2,047,341","$5,969",35.2%,343
263172003,Fracture of mandible (disorder),Condition,Anthem,Commercial,"$2,044,500","$2,044,500","$1,981",25.0%,"1,032"
384709000,Sprain (morphologic abnormality),Condition,NO_INSURANCE,Self-Pay / Uninsured,"$2,043,909","$2,043,909",$169,100.0%,"12,110"
35999006,Blighted ovum,Condition,Humana,Commercial,"$2,025,338","$2,025,338","$1,539",10.1%,"1,316"
60234000,Aortic valve regurgitation (disorder),Condition,Anthem,Commercial,"$2,024,165","$2,024,165","$1,589",27.2%,"1,274"
36971009,Sinusitis (disorder),Condition,Aetna,Commercial,"$2,007,018","$2,007,018",$258,62.5%,"7,771"
185086009,Chronic obstructive bronchitis (disorder),Condition,Aetna,Commercial,"$2,006,587","$2,006,587","$5,294",53.7%,379
302870006,Hypertriglyceridemia (disorder),Condition,Medicare,Government,"$1,979,876","$1,979,876",$629,9.3%,"3,146"
6072007,Bleeding from anus,Condition,Medicaid,Government,"$1,975,054","$1,975,054","$5,295",1.1%,373
263172003,Fracture of mandible (disorder),Condition,Aetna,Commercial,"$1,967,965","$1,967,965","$1,812",56.9%,"1,086"
60234000,Aortic valve regurgitation (disorder),Condition,Humana,Commercial,"$1,967,639","$1,967,639","$1,551",47.3%,"1,269"
60234000,Aortic valve regurgitation (disorder),Condition,Cigna Health,Commercial,"$1,960,120","$1,960,120","$1,597",40.8%,"1,227"
60234000,Aortic valve regurgitation (disorder),Condition,Aetna,Commercial,"$1,945,716","$1,945,716","$1,559",44.3%,"1,248"
384709000,Sprain (morphologic abnormality),Condition,Blue Cross Blue Shield,Commercial,"$1,920,298","$1,920,298",$170,71.2%,"11,316"
4557003,Preinfarction syndrome (disorder),Condition,Dual Eligible,Government,"$1,918,612","$1,918,612","$2,733",1.2%,702
75498004,Acute bacterial sinusitis (disorder),Condition,Humana,Commercial,"$1,911,277","$1,911,277",$237,63.4%,"8,048"
361055000,Misuses drugs (finding),Condition,Medicare,Government,"$1,910,809","$1,910,809",$578,6.4%,"3,304"
237602007,Metabolic syndrome X (disorder),Condition,Humana,Commercial,"$1,898,057","$1,898,057",$380,78.9%,"4,994"
48333001,Burn injury (morphologic abnormality),Condition,Medicare,Government,"$1,892,315","$1,892,315",$176,14.7%,"10,745"
267253006,Fetus with chromosomal abnormality,Condition,Medicaid,Government,"$1,889,360","$1,889,360","$1,407",4.1%,"1,343"
125601008,Injury of knee (disorder),Condition,Medicare,Government,"$1,868,258","$1,868,258",$425,10.0%,"4,395"
46752004,Torus palatinus (disorder),Condition,Dual Eligible,Government,"$1,858,437","$1,858,437","$2,051",1.7%,906
94260004,Secondary malignant neoplasm of colon,Condition,NO_INSURANCE,Self-Pay / Uninsured,"$1,851,546","$1,851,546","$5,129",100.0%,361
79586000,Tubal pregnancy,Condition,Blue Cross Blue Shield,Commercial,"$1,836,038","$1,836,038","$3,445",14.7%,533
39898005,Sleep disorder (disorder),Condition,Humana,Commercial,"$1,831,692","$1,831,692","$1,014",65.7%,"1,807"
431856006,Chronic kidney disease stage 2 (disorder),Condition,Humana,Commercial,"$1,825,549","$1,825,549",$353,74.7%,"5,173"
233678006,Childhood asthma,Condition,Medicare,Government,"$1,821,910","$1,821,910",$164,18.9%,"11,119"
44054006,Diabetes mellitus type 2 (disorder),Condition,Medicaid,Government,"$1,819,004","$1,819,004",$508,7.3%,"3,584"
36971009,Sinusitis (disorder),Condition,Cigna Health,Commercial,"$1,815,486","$1,815,486",$237,54.6%,"7,653"
46752004,Torus palatinus (disorder),Condition,Humana,Commercial,"$1,797,402","$1,797,402","$2,258",24.2%,796
233604007,Pneumonia (disorder),Condition,Dual Eligible,Government,"$1,795,012","$1,795,012","$1,140",2.0%,"1,574"
431855005,Chronic kidney disease stage 1 (disorder),Condition,Aetna,Commercial,"$1,789,449","$1,789,449",$362,85.1%,"4,937"
384709000,Sprain (morphologic abnormality),Condition,UnitedHealthcare,Commercial,"$1,782,820","$1,782,820",$170,56.0%,"10,487"
124171000119105,Chronic intractable migraine without aura,Condition,Medicaid,Government,"$1,778,747","$1,778,747",$65,53.8%,"27,467"
431855005,Chronic kidney disease stage 1 (disorder),Condition,Cigna Health,Commercial,"$1,772,260","$1,772,260",$360,80.6%,"4,920"
263172003,Fracture of mandible (disorder),Condition,Cigna Health,Commercial,"$1,771,475","$1,771,475","$1,703",45.2%,"1,040"
64859006,Osteoporosis (disorder),Condition,UnitedHealthcare,Commercial,"$1,760,621","$1,760,621","$2,730",26.3%,645
431855005,Chronic kidney disease stage 1 (disorder),Condition,Anthem,Commercial,"$1,753,595","$1,753,595",$371,60.3%,"4,728"
840544004,Suspected COVID-19,Condition,Cigna Health,Commercial,"$1,752,072","$1,752,072",$143,75.9%,"12,214"
241929008,Acute allergic reaction,Condition,Humana,Commercial,"$1,751,904","$1,751,904","$1,290",77.5%,"1,358"
81629009,Traumatic dislocation of temporomandibular joint (disorder),Condition,Medicare,Government,"$1,744,412","$1,744,412","$1,406",3.3%,"1,241"
60573004,Aortic valve stenosis (disorder),Condition,NO_INSURANCE,Self-Pay / Uninsured,"$1,736,242","$1,736,242","$1,754",100.0%,990
60573004,Aortic valve stenosis (disorder),Condition,Humana,Commercial,"$1,732,814","$1,732,814","$1,609",43.8%,"1,077"
80394007,Hyperglycemia (disorder),Condition,Medicare,Government,"$1,695,687","$1,695,687",$704,8.1%,"2,410"
237602007,Metabolic syndrome X (disorder),Condition,Aetna,Commercial,"$1,672,340","$1,672,340",$368,82.3%,"4,549"
190905008,Cystic Fibrosis,Condition,Dual Eligible,Government,"$1,670,125","$1,670,125","$6,232",0.5%,268
840544004,Suspected COVID-19,Condition,Aetna,Commercial,"$1,669,719","$1,669,719",$140,83.1%,"11,961"
185086009,Chronic obstructive bronchitis (disorder),Condition,Humana,Commercial,"$1,668,339","$1,668,339","$3,691",71.7%,452
36971009,Sinusitis (disorder),Condition,Anthem,Commercial,"$1,668,099","$1,668,099",$245,35.0%,"6,821"
10939881000119105,Unhealthy alcohol drinking behavior (finding),Condition,Humana,Commercial,"$1,661,242","$1,661,242",$439,73.4%,"3,783"
94260004,Secondary malignant neoplasm of colon,Condition,Blue Cross Blue Shield,Commercial,"$1,650,952","$1,650,952","$5,326",4.4%,310
840544004,Suspected COVID-19,Condition,Anthem,Commercial,"$1,650,836","$1,650,836",$146,64.2%,"11,344"
195967001,Asthma,Condition,Humana,Commercial,"$1,644,335","$1,644,335",$125,74.1%,"13,174"
15777000,Prediabetes,Condition,NO_INSURANCE,Self-Pay / Uninsured,"$1,636,327","$1,636,327",$590,100.0%,"2,772"
237602007,Metabolic syndrome X (disorder),Condition,Cigna Health,Commercial,"$1,632,014","$1,632,014",$389,74.5%,"4,196"
185086009,Chronic obstructive bronchitis (disorder),Condition,Cigna Health,Commercial,"$1,629,914","$1,629,914","$4,116",59.7%,396
55822004,Hyperlipidemia,Condition,Blue Cross Blue Shield,Commercial,"$1,622,535","$1,622,535",$59,75.1%,"27,556"
162864005,Body mass index 30+ - obesity (finding),Condition,Dual Eligible,Government,"$1,618,771","$1,618,771",$867,1.8%,"1,868"
49436004,Atrial fibrillation (disorder),Condition,Aetna,Commercial,"$1,610,291","$1,610,291","$3,508",50.0%,459
307731004,Injury of tendon of the rotator cuff of shoulder,Condition,Humana,Commercial,"$1,606,139","$1,606,139","$1,501",46.4%,"1,070"
36971009,Sinusitis (disorder),Condition,NO_INSURANCE,Self-Pay / Uninsured,"$1,604,566","$1,604,566",$257,100.0%,"6,255"
75498004,Acute bacterial sinusitis (disorder),Condition,Anthem,Commercial,"$1,591,894","$1,591,894",$247,32.6%,"6,457"
241929008,Acute allergic reaction,Condition,Blue Cross Blue Shield,Commercial,"$1,585,994","$1,585,994","$1,333",64.1%,"1,190"
431856006,Chronic kidney disease stage 2 (disorder),Condition,Aetna,Commercial,"$1,579,678","$1,579,678",$351,74.9%,"4,501"
49436004,Atrial fibrillation (disorder),Condition,Anthem,Commercial,"$1,578,260","$1,578,260","$3,722",22.7%,424
81629009,Traumatic dislocation of temporomandibular joint (disorder),Condition,Humana,Commercial,"$1,570,211","$1,570,211","$1,421",62.4%,"1,105"
75498004,Acute bacterial sinusitis (disorder),Condition,Cigna Health,Commercial,"$1,564,319","$1,564,319",$239,56.5%,"6,558"
196416002,Impacted molars,Condition,UnitedHealthcare,Commercial,"$1,561,998","$1,561,998","$5,962",21.0%,262
714628002,Prediabetes (finding),Condition,Medicare,Government,"$1,561,630","$1,561,630",$868,9.4%,"1,799"
110030002,Concussion injury of brain (disorder),Condition,Medicaid,Government,"$1,558,550","$1,558,550",$122,56.9%,"12,800"
60573004,Aortic valve stenosis (disorder),Condition,Anthem,Commercial,"$1,552,388","$1,552,388","$1,612",28.4%,963
237602007,Metabolic syndrome X (disorder),Condition,Dual Eligible,Government,"$1,552,218","$1,552,218",$570,2.2%,"2,725"
75498004,Acute bacterial sinusitis (disorder),Condition,Aetna,Commercial,"$1,549,897","$1,549,897",$233,63.5%,"6,665"
46752004,Torus palatinus (disorder),Condition,Cigna Health,Commercial,"$1,546,346","$1,546,346","$2,200",25.1%,703
241929008,Acute allergic reaction,Condition,UnitedHealthcare,Commercial,"$1,538,147","$1,538,147","$1,320",31.6%,"1,165"
64859006,Osteoporosis (disorder),Condition,Blue Cross Blue Shield,Commercial,"$1,537,030","$1,537,030","$2,417",45.6%,636
431856006,Chronic kidney disease stage 2 (disorder),Condition,Cigna Health,Commercial,"$1,533,491","$1,533,491",$353,69.3%,"4,347"
6072007,Bleeding from anus,Condition,Medicare,Government,"$1,531,866","$1,531,866","$5,803",3.4%,264
840544004,Suspected COVID-19,Condition,NO_INSURANCE,Self-Pay / Uninsured,"$1,530,183","$1,530,183",$149,100.0%,"10,257"
74400008,Appendicitis,Condition,Dual Eligible,Government,"$1,523,276","$1,523,276","$5,326",0.3%,286
81629009,Traumatic dislocation of temporomandibular joint (disorder),Condition,Cigna Health,Commercial,"$1,493,789","$1,493,789","$1,392",54.5%,"1,073"
714628002,Prediabetes (finding),Condition,Humana,Commercial,"$1,492,211","$1,492,211",$605,88.0%,"2,467"
254637007,Non-small cell lung cancer (disorder),Condition,Humana,Commercial,"$1,489,464","$1,489,464","$11,546",5.4%,129
128188000,Cerebral palsy (disorder),Condition,Dual Eligible,Government,"$1,487,585","$1,487,585",$530,6.6%,"2,807"
46752004,Torus palatinus (disorder),Condition,Anthem,Commercial,"$1,486,793","$1,486,793","$2,196",19.1%,677
90460009,Injury of neck (disorder),Condition,Medicare,Government,"$1,482,133","$1,482,133",$171,19.8%,"8,692"
126906006,Neoplasm of prostate,Condition,Medicaid,Government,"$1,467,887","$1,467,887","$1,715",1.8%,856
263172003,Fracture of mandible (disorder),Condition,NO_INSURANCE,Self-Pay / Uninsured,"$1,461,824","$1,461,824","$1,832",100.0%,798
55822004,Hyperlipidemia,Condition,UnitedHealthcare,Commercial,"$1,456,654","$1,456,654",$58,55.9%,"25,143"
714628002,Prediabetes (finding),Condition,Medicaid,Government,"$1,454,695","$1,454,695",$631,7.7%,"2,306"
4557003,Preinfarction syndrome (disorder),Condition,Medicaid,Government,"$1,448,660","$1,448,660","$2,489",1.9%,582
241929008,Acute allergic reaction,Condition,NO_INSURANCE,Self-Pay / Uninsured,"$1,447,978","$1,447,978","$1,268",100.0%,"1,142"
80583007,Severe anxiety (panic) (finding),Condition,Humana,Commercial,"$1,440,442","$1,440,442",$484,74.9%,"2,975"
39898005,Sleep disorder (disorder),Condition,Cigna Health,Commercial,"$1,434,286","$1,434,286",$982,58.7%,"1,460"
45816000,Pyelonephritis,Condition,Medicare,Government,"$1,429,889","$1,429,889","$2,273",5.1%,629
15777000,Prediabetes,Condition,Blue Cross Blue Shield,Commercial,"$1,426,933","$1,426,933",$633,86.4%,"2,256"
241929008,Acute allergic reaction,Condition,Aetna,Commercial,"$1,426,750","$1,426,750","$1,230",79.3%,"1,160"
35999006,Blighted ovum,Condition,Anthem,Commercial,"$1,424,548","$1,424,548","$1,455",19.0%,979
431856006,Chronic kidney disease stage 2 (disorder),Condition,Anthem,Commercial,"$1,420,296","$1,420,296",$348,51.9%,"4,084"
87433001,Pulmonary emphysema (disorder),Condition,Blue Cross Blue Shield,Commercial,"$1,416,831","$1,416,831","$5,228",48.1%,271
60573004,Aortic valve stenosis (disorder),Condition,Cigna Health,Commercial,"$1,414,277","$1,414,277","$1,517",41.7%,932
10939881000119105,Unhealthy alcohol drinking behavior (finding),Condition,Dual Eligible,Government,"$1,400,371","$1,400,371",$462,4.1%,"3,033"
81629009,Traumatic dislocation of temporomandibular joint (disorder),Condition,Aetna,Commercial,"$1,398,989","$1,398,989","$1,400",60.8%,999
35999006,Blighted ovum,Condition,Aetna,Commercial,"$1,393,531","$1,393,531","$1,450",9.7%,961
60573004,Aortic valve stenosis (disorder),Condition,Aetna,Commercial,"$1,391,267","$1,391,267","$1,594",51.8%,873
840544004,Suspected COVID-19,Condition,Blue Cross Blue Shield,Commercial,"$1,380,715","$1,380,715",$155,76.0%,"8,887"
237602007,Metabolic syndrome X (disorder),Condition,Anthem,Commercial,"$1,377,007","$1,377,007",$362,64.2%,"3,809"
254637007,Non-small cell lung cancer (disorder),Condition,Aetna,Commercial,"$1,375,903","$1,375,903","$11,964",9.7%,115
15777000,Prediabetes,Condition,UnitedHealthcare,Commercial,"$1,375,532","$1,375,532",$632,75.6%,"2,177"
39898005,Sleep disorder (disorder),Condition,Aetna,Commercial,"$1,373,668","$1,373,668",$971,67.7%,"1,414"
46752004,Torus palatinus (disorder),Condition,NO_INSURANCE,Self-Pay / Uninsured,"$1,366,969","$1,366,969","$2,208",100.0%,619
49436004,Atrial fibrillation (disorder),Condition,UnitedHealthcare,Commercial,"$1,365,479","$1,365,479","$4,176",21.8%,327
46752004,Torus palatinus (disorder),Condition,Aetna,Commercial,"$1,362,457","$1,362,457","$2,176",26.0%,626
35999006,Blighted ovum,Condition,Cigna Health,Commercial,"$1,358,165","$1,358,165","$1,412",14.9%,962
81629009,Traumatic dislocation of temporomandibular joint (disorder),Condition,Anthem,Commercial,"$1,356,795","$1,356,795","$1,349",26.9%,"1,006"
36971009,Sinusitis (disorder),Condition,Blue Cross Blue Shield,Commercial,"$1,355,371","$1,355,371",$256,51.9%,"5,301"
195967001,Asthma,Condition,Cigna Health,Commercial,"$1,355,330","$1,355,330",$120,69.2%,"11,329"
241929008,Acute allergic reaction,Condition,Cigna Health,Commercial,"$1,341,940","$1,341,940","$1,262",65.7%,"1,063"
254637007,Non-small cell lung cancer (disorder),Condition,NO_INSURANCE,Self-Pay / Uninsured,"$1,339,309","$1,339,309","$8,319",100.0%,161
431855005,Chronic kidney disease stage 1 (disorder),Condition,NO_INSURANCE,Self-Pay / Uninsured,"$1,338,633","$1,338,633",$364,100.0%,"3,674"
384709000,Sprain (morphologic abnormality),Condition,Dual Eligible,Government,"$1,334,954","$1,334,954",$157,22.1%,"8,486"
39898005,Sleep disorder (disorder),Condition,Anthem,Commercial,"$1,334,011","$1,334,011",$987,36.4%,"1,351"
75498004,Acute bacterial sinusitis (disorder),Condition,NO_INSURANCE,Self-Pay / Uninsured,"$1,331,737","$1,331,737",$220,100.0%,"6,045"
55680006,Drug overdose,Condition,Cigna Health,Commercial,"$1,324,306","$1,324,306",$117,67.7%,"11,328"
15777000,Prediabetes,Condition,Dual Eligible,Government,"$1,319,532","$1,319,532",$834,1.8%,"1,582"
433144002,Chronic kidney disease stage 3 (disorder),Condition,Humana,Commercial,"$1,310,351","$1,310,351",$338,62.2%,"3,882"
840544004,Suspected COVID-19,Condition,UnitedHealthcare,Commercial,"$1,307,537","$1,307,537",$157,64.0%,"8,326"
195967001,Asthma,Condition,Anthem,Commercial,"$1,306,346","$1,306,346",$120,51.9%,"10,883"
65275009,Acute Cholecystitis,Condition,Dual Eligible,Government,"$1,301,064","$1,301,064",$748,0.9%,"1,739"
35999006,Blighted ovum,Condition,NO_INSURANCE,Self-Pay / Uninsured,"$1,298,439","$1,298,439","$1,484",100.0%,875
195967001,Asthma,Condition,Aetna,Commercial,"$1,297,151","$1,297,151",$120,75.8%,"10,818"
431856006,Chronic kidney disease stage 2 (disorder),Condition,NO_INSURANCE,Self-Pay / Uninsured,"$1,289,433","$1,289,433",$366,100.0%,"3,520"
241929008,Acute allergic reaction,Condition,Dual Eligible,Government,"$1,289,020","$1,289,020","$1,284",1.6%,"1,004"
237602007,Metabolic syndrome X (disorder),Condition,NO_INSURANCE,Self-Pay / Uninsured,"$1,282,619","$1,282,619",$365,100.0%,"3,513"
241929008,Acute allergic reaction,Condition,Anthem,Commercial,"$1,282,538","$1,282,538","$1,286",31.3%,997
10939881000119105,Unhealthy alcohol drinking behavior (finding),Condition,Cigna Health,Commercial,"$1,279,004","$1,279,004",$448,69.1%,"2,852"
254637007,Non-small cell lung cancer (disorder),Condition,Cigna Health,Commercial,"$1,278,784","$1,278,784","$10,837",10.2%,118
55680006,Drug overdose,Condition,Aetna,Commercial,"$1,278,764","$1,278,764",$117,74.9%,"10,888"
361055000,Misuses drugs (finding),Condition,Medicaid,Government,"$1,278,663","$1,278,663",$435,9.3%,"2,942"
263172003,Fracture of mandible (disorder),Condition,UnitedHealthcare,Commercial,"$1,270,216","$1,270,216","$1,669",25.2%,761
10939881000119105,Unhealthy alcohol drinking behavior (finding),Condition,Aetna,Commercial,"$1,267,732","$1,267,732",$414,72.6%,"3,063"
94260004,Secondary malignant neoplasm of colon,Condition,UnitedHealthcare,Commercial,"$1,250,243","$1,250,243","$5,557",8.3%,225
10939881000119105,Unhealthy alcohol drinking behavior (finding),Condition,Anthem,Commercial,"$1,246,570","$1,246,570",$420,59.7%,"2,965"
93761005,Primary malignant neoplasm of colon,Condition,Medicaid,Government,"$1,229,542","$1,229,542","$9,996",0.5%,123
263172003,Fracture of mandible (disorder),Condition,Blue Cross Blue Shield,Commercial,"$1,226,218","$1,226,218","$1,777",44.9%,690
840544004,Suspected COVID-19,Condition,Dual Eligible,Government,"$1,221,362","$1,221,362",$156,19.9%,"7,853"
36971009,Sinusitis (disorder),Condition,UnitedHealthcare,Commercial,"$1,213,232","$1,213,232",$245,34.8%,"4,961"
60234000,Aortic valve regurgitation (disorder),Condition,NO_INSURANCE,Self-Pay / Uninsured,"$1,211,469","$1,211,469","$1,444",100.0%,839
48333001,Burn injury (morphologic abnormality),Condition,Humana,Commercial,"$1,211,168","$1,211,168",$183,76.5%,"6,632"
55680006,Drug overdose,Condition,Anthem,Commercial,"$1,210,255","$1,210,255",$117,49.1%,"10,329"
35999006,Blighted ovum,Condition,Medicare,Government,"$1,184,735","$1,184,735","$1,464",3.3%,809
60234000,Aortic valve regurgitation (disorder),Condition,Blue Cross Blue Shield,Commercial,"$1,180,205","$1,180,205","$1,635",41.2%,722
368581000119106,Neuropathy due to type 2 diabetes mellitus (disorder),Condition,Medicaid,Government,"$1,161,034","$1,161,034",$946,2.9%,"1,227"
307731004,Injury of tendon of the rotator cuff of shoulder,Condition,Cigna Health,Commercial,"$1,157,164","$1,157,164","$1,310",40.8%,883
433144002,Chronic kidney disease stage 3 (disorder),Condition,Cigna Health,Commercial,"$1,156,664","$1,156,664",$335,56.8%,"3,450"
254637007,Non-small cell lung cancer (disorder),Condition,Anthem,Commercial,"$1,153,091","$1,153,091","$10,878",13.5%,106
87433001,Pulmonary emphysema (disorder),Condition,UnitedHealthcare,Commercial,"$1,151,605","$1,151,605","$3,839",28.7%,300
433144002,Chronic kidney disease stage 3 (disorder),Condition,Aetna,Commercial,"$1,140,451","$1,140,451",$339,59.0%,"3,368"
714628002,Prediabetes (finding),Condition,Cigna Health,Commercial,"$1,124,643","$1,124,643",$635,91.4%,"1,771"
125601008,Injury of knee (disorder),Condition,Humana,Commercial,"$1,116,785","$1,116,785",$428,78.9%,"2,608"
65275009,Acute Cholecystitis,Condition,Humana,Commercial,"$1,112,061","$1,112,061",$848,49.0%,"1,311"
39898005,Sleep disorder (disorder),Condition,NO_INSURANCE,Self-Pay / Uninsured,"$1,111,478","$1,111,478",$989,100.0%,"1,124"
368581000119106,Neuropathy due to type 2 diabetes mellitus (disorder),Condition,Dual Eligible,Government,"$1,110,650","$1,110,650","$1,313",0.7%,846
714628002,Prediabetes (finding),Condition,Anthem,Commercial,"$1,110,586","$1,110,586",$673,74.3%,"1,650"
80583007,Severe anxiety (panic) (finding),Condition,Cigna Health,Commercial,"$1,108,421","$1,108,421",$470,69.4%,"2,358"
80583007,Severe anxiety (panic) (finding),Condition,Aetna,Commercial,"$1,098,133","$1,098,133",$462,73.6%,"2,379"
80583007,Severe anxiety (panic) (finding),Condition,NO_INSURANCE,Self-Pay / Uninsured,"$1,097,432","$1,097,432",$439,100.0%,"2,498"
422034002,Retinopathy due to type 2 diabetes mellitus (disorder),Condition,Medicare,Government,"$1,094,527","$1,094,527",$531,10.1%,"2,063"
302870006,Hypertriglyceridemia (disorder),Condition,Medicaid,Government,"$1,093,971","$1,093,971",$422,8.7%,"2,590"
60234000,Aortic valve regurgitation (disorder),Condition,UnitedHealthcare,Commercial,"$1,093,885","$1,093,885","$1,466",30.8%,746
431855005,Chronic kidney disease stage 1 (disorder),Condition,Blue Cross Blue Shield,Commercial,"$1,091,566","$1,091,566",$372,81.0%,"2,933"
1255252008,Resorption of alveolar process due to dental trauma (disorder),Condition,Humana,Commercial,"$1,090,364","$1,090,364","$2,134",24.2%,511
65275009,Acute Cholecystitis,Condition,Cigna Health,Commercial,"$1,079,719","$1,079,719","$1,086",38.2%,994
75498004,Acute bacterial sinusitis (disorder),Condition,Blue Cross Blue Shield,Commercial,"$1,078,874","$1,078,874",$215,52.7%,"5,018"
1255252008,Resorption of alveolar process due to dental trauma (disorder),Condition,Dual Eligible,Government,"$1,078,225","$1,078,225","$1,898",1.8%,568
714628002,Prediabetes (finding),Condition,Aetna,Commercial,"$1,072,984","$1,072,984",$653,90.9%,"1,643"
10939881000119105,Unhealthy alcohol drinking behavior (finding),Condition,NO_INSURANCE,Self-Pay / Uninsured,"$1,070,635","$1,070,635",$441,100.0%,"2,426"
36971009,Sinusitis (disorder),Condition,Dual Eligible,Government,"$1,065,877","$1,065,877",$217,16.1%,"4,904"
431855005,Chronic kidney disease stage 1 (disorder),Condition,UnitedHealthcare,Commercial,"$1,056,434","$1,056,434",$366,62.4%,"2,887"
195967001,Asthma,Condition,NO_INSURANCE,Self-Pay / Uninsured,"$1,053,888","$1,053,888",$121,99.9%,"8,674"
80394007,Hyperglycemia (disorder),Condition,Medicaid,Government,"$1,049,769","$1,049,769",$390,7.3%,"2,694"
49436004,Atrial fibrillation (disorder),Condition,Blue Cross Blue Shield,Commercial,"$1,048,781","$1,048,781","$3,543",32.6%,296
46752004,Torus palatinus (disorder),Condition,Blue Cross Blue Shield,Commercial,"$1,038,011","$1,038,011","$2,307",24.1%,450
81629009,Traumatic dislocation of temporomandibular joint (disorder),Condition,NO_INSURANCE,Self-Pay / Uninsured,"$1,032,006","$1,032,006","$1,425",100.0%,724
433144002,Chronic kidney disease stage 3 (disorder),Condition,NO_INSURANCE,Self-Pay / Uninsured,"$1,030,278","$1,030,278",$342,100.0%,"3,013"
431856006,Chronic kidney disease stage 2 (disorder),Condition,Blue Cross Blue Shield,Commercial,"$1,025,504","$1,025,504",$363,72.0%,"2,828"
1255252008,Resorption of alveolar process due to dental trauma (disorder),Condition,Cigna Health,Commercial,"$1,016,567","$1,016,567","$2,054",24.9%,495
75498004,Acute bacterial sinusitis (disorder),Condition,UnitedHealthcare,Commercial,"$1,014,338","$1,014,338",$211,35.9%,"4,817"
35999006,Blighted ovum,Condition,UnitedHealthcare,Commercial,"$1,010,005","$1,010,005","$1,510",19.4%,669
233678006,Childhood asthma,Condition,Humana,Commercial,"$1,009,539","$1,009,539",$175,82.9%,"5,765"
307731004,Injury of tendon of the rotator cuff of shoulder,Condition,UnitedHealthcare,Commercial,"$1,004,362","$1,004,362","$1,526",23.9%,658
45816000,Pyelonephritis,Condition,Humana,Commercial,"$1,003,122","$1,003,122","$2,489",54.5%,403
307731004,Injury of tendon of the rotator cuff of shoulder,Condition,Anthem,Commercial,"$1,001,829","$1,001,829","$1,145",23.6%,875
433144002,Chronic kidney disease stage 3 (disorder),Condition,Anthem,Commercial,"$995,521","$995,521",$328,42.2%,"3,039"
307731004,Injury of tendon of the rotator cuff of shoulder,Condition,Aetna,Commercial,"$990,163","$990,163","$1,137",54.9%,871
44054006,Diabetes mellitus type 2 (disorder),Condition,Dual Eligible,Government,"$988,985","$988,985",$676,1.8%,"1,463"
35999006,Blighted ovum,Condition,Blue Cross Blue Shield,Commercial,"$981,968","$981,968","$1,527",16.2%,643
185086009,Chronic obstructive bronchitis (disorder),Condition,UnitedHealthcare,Commercial,"$978,687","$978,687","$6,234",23.2%,157
75498004,Acute bacterial sinusitis (disorder),Condition,Dual Eligible,Government,"$977,218","$977,218",$227,15.4%,"4,314"
48333001,Burn injury (morphologic abnormality),Condition,Aetna,Commercial,"$974,973","$974,973",$186,81.4%,"5,235"
60573004,Aortic valve stenosis (disorder),Condition,UnitedHealthcare,Commercial,"$962,626","$962,626","$1,722",25.3%,559
1255252008,Resorption of alveolar process due to dental trauma (disorder),Condition,Aetna,Commercial,"$960,542","$960,542","$2,026",26.2%,474
90460009,Injury of neck (disorder),Condition,Humana,Commercial,"$960,532","$960,532",$173,78.8%,"5,557"
48333001,Burn injury (morphologic abnormality),Condition,Cigna Health,Commercial,"$956,639","$956,639",$184,70.6%,"5,186"
46752004,Torus palatinus (disorder),Condition,UnitedHealthcare,Commercial,"$943,831","$943,831","$2,263",19.3%,417
237602007,Metabolic syndrome X (disorder),Condition,Blue Cross Blue Shield,Commercial,"$935,047","$935,047",$382,75.6%,"2,448"
65275009,Acute Cholecystitis,Condition,Anthem,Commercial,"$933,655","$933,655",$888,20.5%,"1,052"
55680006,Drug overdose,Condition,NO_INSURANCE,Self-Pay / Uninsured,"$932,007","$932,007",$119,100.0%,"7,830"
431856006,Chronic kidney disease stage 2 (disorder),Condition,UnitedHealthcare,Commercial,"$931,650","$931,650",$363,53.0%,"2,567"
125601008,Injury of knee (disorder),Condition,Cigna Health,Commercial,"$931,467","$931,467",$414,70.9%,"2,250"
195967001,Asthma,Condition,Blue Cross Blue Shield,Commercial,"$924,175","$924,175",$125,66.9%,"7,417"
80583007,Severe anxiety (panic) (finding),Condition,Anthem,Commercial,"$922,498","$922,498",$437,59.9%,"2,109"
125601008,Injury of knee (disorder),Condition,Aetna,Commercial,"$917,983","$917,983",$416,80.9%,"2,208"
65363002,Otitis media,Condition,Dual Eligible,Government,"$917,022","$917,022",$163,20.6%,"5,611"
1255252008,Resorption of alveolar process due to dental trauma (disorder),Condition,NO_INSURANCE,Self-Pay / Uninsured,"$911,817","$911,817","$2,063",100.0%,442
39898005,Sleep disorder (disorder),Condition,Blue Cross Blue Shield,Commercial,"$909,677","$909,677","$1,013",58.3%,898
81629009,Traumatic dislocation of temporomandibular joint (disorder),Condition,UnitedHealthcare,Commercial,"$909,642","$909,642","$1,397",28.2%,651
425048006,Non-small cell carcinoma of lung  TNM stage 2 (disorder),Condition,Medicare,Government,"$908,836","$908,836","$5,508",0.0%,165
1255252008,Resorption of alveolar process due to dental trauma (disorder),Condition,Anthem,Commercial,"$907,684","$907,684","$2,017",19.1%,450
24079001,Atopic dermatitis,Condition,Medicare,Government,"$903,977","$903,977",$156,22.1%,"5,777"
233678006,Childhood asthma,Condition,Blue Cross Blue Shield,Commercial,"$901,315","$901,315",$185,78.0%,"4,872"
195967001,Asthma,Condition,Dual Eligible,Government,"$901,214","$901,214",$122,28.6%,"7,383"
45816000,Pyelonephritis,Condition,Aetna,Commercial,"$898,695","$898,695","$2,390",58.9%,376
6072007,Bleeding from anus,Condition,Aetna,Commercial,"$891,654","$891,654","$6,415",52.9%,139
44054006,Diabetes mellitus type 2 (disorder),Condition,Humana,Commercial,"$890,433","$890,433",$539,82.7%,"1,651"
65275009,Acute Cholecystitis,Condition,NO_INSURANCE,Self-Pay / Uninsured,"$887,494","$887,494",$914,100.0%,971
185086009,Chronic obstructive bronchitis (disorder),Condition,Blue Cross Blue Shield,Commercial,"$880,208","$880,208","$4,423",59.2%,199
233678006,Childhood asthma,Condition,Dual Eligible,Government,"$872,374","$872,374",$164,21.4%,"5,330"
48333001,Burn injury (morphologic abnormality),Condition,Anthem,Commercial,"$865,432","$865,432",$184,50.6%,"4,702"
45816000,Pyelonephritis,Condition,Anthem,Commercial,"$864,628","$864,628","$2,463",26.7%,351
10939881000119105,Unhealthy alcohol drinking behavior (finding),Condition,Blue Cross Blue Shield,Commercial,"$864,508","$864,508",$437,70.0%,"1,979"
307731004,Injury of tendon of the rotator cuff of shoulder,Condition,NO_INSURANCE,Self-Pay / Uninsured,"$862,039","$862,039","$1,165",100.0%,740
39898005,Sleep disorder (disorder),Condition,UnitedHealthcare,Commercial,"$859,501","$859,501","$1,020",35.5%,843
254637007,Non-small cell lung cancer (disorder),Condition,UnitedHealthcare,Commercial,"$856,649","$856,649","$13,385",15.0%,64
125601008,Injury of knee (disorder),Condition,Anthem,Commercial,"$838,940","$838,940",$415,51.6%,"2,022"
233678006,Childhood asthma,Condition,NO_INSURANCE,Self-Pay / Uninsured,"$835,604","$835,604",$173,99.9%,"4,825"
156073000,Complete miscarriage (disorder),Condition,Dual Eligible,Government,"$828,273","$828,273","$1,404",2.5%,590
233678006,Childhood asthma,Condition,Cigna Health,Commercial,"$825,270","$825,270",$178,76.6%,"4,643"
714628002,Prediabetes (finding),Condition,Blue Cross Blue Shield,Commercial,"$825,136","$825,136",$611,88.3%,"1,350"
81629009,Traumatic dislocation of temporomandibular joint (disorder),Condition,Blue Cross Blue Shield,Commercial,"$823,324","$823,324","$1,393",51.7%,591
307731004,Injury of tendon of the rotator cuff of shoulder,Condition,Dual Eligible,Government,"$822,102","$822,102","$1,227",2.8%,670
361055000,Misuses drugs (finding),Condition,Humana,Commercial,"$817,726","$817,726",$440,73.4%,"1,859"
10939881000119105,Unhealthy alcohol drinking behavior (finding),Condition,UnitedHealthcare,Commercial,"$815,520","$815,520",$446,60.3%,"1,829"
233678006,Childhood asthma,Condition,Aetna,Commercial,"$814,707","$814,707",$182,84.5%,"4,488"
48333001,Burn injury (morphologic abnormality),Condition,NO_INSURANCE,Self-Pay / Uninsured,"$814,156","$814,156",$186,100.0%,"4,382"
44054006,Diabetes mellitus type 2 (disorder),Condition,Anthem,Commercial,"$812,036","$812,036",$602,61.0%,"1,348"
267253006,Fetus with chromosomal abnormality,Condition,Humana,Commercial,"$809,581","$809,581","$1,516",13.3%,534
237602007,Metabolic syndrome X (disorder),Condition,UnitedHealthcare,Commercial,"$808,371","$808,371",$353,62.8%,"2,287"
110030002,Concussion injury of brain (disorder),Condition,Medicare,Government,"$807,773","$807,773",$122,27.5%,"6,646"
195967001,Asthma,Condition,UnitedHealthcare,Commercial,"$806,028","$806,028",$123,49.9%,"6,542"
6072007,Bleeding from anus,Condition,Anthem,Commercial,"$804,945","$804,945","$5,590",21.5%,144
45816000,Pyelonephritis,Condition,NO_INSURANCE,Self-Pay / Uninsured,"$801,443","$801,443","$2,585",100.0%,310
1551000119108,Nonproliferative diabetic retinopathy due to type 2 diabetes mellitus (disorder),Condition,Medicare,Government,"$794,338","$794,338",$504,10.2%,"1,577"
90460009,Injury of neck (disorder),Condition,Cigna Health,Commercial,"$791,911","$791,911",$171,72.0%,"4,626"
254637007,Non-small cell lung cancer (disorder),Condition,Blue Cross Blue Shield,Commercial,"$787,965","$787,965","$12,123",6.3%,65
44054006,Diabetes mellitus type 2 (disorder),Condition,Aetna,Commercial,"$784,594","$784,594",$519,79.8%,"1,511"
263172003,Fracture of mandible (disorder),Condition,Dual Eligible,Government,"$784,107","$784,107","$2,142",1.6%,366
90460009,Injury of neck (disorder),Condition,Anthem,Commercial,"$783,683","$783,683",$172,54.9%,"4,545"
45816000,Pyelonephritis,Condition,Cigna Health,Commercial,"$781,791","$781,791","$2,369",46.2%,330
233678006,Childhood asthma,Condition,UnitedHealthcare,Commercial,"$778,006","$778,006",$181,64.2%,"4,299"
80583007,Severe anxiety (panic) (finding),Condition,Blue Cross Blue Shield,Commercial,"$776,312","$776,312",$499,72.5%,"1,557"
37849005,Congenital uterine anomaly,Condition,Medicaid,Government,"$770,837","$770,837","$1,374",4.1%,561
307731004,Injury of tendon of the rotator cuff of shoulder,Condition,Blue Cross Blue Shield,Commercial,"$768,049","$768,049","$1,217",36.0%,631
125601008,Injury of knee (disorder),Condition,NO_INSURANCE,Self-Pay / Uninsured,"$760,192","$760,192",$411,100.0%,"1,849"
60573004,Aortic valve stenosis (disorder),Condition,Blue Cross Blue Shield,Commercial,"$755,835","$755,835","$1,465",46.0%,516
233678006,Childhood asthma,Condition,Anthem,Commercial,"$753,246","$753,246",$178,63.4%,"4,243"
6072007,Bleeding from anus,Condition,Cigna Health,Commercial,"$751,799","$751,799","$5,257",38.6%,143
44054006,Diabetes mellitus type 2 (disorder),Condition,Cigna Health,Commercial,"$750,301","$750,301",$530,79.5%,"1,416"
90460009,Injury of neck (disorder),Condition,Aetna,Commercial,"$747,054","$747,054",$170,80.8%,"4,400"
45816000,Pyelonephritis,Condition,Blue Cross Blue Shield,Commercial,"$744,273","$744,273","$2,566",44.7%,290
6072007,Bleeding from anus,Condition,Humana,Commercial,"$743,040","$743,040","$5,716",48.2%,130
95417003,Primary fibromyalgia syndrome,Condition,Medicare,Government,"$739,078","$739,078",$110,19.4%,"6,733"
230265002,Familial Alzheimer's disease of early onset (disorder),Condition,Medicaid,Government,"$728,384","$728,384",$574,7.1%,"1,268"
48333001,Burn injury (morphologic abnormality),Condition,Blue Cross Blue Shield,Commercial,"$713,099","$713,099",$188,70.2%,"3,797"
714628002,Prediabetes (finding),Condition,UnitedHealthcare,Commercial,"$696,714","$696,714",$667,74.3%,"1,045"
714628002,Prediabetes (finding),Condition,NO_INSURANCE,Self-Pay / Uninsured,"$694,635","$694,635",$621,100.0%,"1,118"
80583007,Severe anxiety (panic) (finding),Condition,UnitedHealthcare,Commercial,"$694,243","$694,243",$518,63.7%,"1,341"
433144002,Chronic kidney disease stage 3 (disorder),Condition,Blue Cross Blue Shield,Commercial,"$690,566","$690,566",$341,58.6%,"2,026"
302870006,Hypertriglyceridemia (disorder),Condition,Dual Eligible,Government,"$689,923","$689,923",$649,2.1%,"1,063"
4557003,Preinfarction syndrome (disorder),Condition,Cigna Health,Commercial,"$683,406","$683,406","$2,348",12.1%,291
4557003,Preinfarction syndrome (disorder),Condition,NO_INSURANCE,Self-Pay / Uninsured,"$678,957","$678,957","$3,429",100.0%,198
65275009,Acute Cholecystitis,Condition,Aetna,Commercial,"$668,971","$668,971",$855,49.8%,782
62106007,Concussion with no loss of consciousness,Condition,Medicaid,Government,"$664,859","$664,859",$72,77.2%,"9,201"
126906006,Neoplasm of prostate,Condition,Aetna,Commercial,"$659,697","$659,697","$1,783",38.1%,370
125601008,Injury of knee (disorder),Condition,Blue Cross Blue Shield,Commercial,"$654,151","$654,151",$421,71.5%,"1,554"
254632001,Small cell carcinoma of lung (disorder),Condition,Dual Eligible,Government,"$651,532","$651,532","$7,239",0.1%,90
110030002,Concussion injury of brain (disorder),Condition,Humana,Commercial,"$647,978","$647,978",$128,79.9%,"5,057"
126906006,Neoplasm of prostate,Condition,Cigna Health,Commercial,"$645,580","$645,580","$1,750",24.7%,369
90460009,Injury of neck (disorder),Condition,NO_INSURANCE,Self-Pay / Uninsured,"$644,391","$644,391",$171,100.0%,"3,768"
93761005,Primary malignant neoplasm of colon,Condition,Humana,Commercial,"$640,005","$640,005","$15,238",9.0%,42
48333001,Burn injury (morphologic abnormality),Condition,UnitedHealthcare,Commercial,"$631,217","$631,217",$183,50.2%,"3,443"
93761005,Primary malignant neoplasm of colon,Condition,Cigna Health,Commercial,"$627,600","$627,600","$18,459",14.1%,34
433144002,Chronic kidney disease stage 3 (disorder),Condition,UnitedHealthcare,Commercial,"$625,596","$625,596",$349,44.1%,"1,792"
79586000,Tubal pregnancy,Condition,Dual Eligible,Government,"$622,573","$622,573","$3,144",1.1%,198
45816000,Pyelonephritis,Condition,UnitedHealthcare,Commercial,"$614,781","$614,781","$2,489",22.1%,247
267253006,Fetus with chromosomal abnormality,Condition,NO_INSURANCE,Self-Pay / Uninsured,"$613,185","$613,185","$1,488",100.0%,412
361055000,Misuses drugs (finding),Condition,Anthem,Commercial,"$612,130","$612,130",$457,64.5%,"1,338"
80394007,Hyperglycemia (disorder),Condition,Humana,Commercial,"$611,436","$611,436",$516,62.5%,"1,186"
126906006,Neoplasm of prostate,Condition,NO_INSURANCE,Self-Pay / Uninsured,"$610,337","$610,337","$1,800",100.0%,339
125601008,Injury of knee (disorder),Condition,UnitedHealthcare,Commercial,"$610,175","$610,175",$426,53.8%,"1,433"
361055000,Misuses drugs (finding),Condition,Cigna Health,Commercial,"$604,711","$604,711",$430,76.4%,"1,407"
4557003,Preinfarction syndrome (disorder),Condition,Humana,Commercial,"$602,580","$602,580","$2,575",8.4%,234
48333001,Burn injury (morphologic abnormality),Condition,Dual Eligible,Government,"$595,444","$595,444",$171,19.1%,"3,472"
361055000,Misuses drugs (finding),Condition,Aetna,Commercial,"$584,767","$584,767",$472,78.8%,"1,239"
1255252008,Resorption of alveolar process due to dental trauma (disorder),Condition,Blue Cross Blue Shield,Commercial,"$580,246","$580,246","$2,118",24.7%,274
4557003,Preinfarction syndrome (disorder),Condition,Aetna,Commercial,"$579,676","$579,676","$2,204",4.6%,263
90460009,Injury of neck (disorder),Condition,Blue Cross Blue Shield,Commercial,"$568,437","$568,437",$172,72.0%,"3,303"
254632001,Small cell carcinoma of lung (disorder),Condition,Medicaid,Government,"$566,869","$566,869","$10,498",0.2%,54
1255252008,Resorption of alveolar process due to dental trauma (disorder),Condition,UnitedHealthcare,Commercial,"$560,571","$560,571","$2,131",18.1%,263
81629009,Traumatic dislocation of temporomandibular joint (disorder),Condition,Dual Eligible,Government,"$549,764","$549,764","$1,294",2.7%,425
65275009,Acute Cholecystitis,Condition,Blue Cross Blue Shield,Commercial,"$546,080","$546,080",$875,39.7%,624
267253006,Fetus with chromosomal abnormality,Condition,Anthem,Commercial,"$545,506","$545,506","$1,462",6.4%,373
126906006,Neoplasm of prostate,Condition,Anthem,Commercial,"$541,687","$541,687","$1,842",18.5%,294
5602001,Opioid abuse (disorder),Condition,Medicaid,Government,"$539,644","$539,644",$427,2.8%,"1,264"
125601008,Injury of knee (disorder),Condition,Dual Eligible,Government,"$537,324","$537,324",$388,9.0%,"1,384"
90460009,Injury of neck (disorder),Condition,UnitedHealthcare,Commercial,"$534,376","$534,376",$170,54.5%,"3,152"
44054006,Diabetes mellitus type 2 (disorder),Condition,NO_INSURANCE,Self-Pay / Uninsured,"$532,777","$532,777",$563,100.0%,946
126906006,Neoplasm of prostate,Condition,Humana,Commercial,"$528,318","$528,318","$1,651",29.5%,320
361055000,Misuses drugs (finding),Condition,Dual Eligible,Government,"$527,136","$527,136",$567,3.3%,930
302870006,Hypertriglyceridemia (disorder),Condition,Humana,Commercial,"$525,412","$525,412",$445,88.9%,"1,180"
368581000119106,Neuropathy due to type 2 diabetes mellitus (disorder),Condition,Humana,Commercial,"$516,256","$516,256",$879,50.2%,587
45816000,Pyelonephritis,Condition,Dual Eligible,Government,"$512,100","$512,100","$2,404",1.4%,213
93761005,Primary malignant neoplasm of colon,Condition,Aetna,Commercial,"$505,284","$505,284","$14,861",15.5%,34
361055000,Misuses drugs (finding),Condition,NO_INSURANCE,Self-Pay / Uninsured,"$495,226","$495,226",$453,100.0%,"1,093"
302870006,Hypertriglyceridemia (disorder),Condition,Aetna,Commercial,"$494,674","$494,674",$457,87.9%,"1,083"
110030002,Concussion injury of brain (disorder),Condition,Aetna,Commercial,"$491,503","$491,503",$118,83.2%,"4,150"
110030002,Concussion injury of brain (disorder),Condition,Cigna Health,Commercial,"$490,521","$490,521",$118,72.8%,"4,140"
90460009,Injury of neck (disorder),Condition,Dual Eligible,Government,"$490,503","$490,503",$159,21.9%,"3,077"
44054006,Diabetes mellitus type 2 (disorder),Condition,Blue Cross Blue Shield,Commercial,"$481,832","$481,832",$525,79.5%,917
609496007,Complication occuring during pregnancy,Condition,Medicaid,Government,"$480,356","$480,356","$1,392",4.0%,345
65966004,Fracture of forearm,Condition,Medicare,Government,"$477,877","$477,877",$73,15.6%,"6,590"
267253006,Fetus with chromosomal abnormality,Condition,Cigna Health,Commercial,"$476,327","$476,327","$1,484",7.5%,321
80394007,Hyperglycemia (disorder),Condition,Dual Eligible,Government,"$472,802","$472,802",$556,1.9%,851
62479008,Acquired immune deficiency syndrome (disorder),Condition,Medicare,Government,"$468,328","$468,328","$1,588",7.5%,295
267253006,Fetus with chromosomal abnormality,Condition,Aetna,Commercial,"$462,721","$462,721","$1,415",9.1%,327
4557003,Preinfarction syndrome (disorder),Condition,Anthem,Commercial,"$461,272","$461,272","$2,390",19.2%,193
80394007,Hyperglycemia (disorder),Condition,Anthem,Commercial,"$459,093","$459,093",$438,58.4%,"1,047"
6072007,Bleeding from anus,Condition,Blue Cross Blue Shield,Commercial,"$457,124","$457,124","$5,508",33.5%,83
93761005,Primary malignant neoplasm of colon,Condition,Anthem,Commercial,"$456,664","$456,664","$14,271",7.8%,32
6072007,Bleeding from anus,Condition,NO_INSURANCE,Self-Pay / Uninsured,"$455,194","$455,194","$5,419",100.0%,84
110030002,Concussion injury of brain (disorder),Condition,Anthem,Commercial,"$454,682","$454,682",$119,57.9%,"3,825"
90560007,Gout,Condition,Medicare,Government,"$453,769","$453,769",$253,12.6%,"1,797"
239873007,Osteoarthritis of knee,Condition,Medicaid,Government,"$452,918","$452,918",$211,33.6%,"2,142"
302870006,Hypertriglyceridemia (disorder),Condition,Cigna Health,Commercial,"$452,268","$452,268",$428,83.3%,"1,057"
361055000,Misuses drugs (finding),Condition,UnitedHealthcare,Commercial,"$450,614","$450,614",$480,62.7%,939
44054006,Diabetes mellitus type 2 (disorder),Condition,UnitedHealthcare,Commercial,"$444,233","$444,233",$596,60.7%,745
80394007,Hyperglycemia (disorder),Condition,Cigna Health,Commercial,"$436,801","$436,801",$423,76.6%,"1,033"
65275009,Acute Cholecystitis,Condition,UnitedHealthcare,Commercial,"$435,025","$435,025",$780,21.2%,558
302870006,Hypertriglyceridemia (disorder),Condition,Anthem,Commercial,"$429,380","$429,380",$436,70.4%,985
6072007,Bleeding from anus,Condition,UnitedHealthcare,Commercial,"$427,596","$427,596","$6,109",20.9%,70
267253006,Fetus with chromosomal abnormality,Condition,Blue Cross Blue Shield,Commercial,"$425,162","$425,162","$1,481",10.5%,287
67787004,Tongue tie (disorder),Condition,Medicare,Government,"$420,417","$420,417","$2,071",3.4%,203
80394007,Hyperglycemia (disorder),Condition,Aetna,Commercial,"$419,773","$419,773",$402,76.1%,"1,044"
110030002,Concussion injury of brain (disorder),Condition,NO_INSURANCE,Self-Pay / Uninsured,"$419,569","$419,569",$121,100.0%,"3,455"
267253006,Fetus with chromosomal abnormality,Condition,UnitedHealthcare,Commercial,"$410,989","$410,989","$1,422",7.6%,289
422034002,Retinopathy due to type 2 diabetes mellitus (disorder),Condition,Dual Eligible,Government,"$407,013","$407,013",$522,1.9%,779
361055000,Misuses drugs (finding),Condition,Blue Cross Blue Shield,Commercial,"$406,404","$406,404",$472,76.1%,861
368581000119106,Neuropathy due to type 2 diabetes mellitus (disorder),Condition,Anthem,Commercial,"$387,304","$387,304",$821,43.5%,472
110030002,Concussion injury of brain (disorder),Condition,Blue Cross Blue Shield,Commercial,"$386,239","$386,239",$127,71.5%,"3,046"
80394007,Hyperglycemia (disorder),Condition,Blue Cross Blue Shield,Commercial,"$385,530","$385,530",$558,63.5%,691
368581000119106,Neuropathy due to type 2 diabetes mellitus (disorder),Condition,Aetna,Commercial,"$380,589","$380,589",$919,54.9%,414
93761005,Primary malignant neoplasm of colon,Condition,UnitedHealthcare,Commercial,"$380,525","$380,525","$21,140",6.3%,18
26929004,Alzheimer's disease (disorder),Condition,NO_INSURANCE,Self-Pay / Uninsured,"$380,140","$380,140",$639,100.0%,595
267253006,Fetus with chromosomal abnormality,Condition,Medicare,Government,"$379,555","$379,555","$1,488",0.8%,255
110030002,Concussion injury of brain (disorder),Condition,UnitedHealthcare,Commercial,"$378,001","$378,001",$127,57.5%,"2,976"
128188000,Cerebral palsy (disorder),Condition,Medicaid,Government,"$377,070","$377,070",$547,12.4%,689
97331000119101,Macular edema and retinopathy due to type 2 diabetes mellitus (disorder),Condition,Medicare,Government,"$367,796","$367,796",$489,8.9%,752
47505003,Posttraumatic stress disorder,Condition,Medicare,Government,"$358,940","$358,940",$77,11.3%,"4,653"
124171000119105,Chronic intractable migraine without aura,Condition,Aetna,Commercial,"$354,510","$354,510",$63,59.9%,"5,605"
4557003,Preinfarction syndrome (disorder),Condition,UnitedHealthcare,Commercial,"$351,027","$351,027","$3,944",18.1%,89
35999006,Blighted ovum,Condition,Dual Eligible,Government,"$348,522","$348,522","$1,296",2.7%,269
422034002,Retinopathy due to type 2 diabetes mellitus (disorder),Condition,Medicaid,Government,"$347,199","$347,199",$343,9.1%,"1,013"
124171000119105,Chronic intractable migraine without aura,Condition,Cigna Health,Commercial,"$346,519","$346,519",$63,55.4%,"5,512"
62106007,Concussion with no loss of consciousness,Condition,Medicare,Government,"$344,741","$344,741",$73,25.8%,"4,738"
124171000119105,Chronic intractable migraine without aura,Condition,Anthem,Commercial,"$336,253","$336,253",$62,47.4%,"5,396"
58150001,Fracture of clavicle,Condition,Medicare,Government,"$324,725","$324,725",$71,15.4%,"4,551"
37849005,Congenital uterine anomaly,Condition,Humana,Commercial,"$323,947","$323,947","$1,415",11.8%,229
239873007,Osteoarthritis of knee,Condition,Medicare,Government,"$322,559","$322,559",$241,21.7%,"1,339"
197927001,Recurrent urinary tract infection (disorder),Condition,Medicaid,Government,"$316,721","$316,721","$1,152",4.0%,275
302870006,Hypertriglyceridemia (disorder),Condition,NO_INSURANCE,Self-Pay / Uninsured,"$316,029","$316,029",$423,100.0%,747
6072007,Bleeding from anus,Condition,Dual Eligible,Government,"$316,018","$316,018","$4,389",0.8%,72
65966004,Fracture of forearm,Condition,Medicaid,Government,"$314,995","$314,995",$71,74.6%,"4,406"
80394007,Hyperglycemia (disorder),Condition,UnitedHealthcare,Commercial,"$314,006","$314,006",$452,58.6%,694
254632001,Small cell carcinoma of lung (disorder),Condition,NO_INSURANCE,Self-Pay / Uninsured,"$310,549","$310,549","$9,411",100.0%,33
16114001,Fracture of ankle,Condition,Medicare,Government,"$307,536","$307,536",$74,15.8%,"4,157"
24079001,Atopic dermatitis,Condition,Dual Eligible,Government,"$306,965","$306,965",$152,22.2%,"2,018"
368581000119106,Neuropathy due to type 2 diabetes mellitus (disorder),Condition,Blue Cross Blue Shield,Commercial,"$301,203","$301,203",$984,52.4%,306
67787004,Tongue tie (disorder),Condition,Medicaid,Government,"$300,862","$300,862","$1,892",2.7%,159
58150001,Fracture of clavicle,Condition,Medicaid,Government,"$299,153","$299,153",$71,74.3%,"4,188"
126906006,Neoplasm of prostate,Condition,Blue Cross Blue Shield,Commercial,"$296,529","$296,529","$1,865",21.4%,159
368581000119106,Neuropathy due to type 2 diabetes mellitus (disorder),Condition,NO_INSURANCE,Self-Pay / Uninsured,"$295,959","$295,959",$757,100.0%,391
263102004,Fracture subluxation of wrist,Condition,Medicare,Government,"$295,766","$295,766",$72,15.8%,"4,093"
254632001,Small cell carcinoma of lung (disorder),Condition,Humana,Commercial,"$286,866","$286,866","$13,039",9.9%,22
302870006,Hypertriglyceridemia (disorder),Condition,Blue Cross Blue Shield,Commercial,"$277,660","$277,660",$486,80.2%,571
126906006,Neoplasm of prostate,Condition,UnitedHealthcare,Commercial,"$275,092","$275,092","$1,618",16.4%,170
1551000119108,Nonproliferative diabetic retinopathy due to type 2 diabetes mellitus (disorder),Condition,Dual Eligible,Government,"$272,898","$272,898",$549,2.0%,497
368581000119106,Neuropathy due to type 2 diabetes mellitus (disorder),Condition,Cigna Health,Commercial,"$272,629","$272,629",$602,67.7%,453
16114001,Fracture of ankle,Condition,Medicaid,Government,"$272,265","$272,265",$72,74.0%,"3,800"
124171000119105,Chronic intractable migraine without aura,Condition,Medicare,Government,"$272,044","$272,044",$64,22.1%,"4,280"
263102004,Fracture subluxation of wrist,Condition,Medicaid,Government,"$271,246","$271,246",$72,73.6%,"3,753"
124171000119105,Chronic intractable migraine without aura,Condition,NO_INSURANCE,Self-Pay / Uninsured,"$271,054","$271,054",$64,100.0%,"4,220"
110030002,Concussion injury of brain (disorder),Condition,Dual Eligible,Government,"$269,705","$269,705",$122,28.5%,"2,217"
1501000119109,Proliferative diabetic retinopathy due to type II diabetes mellitus (disorder),Condition,Medicare,Government,"$266,290","$266,290",$491,14.6%,542
302870006,Hypertriglyceridemia (disorder),Condition,UnitedHealthcare,Commercial,"$262,146","$262,146",$416,69.4%,630
80394007,Hyperglycemia (disorder),Condition,NO_INSURANCE,Self-Pay / Uninsured,"$261,430","$261,430",$361,100.0%,725
446096008,Perennial allergic rhinitis,Condition,Medicaid,Government,"$261,119","$261,119",$149,45.6%,"1,758"
62106007,Concussion with no loss of consciousness,Condition,Humana,Commercial,"$260,845","$260,845",$73,79.4%,"3,596"
232353008,Perennial allergic rhinitis with seasonal variation,Condition,Medicaid,Government,"$260,784","$260,784",$148,45.7%,"1,767"
37849005,Congenital uterine anomaly,Condition,NO_INSURANCE,Self-Pay / Uninsured,"$255,670","$255,670","$1,486",100.0%,172
55680006,Drug overdose,Condition,Humana,Commercial,"$252,314","$252,314",$128,69.7%,"1,967"
62479008,Acquired immune deficiency syndrome (disorder),Condition,Medicaid,Government,"$249,480","$249,480","$1,697",1.1%,147
90560007,Gout,Condition,Medicaid,Government,"$248,261","$248,261",$221,27.8%,"1,122"
93761005,Primary malignant neoplasm of colon,Condition,NO_INSURANCE,Self-Pay / Uninsured,"$245,961","$245,961","$6,473",100.0%,38
283545005,Gunshot wound (disorder),Condition,Medicaid,Government,"$241,812","$241,812",$288,20.4%,839
48724000,Mitral valve regurgitation (disorder),Condition,Medicare,Government,"$241,698","$241,698",$518,13.3%,467
403190006,Epidermal burn of skin (disorder),Condition,Medicaid,Government,"$240,445","$240,445",$72,72.3%,"3,335"
609496007,Complication occuring during pregnancy,Condition,Humana,Commercial,"$228,671","$228,671","$1,475",14.2%,155
37849005,Congenital uterine anomaly,Condition,Aetna,Commercial,"$227,502","$227,502","$1,548",5.1%,147
239873007,Osteoarthritis of knee,Condition,Humana,Commercial,"$223,683","$223,683",$233,72.5%,958
93761005,Primary malignant neoplasm of colon,Condition,Blue Cross Blue Shield,Commercial,"$223,648","$223,648","$11,182",3.5%,20
239873007,Osteoarthritis of knee,Condition,Cigna Health,Commercial,"$223,131","$223,131",$238,65.6%,937
239873007,Osteoarthritis of knee,Condition,Anthem,Commercial,"$222,556","$222,556",$245,51.6%,908
95417003,Primary fibromyalgia syndrome,Condition,Dual Eligible,Government,"$221,342","$221,342",$105,28.4%,"2,109"
4557003,Preinfarction syndrome (disorder),Condition,Blue Cross Blue Shield,Commercial,"$219,324","$219,324","$2,410",20.4%,91
124171000119105,Chronic intractable migraine without aura,Condition,Dual Eligible,Government,"$214,255","$214,255",$65,32.3%,"3,304"
5602001,Opioid abuse (disorder),Condition,Humana,Commercial,"$213,095","$213,095",$448,57.4%,476
62106007,Concussion with no loss of consciousness,Condition,Cigna Health,Commercial,"$212,143","$212,143",$71,71.9%,"2,994"
37849005,Congenital uterine anomaly,Condition,Anthem,Commercial,"$211,515","$211,515","$1,420",5.6%,149
37849005,Congenital uterine anomaly,Condition,Cigna Health,Commercial,"$210,607","$210,607","$1,433",11.3%,147
37849005,Congenital uterine anomaly,Condition,Blue Cross Blue Shield,Commercial,"$210,496","$210,496","$1,548",12.5%,136
62106007,Concussion with no loss of consciousness,Condition,Aetna,Commercial,"$210,162","$210,162",$71,82.7%,"2,960"
239873007,Osteoarthritis of knee,Condition,Aetna,Commercial,"$208,252","$208,252",$236,75.8%,883
254632001,Small cell carcinoma of lung (disorder),Condition,Anthem,Commercial,"$206,110","$206,110","$10,306",10.2%,20
714628002,Prediabetes (finding),Condition,Dual Eligible,Government,"$202,500","$202,500",$833,1.8%,243
197927001,Recurrent urinary tract infection (disorder),Condition,Humana,Commercial,"$200,554","$200,554","$1,311",53.5%,153
254632001,Small cell carcinoma of lung (disorder),Condition,Cigna Health,Commercial,"$198,105","$198,105","$9,005",14.3%,22
230265002,Familial Alzheimer's disease of early onset (disorder),Condition,NO_INSURANCE,Self-Pay / Uninsured,"$195,959","$195,959",$440,100.0%,445
1551000119108,Nonproliferative diabetic retinopathy due to type 2 diabetes mellitus (disorder),Condition,Medicaid,Government,"$195,258","$195,258",$352,8.7%,555
201834006,Localized  primary osteoarthritis of the hand,Condition,Medicaid,Government,"$194,728","$194,728",$209,33.5%,931
62106007,Concussion with no loss of consciousness,Condition,Anthem,Commercial,"$194,135","$194,135",$71,58.2%,"2,746"
11625007,Torus mandibularis (disorder),Condition,Medicare,Government,"$193,688","$193,688","$2,018",2.5%,96
62479008,Acquired immune deficiency syndrome (disorder),Condition,Dual Eligible,Government,"$192,928","$192,928","$1,770",0.1%,109
254632001,Small cell carcinoma of lung (disorder),Condition,Blue Cross Blue Shield,Commercial,"$187,625","$187,625","$8,528",12.1%,22
422034002,Retinopathy due to type 2 diabetes mellitus (disorder),Condition,Aetna,Commercial,"$184,807","$184,807",$504,78.5%,367
190905008,Cystic Fibrosis,Condition,Medicaid,Government,"$183,212","$183,212","$2,130",2.5%,86
283545005,Gunshot wound (disorder),Condition,Medicare,Government,"$180,508","$180,508",$295,11.9%,612
62106007,Concussion with no loss of consciousness,Condition,NO_INSURANCE,Self-Pay / Uninsured,"$178,341","$178,341",$72,100.0%,"2,487"
197927001,Recurrent urinary tract infection (disorder),Condition,Aetna,Commercial,"$175,697","$175,697","$1,673",62.5%,105
37849005,Congenital uterine anomaly,Condition,UnitedHealthcare,Commercial,"$175,362","$175,362","$1,594",5.3%,110
197927001,Recurrent urinary tract infection (disorder),Condition,Cigna Health,Commercial,"$171,975","$171,975","$1,344",45.3%,128
62564004,Concussion with loss of consciousness,Condition,Medicaid,Government,"$170,938","$170,938",$72,77.2%,"2,369"
359817006,Closed fracture of hip,Condition,Medicare,Government,"$169,091","$169,091",$74,16.4%,"2,286"
422034002,Retinopathy due to type 2 diabetes mellitus (disorder),Condition,Cigna Health,Commercial,"$167,984","$167,984",$399,82.5%,421
230265002,Familial Alzheimer's disease of early onset (disorder),Condition,Anthem,Commercial,"$166,084","$166,084",$382,58.5%,435
403190006,Epidermal burn of skin (disorder),Condition,Medicare,Government,"$163,999","$163,999",$72,11.2%,"2,282"
239872002,Osteoarthritis of hip,Condition,Medicaid,Government,"$163,408","$163,408",$210,33.7%,778
403191005,Second degree burn,Condition,Medicaid,Government,"$162,449","$162,449",$72,72.3%,"2,261"
368581000119106,Neuropathy due to type 2 diabetes mellitus (disorder),Condition,UnitedHealthcare,Commercial,"$161,817","$161,817",$625,52.4%,259
65966004,Fracture of forearm,Condition,Dual Eligible,Government,"$161,411","$161,411",$73,48.0%,"2,222"
267253006,Fetus with chromosomal abnormality,Condition,Dual Eligible,Government,"$160,630","$160,630","$1,560",2.2%,103
5602001,Opioid abuse (disorder),Condition,Aetna,Commercial,"$159,983","$159,983",$441,61.9%,363
62106007,Concussion with no loss of consciousness,Condition,Blue Cross Blue Shield,Commercial,"$156,913","$156,913",$73,73.1%,"2,158"
62106007,Concussion with no loss of consciousness,Condition,UnitedHealthcare,Commercial,"$156,098","$156,098",$73,56.8%,"2,152"
609496007,Complication occuring during pregnancy,Condition,NO_INSURANCE,Self-Pay / Uninsured,"$155,702","$155,702","$1,512",100.0%,103
254632001,Small cell carcinoma of lung (disorder),Condition,Aetna,Commercial,"$155,016","$155,016","$9,119",2.0%,17
230265002,Familial Alzheimer's disease of early onset (disorder),Condition,Aetna,Commercial,"$152,619","$152,619",$325,72.5%,470
239873007,Osteoarthritis of knee,Condition,NO_INSURANCE,Self-Pay / Uninsured,"$152,045","$152,045",$238,100.0%,640
33737001,Fracture of rib,Condition,Medicare,Government,"$148,854","$148,854",$72,14.6%,"2,061"
197927001,Recurrent urinary tract infection (disorder),Condition,Anthem,Commercial,"$148,037","$148,037","$1,334",27.8%,111
5602001,Opioid abuse (disorder),Condition,Cigna Health,Commercial,"$147,785","$147,785",$446,48.1%,331
422034002,Retinopathy due to type 2 diabetes mellitus (disorder),Condition,Humana,Commercial,"$146,294","$146,294",$434,85.6%,337
90560007,Gout,Condition,Dual Eligible,Government,"$144,124","$144,124",$231,15.1%,623
239873007,Osteoarthritis of knee,Condition,Blue Cross Blue Shield,Commercial,"$142,052","$142,052",$240,62.0%,592
11625007,Torus mandibularis (disorder),Condition,Medicaid,Government,"$141,822","$141,822","$1,866",2.6%,76
197927001,Recurrent urinary tract infection (disorder),Condition,UnitedHealthcare,Commercial,"$141,544","$141,544","$1,573",22.1%,90
128188000,Cerebral palsy (disorder),Condition,NO_INSURANCE,Self-Pay / Uninsured,"$140,849","$140,849",$561,100.0%,251
230265002,Familial Alzheimer's disease of early onset (disorder),Condition,Humana,Commercial,"$140,690","$140,690",$323,73.9%,436
230265002,Familial Alzheimer's disease of early onset (disorder),Condition,Cigna Health,Commercial,"$138,184","$138,184",$323,73.4%,428
5602001,Opioid abuse (disorder),Condition,Medicare,Government,"$138,152","$138,152",$544,7.6%,254
609496007,Complication occuring during pregnancy,Condition,Cigna Health,Commercial,"$136,677","$136,677","$1,647",5.6%,83
367498001,Seasonal allergic rhinitis,Condition,Medicaid,Government,"$136,660","$136,660",$157,42.5%,869
37849005,Congenital uterine anomaly,Condition,Medicare,Government,"$136,350","$136,350","$1,377",1.5%,99
91861009,Acute myeloid leukemia  disease (disorder),Condition,Humana,Commercial,"$136,234","$136,234","$4,007",47.3%,34
33737001,Fracture of rib,Condition,Medicaid,Government,"$133,958","$133,958",$71,74.6%,"1,875"
197927001,Recurrent urinary tract infection (disorder),Condition,Medicare,Government,"$133,080","$133,080",$760,6.7%,175
201834006,Localized  primary osteoarthritis of the hand,Condition,Medicare,Government,"$130,878","$130,878",$233,20.7%,562
609496007,Complication occuring during pregnancy,Condition,Aetna,Commercial,"$129,302","$129,302","$1,679",6.0%,77
55680006,Drug overdose,Condition,Blue Cross Blue Shield,Commercial,"$124,676","$124,676",$129,63.9%,966
67787004,Tongue tie (disorder),Condition,Humana,Commercial,"$124,178","$124,178","$2,070",23.7%,60
67787004,Tongue tie (disorder),Condition,Dual Eligible,Government,"$123,900","$123,900","$1,877",1.9%,66
5602001,Opioid abuse (disorder),Condition,NO_INSURANCE,Self-Pay / Uninsured,"$123,350","$123,350",$453,100.0%,272
90560007,Gout,Condition,Humana,Commercial,"$123,226","$123,226",$261,77.7%,472
239873007,Osteoarthritis of knee,Condition,UnitedHealthcare,Commercial,"$122,670","$122,670",$234,46.3%,524
5602001,Opioid abuse (disorder),Condition,Anthem,Commercial,"$121,537","$121,537",$433,27.2%,281
90560007,Gout,Condition,Aetna,Commercial,"$121,407","$121,407",$268,75.3%,453
609496007,Complication occuring during pregnancy,Condition,Anthem,Commercial,"$120,971","$120,971","$1,260",2.4%,96
48724000,Mitral valve regurgitation (disorder),Condition,Medicaid,Government,"$120,335","$120,335",$716,3.0%,168
408512008,Body mass index 40+ - severely obese (finding),Condition,Medicaid,Government,"$120,182","$120,182",$786,7.7%,153
449868002,Smokes tobacco daily,Condition,Medicare,Government,"$118,679","$118,679",$802,7.3%,148
90560007,Gout,Condition,Cigna Health,Commercial,"$118,260","$118,260",$271,68.9%,437
5602001,Opioid abuse (disorder),Condition,UnitedHealthcare,Commercial,"$117,086","$117,086",$466,24.6%,251
239872002,Osteoarthritis of hip,Condition,Medicare,Government,"$116,790","$116,790",$237,18.3%,492
58150001,Fracture of clavicle,Condition,Dual Eligible,Government,"$115,047","$115,047",$72,48.2%,"1,590"
609496007,Complication occuring during pregnancy,Condition,Blue Cross Blue Shield,Commercial,"$113,805","$113,805","$1,778",11.3%,64
403191005,Second degree burn,Condition,Medicare,Government,"$113,392","$113,392",$76,11.1%,"1,491"
62106007,Concussion with no loss of consciousness,Condition,Dual Eligible,Government,"$111,695","$111,695",$72,48.2%,"1,543"
5602001,Opioid abuse (disorder),Condition,Blue Cross Blue Shield,Commercial,"$111,643","$111,643",$481,42.7%,232
47505003,Posttraumatic stress disorder,Condition,Dual Eligible,Government,"$108,710","$108,710",$78,42.1%,"1,399"
16114001,Fracture of ankle,Condition,Dual Eligible,Government,"$107,948","$107,948",$73,47.7%,"1,473"
609496007,Complication occuring during pregnancy,Condition,UnitedHealthcare,Commercial,"$107,493","$107,493","$1,536",10.1%,70
67787004,Tongue tie (disorder),Condition,Cigna Health,Commercial,"$106,815","$106,815","$2,015",23.9%,53
422034002,Retinopathy due to type 2 diabetes mellitus (disorder),Condition,NO_INSURANCE,Self-Pay / Uninsured,"$106,756","$106,756",$357,100.0%,299
422034002,Retinopathy due to type 2 diabetes mellitus (disorder),Condition,UnitedHealthcare,Commercial,"$106,441","$106,441",$457,61.3%,233
283545005,Gunshot wound (disorder),Condition,Humana,Commercial,"$106,404","$106,404",$301,83.4%,353
90560007,Gout,Condition,Anthem,Commercial,"$105,922","$105,922",$275,51.6%,385
40275004,Contact dermatitis,Condition,Medicaid,Government,"$105,866","$105,866",$171,39.9%,618
55680006,Drug overdose,Condition,UnitedHealthcare,Commercial,"$104,268","$104,268",$127,46.3%,824
263102004,Fracture subluxation of wrist,Condition,Dual Eligible,Government,"$103,667","$103,667",$74,46.9%,"1,397"
65966004,Fracture of forearm,Condition,Humana,Commercial,"$103,494","$103,494",$72,72.2%,"1,447"
230265002,Familial Alzheimer's disease of early onset (disorder),Condition,UnitedHealthcare,Commercial,"$103,319","$103,319",$402,54.6%,257
67787004,Tongue tie (disorder),Condition,Anthem,Commercial,"$102,343","$102,343","$1,968",20.4%,52
1551000119108,Nonproliferative diabetic retinopathy due to type 2 diabetes mellitus (disorder),Condition,Cigna Health,Commercial,"$101,871","$101,871",$487,61.6%,209
67787004,Tongue tie (disorder),Condition,NO_INSURANCE,Self-Pay / Uninsured,"$101,627","$101,627","$2,033",100.0%,50
233604007,Pneumonia (disorder),Condition,Medicaid,Government,"$100,853","$100,853","$1,019",4.3%,99
97331000119101,Macular edema and retinopathy due to type 2 diabetes mellitus (disorder),Condition,Dual Eligible,Government,"$99,289","$99,289",$394,2.8%,252
67787004,Tongue tie (disorder),Condition,Aetna,Commercial,"$99,016","$99,016","$2,021",24.9%,49
609496007,Complication occuring during pregnancy,Condition,Medicare,Government,"$99,016","$99,016","$1,500",0.5%,66
422034002,Retinopathy due to type 2 diabetes mellitus (disorder),Condition,Anthem,Commercial,"$98,471","$98,471",$326,72.4%,302
58150001,Fracture of clavicle,Condition,Humana,Commercial,"$98,396","$98,396",$72,72.1%,"1,358"
283545005,Gunshot wound (disorder),Condition,Cigna Health,Commercial,"$97,629","$97,629",$285,69.7%,343
90560007,Gout,Condition,NO_INSURANCE,Self-Pay / Uninsured,"$97,173","$97,173",$258,100.0%,376
403190006,Epidermal burn of skin (disorder),Condition,Humana,Commercial,"$96,327","$96,327",$72,28.1%,"1,340"
283545005,Gunshot wound (disorder),Condition,Aetna,Commercial,"$95,914","$95,914",$296,85.2%,324
425048006,Non-small cell carcinoma of lung  TNM stage 2 (disorder),Condition,UnitedHealthcare,Commercial,"$95,774","$95,774","$6,385",0.0%,15
230265002,Familial Alzheimer's disease of early onset (disorder),Condition,Blue Cross Blue Shield,Commercial,"$94,752","$94,752",$376,68.9%,252
239872002,Osteoarthritis of hip,Condition,Humana,Commercial,"$93,196","$93,196",$237,72.0%,393
201834006,Localized  primary osteoarthritis of the hand,Condition,Humana,Commercial,"$92,719","$92,719",$235,73.4%,394
62564004,Concussion with loss of consciousness,Condition,Medicare,Government,"$92,324","$92,324",$73,26.7%,"1,264"
201834006,Localized  primary osteoarthritis of the hand,Condition,Cigna Health,Commercial,"$91,829","$91,829",$242,67.2%,379
53827007,Excessive salivation (disorder),Condition,Medicare,Government,"$91,505","$91,505",$389,5.2%,235
16114001,Fracture of ankle,Condition,Humana,Commercial,"$88,572","$88,572",$72,70.4%,"1,229"
67787004,Tongue tie (disorder),Condition,Blue Cross Blue Shield,Commercial,"$86,916","$86,916","$2,120",24.7%,41
263102004,Fracture subluxation of wrist,Condition,Humana,Commercial,"$86,066","$86,066",$72,72.9%,"1,203"
239872002,Osteoarthritis of hip,Condition,Aetna,Commercial,"$85,966","$85,966",$243,74.5%,354
1551000119108,Nonproliferative diabetic retinopathy due to type 2 diabetes mellitus (disorder),Condition,Humana,Commercial,"$83,607","$83,607",$370,92.4%,226
90560007,Gout,Condition,Blue Cross Blue Shield,Commercial,"$83,581","$83,581",$275,64.5%,304
58150001,Fracture of clavicle,Condition,NO_INSURANCE,Self-Pay / Uninsured,"$83,348","$83,348",$72,100.0%,"1,151"
190905008,Cystic Fibrosis,Condition,Blue Cross Blue Shield,Commercial,"$82,528","$82,528","$2,116",42.5%,39
58150001,Fracture of clavicle,Condition,Cigna Health,Commercial,"$81,565","$81,565",$70,65.4%,"1,163"
1551000119108,Nonproliferative diabetic retinopathy due to type 2 diabetes mellitus (disorder),Condition,Aetna,Commercial,"$81,160","$81,160",$353,90.4%,230
283545005,Gunshot wound (disorder),Condition,Blue Cross Blue Shield,Commercial,"$80,796","$80,796",$310,73.2%,261
201834006,Localized  primary osteoarthritis of the hand,Condition,Aetna,Commercial,"$80,741","$80,741",$235,70.9%,343
65966004,Fracture of forearm,Condition,Cigna Health,Commercial,"$80,618","$80,618",$70,66.3%,"1,154"
254632001,Small cell carcinoma of lung (disorder),Condition,UnitedHealthcare,Commercial,"$80,550","$80,550","$8,950",15.5%,9
65966004,Fracture of forearm,Condition,NO_INSURANCE,Self-Pay / Uninsured,"$80,439","$80,439",$71,100.0%,"1,134"
239873007,Osteoarthritis of knee,Condition,Dual Eligible,Government,"$80,294","$80,294",$207,16.9%,388
197927001,Recurrent urinary tract infection (disorder),Condition,NO_INSURANCE,Self-Pay / Uninsured,"$79,792","$79,792","$1,287",100.0%,62
201834006,Localized  primary osteoarthritis of the hand,Condition,NO_INSURANCE,Self-Pay / Uninsured,"$79,744","$79,744",$248,100.0%,321
65966004,Fracture of forearm,Condition,Aetna,Commercial,"$79,350","$79,350",$70,75.3%,"1,130"
58150001,Fracture of clavicle,Condition,Aetna,Commercial,"$78,859","$78,859",$70,75.6%,"1,125"
24079001,Atopic dermatitis,Condition,Medicaid,Government,"$78,730","$78,730",$159,38.5%,495
5602001,Opioid abuse (disorder),Condition,Dual Eligible,Government,"$77,457","$77,457",$557,1.5%,139
47505003,Posttraumatic stress disorder,Condition,Medicaid,Government,"$77,430","$77,430",$83,57.9%,929
283545005,Gunshot wound (disorder),Condition,Anthem,Commercial,"$77,186","$77,186",$289,53.1%,267
65966004,Fracture of forearm,Condition,Anthem,Commercial,"$77,147","$77,147",$70,46.4%,"1,097"
111287006,Tricuspid valve regurgitation (disorder),Condition,Medicare,Government,"$76,975","$76,975",$794,5.5%,97
403190006,Epidermal burn of skin (disorder),Condition,Cigna Health,Commercial,"$76,846","$76,846",$71,29.6%,"1,087"
7200002,Alcoholism,Condition,Medicare,Government,"$76,562","$76,562",$482,10.1%,159
197927001,Recurrent urinary tract infection (disorder),Condition,Blue Cross Blue Shield,Commercial,"$76,059","$76,059","$1,247",48.8%,61
232353008,Perennial allergic rhinitis with seasonal variation,Condition,Humana,Commercial,"$75,649","$75,649",$169,93.8%,448
91861009,Acute myeloid leukemia  disease (disorder),Condition,Medicaid,Government,"$75,283","$75,283",$760,2.1%,99
403190006,Epidermal burn of skin (disorder),Condition,Aetna,Commercial,"$75,115","$75,115",$70,29.2%,"1,067"
1551000119108,Nonproliferative diabetic retinopathy due to type 2 diabetes mellitus (disorder),Condition,Anthem,Commercial,"$74,317","$74,317",$413,66.5%,180
239872002,Osteoarthritis of hip,Condition,Anthem,Commercial,"$74,149","$74,149",$240,46.6%,309
422034002,Retinopathy due to type 2 diabetes mellitus (disorder),Condition,Blue Cross Blue Shield,Commercial,"$73,998","$73,998",$316,88.5%,234
201834006,Localized  primary osteoarthritis of the hand,Condition,Anthem,Commercial,"$73,849","$73,849",$241,50.3%,306
16114001,Fracture of ankle,Condition,NO_INSURANCE,Self-Pay / Uninsured,"$73,628","$73,628",$71,99.3%,"1,042"
62479008,Acquired immune deficiency syndrome (disorder),Condition,Humana,Commercial,"$72,920","$72,920","$1,657",70.1%,44
408512008,Body mass index 40+ - severely obese (finding),Condition,Humana,Commercial,"$72,882","$72,882",$784,78.5%,93
48724000,Mitral valve regurgitation (disorder),Condition,Dual Eligible,Government,"$72,478","$72,478",$447,0.0%,162
239872002,Osteoarthritis of hip,Condition,Cigna Health,Commercial,"$72,099","$72,099",$234,63.3%,308
58150001,Fracture of clavicle,Condition,Anthem,Commercial,"$72,061","$72,061",$71,44.0%,"1,020"
263102004,Fracture subluxation of wrist,Condition,Aetna,Commercial,"$72,013","$72,013",$70,75.7%,"1,028"
90560007,Gout,Condition,UnitedHealthcare,Commercial,"$70,979","$70,979",$263,47.1%,270
359817006,Closed fracture of hip,Condition,Medicaid,Government,"$70,829","$70,829",$71,74.1%,993
403190006,Epidermal burn of skin (disorder),Condition,NO_INSURANCE,Self-Pay / Uninsured,"$70,609","$70,609",$70,100.0%,"1,003"
16114001,Fracture of ankle,Condition,Cigna Health,Commercial,"$70,596","$70,596",$70,66.9%,"1,008"
190905008,Cystic Fibrosis,Condition,NO_INSURANCE,Self-Pay / Uninsured,"$70,487","$70,487","$1,855",100.0%,38
370143000,Major depression disorder,Condition,Medicaid,Government,"$70,136","$70,136",$381,9.7%,184
403190006,Epidermal burn of skin (disorder),Condition,Anthem,Commercial,"$69,804","$69,804",$71,26.4%,990
62564004,Concussion with loss of consciousness,Condition,Humana,Commercial,"$69,648","$69,648",$73,81.0%,955
65966004,Fracture of forearm,Condition,Blue Cross Blue Shield,Commercial,"$69,579","$69,579",$72,66.5%,972
283545005,Gunshot wound (disorder),Condition,NO_INSURANCE,Self-Pay / Uninsured,"$69,549","$69,549",$286,100.0%,243
16114001,Fracture of ankle,Condition,Anthem,Commercial,"$69,263","$69,263",$70,42.6%,989
263102004,Fracture subluxation of wrist,Condition,Cigna Health,Commercial,"$69,119","$69,119",$71,68.6%,970
1501000119109,Proliferative diabetic retinopathy due to type II diabetes mellitus (disorder),Condition,Dual Eligible,Government,"$68,988","$68,988",$379,2.6%,182
263102004,Fracture subluxation of wrist,Condition,NO_INSURANCE,Self-Pay / Uninsured,"$68,635","$68,635",$71,100.0%,973
449868002,Smokes tobacco daily,Condition,Medicaid,Government,"$68,114","$68,114",$512,9.0%,133
11625007,Torus mandibularis (disorder),Condition,Dual Eligible,Government,"$67,985","$67,985","$1,942",1.8%,35
403191005,Second degree burn,Condition,Humana,Commercial,"$67,609","$67,609",$72,28.5%,938
58150001,Fracture of clavicle,Condition,UnitedHealthcare,Commercial,"$67,126","$67,126",$72,42.1%,937
16114001,Fracture of ankle,Condition,Aetna,Commercial,"$66,513","$66,513",$70,73.8%,944
58150001,Fracture of clavicle,Condition,Blue Cross Blue Shield,Commercial,"$65,807","$65,807",$72,66.1%,919
263102004,Fracture subluxation of wrist,Condition,Anthem,Commercial,"$65,776","$65,776",$70,44.6%,933
1551000119108,Nonproliferative diabetic retinopathy due to type 2 diabetes mellitus (disorder),Condition,NO_INSURANCE,Self-Pay / Uninsured,"$65,442","$65,442",$313,100.0%,209
95417003,Primary fibromyalgia syndrome,Condition,Medicaid,Government,"$65,103","$65,103",$132,39.3%,492
67787004,Tongue tie (disorder),Condition,UnitedHealthcare,Commercial,"$63,791","$63,791","$2,126",19.0%,30
65966004,Fracture of forearm,Condition,UnitedHealthcare,Commercial,"$63,588","$63,588",$72,40.6%,889
232353008,Perennial allergic rhinitis with seasonal variation,Condition,NO_INSURANCE,Self-Pay / Uninsured,"$63,402","$63,402",$169,100.0%,376
62479008,Acquired immune deficiency syndrome (disorder),Condition,NO_INSURANCE,Self-Pay / Uninsured,"$63,143","$63,143","$2,177",100.0%,29
11625007,Torus mandibularis (disorder),Condition,NO_INSURANCE,Self-Pay / Uninsured,"$62,313","$62,313","$2,149",100.0%,29
97331000119101,Macular edema and retinopathy due to type 2 diabetes mellitus (disorder),Condition,Medicaid,Government,"$62,006","$62,006",$459,7.8%,135
93143009,Leukemia  disease (disorder),Condition,Medicare,Government,"$61,763","$61,763",$125,4.2%,494
446096008,Perennial allergic rhinitis,Condition,Cigna Health,Commercial,"$61,624","$61,624",$167,93.1%,370
359817006,Closed fracture of hip,Condition,Dual Eligible,Government,"$61,392","$61,392",$72,48.3%,850
446096008,Perennial allergic rhinitis,Condition,Humana,Commercial,"$61,331","$61,331",$157,91.9%,390
239872002,Osteoarthritis of hip,Condition,NO_INSURANCE,Self-Pay / Uninsured,"$61,289","$61,289",$243,100.0%,252
263102004,Fracture subluxation of wrist,Condition,Blue Cross Blue Shield,Commercial,"$60,546","$60,546",$72,68.7%,845
16114001,Fracture of ankle,Condition,Blue Cross Blue Shield,Commercial,"$60,274","$60,274",$71,67.5%,844
232353008,Perennial allergic rhinitis with seasonal variation,Condition,Anthem,Commercial,"$59,940","$59,940",$176,87.9%,341
40275004,Contact dermatitis,Condition,Humana,Commercial,"$59,576","$59,576",$190,78.6%,314
232353008,Perennial allergic rhinitis with seasonal variation,Condition,Aetna,Commercial,"$59,341","$59,341",$162,97.1%,367
11625007,Torus mandibularis (disorder),Condition,Aetna,Commercial,"$59,281","$59,281","$1,976",24.8%,30
16114001,Fracture of ankle,Condition,UnitedHealthcare,Commercial,"$58,978","$58,978",$71,41.8%,825
403190006,Epidermal burn of skin (disorder),Condition,Dual Eligible,Government,"$58,304","$58,304",$72,48.0%,805
446096008,Perennial allergic rhinitis,Condition,Medicare,Government,"$58,015","$58,015",$92,49.6%,630
403190006,Epidermal burn of skin (disorder),Condition,Blue Cross Blue Shield,Commercial,"$58,000","$58,000",$72,26.7%,807
11625007,Torus mandibularis (disorder),Condition,Cigna Health,Commercial,"$57,310","$57,310","$1,976",28.2%,29
201834006,Localized  primary osteoarthritis of the hand,Condition,Blue Cross Blue Shield,Commercial,"$56,710","$56,710",$236,67.2%,240
263102004,Fracture subluxation of wrist,Condition,UnitedHealthcare,Commercial,"$56,575","$56,575",$72,44.3%,786
232353008,Perennial allergic rhinitis with seasonal variation,Condition,Medicare,Government,"$56,156","$56,156",$88,47.3%,635
62564004,Concussion with loss of consciousness,Condition,Aetna,Commercial,"$55,485","$55,485",$70,84.4%,788
446096008,Perennial allergic rhinitis,Condition,NO_INSURANCE,Self-Pay / Uninsured,"$55,203","$55,203",$165,100.0%,334
232353008,Perennial allergic rhinitis with seasonal variation,Condition,Cigna Health,Commercial,"$54,815","$54,815",$177,91.3%,309
408512008,Body mass index 40+ - severely obese (finding),Condition,Aetna,Commercial,"$54,587","$54,587",$700,93.6%,78
62564004,Concussion with loss of consciousness,Condition,Cigna Health,Commercial,"$54,427","$54,427",$71,72.1%,770
232353008,Perennial allergic rhinitis with seasonal variation,Condition,UnitedHealthcare,Commercial,"$54,401","$54,401",$155,85.6%,352
408512008,Body mass index 40+ - severely obese (finding),Condition,Cigna Health,Commercial,"$53,784","$53,784",$803,93.0%,67
233604007,Pneumonia (disorder),Condition,NO_INSURANCE,Self-Pay / Uninsured,"$53,730","$53,730","$1,143",100.0%,47
446096008,Perennial allergic rhinitis,Condition,Aetna,Commercial,"$53,561","$53,561",$159,97.7%,337
201834006,Localized  primary osteoarthritis of the hand,Condition,UnitedHealthcare,Commercial,"$53,399","$53,399",$234,52.0%,228
48724000,Mitral valve regurgitation (disorder),Condition,Aetna,Commercial,"$53,281","$53,281",$730,52.9%,73
33737001,Fracture of rib,Condition,Dual Eligible,Government,"$52,490","$52,490",$72,48.6%,731
403191005,Second degree burn,Condition,Aetna,Commercial,"$51,782","$51,782",$72,28.4%,724
124171000119105,Chronic intractable migraine without aura,Condition,Humana,Commercial,"$51,595","$51,595",$68,60.2%,763
232353008,Perennial allergic rhinitis with seasonal variation,Condition,Blue Cross Blue Shield,Commercial,"$51,385","$51,385",$150,89.0%,342
11625007,Torus mandibularis (disorder),Condition,Humana,Commercial,"$50,803","$50,803","$2,117",27.4%,24
446096008,Perennial allergic rhinitis,Condition,UnitedHealthcare,Commercial,"$50,662","$50,662",$148,81.9%,343
62564004,Concussion with loss of consciousness,Condition,Anthem,Commercial,"$50,321","$50,321",$71,58.3%,710
403190006,Epidermal burn of skin (disorder),Condition,UnitedHealthcare,Commercial,"$50,045","$50,045",$72,26.9%,698
403191005,Second degree burn,Condition,Cigna Health,Commercial,"$50,032","$50,032",$73,25.0%,688
11625007,Torus mandibularis (disorder),Condition,Anthem,Commercial,"$49,326","$49,326","$1,973",18.1%,25
11625007,Torus mandibularis (disorder),Condition,Blue Cross Blue Shield,Commercial,"$49,113","$49,113","$1,965",25.5%,25
446096008,Perennial allergic rhinitis,Condition,Blue Cross Blue Shield,Commercial,"$48,621","$48,621",$157,92.5%,310
128188000,Cerebral palsy (disorder),Condition,Cigna Health,Commercial,"$48,302","$48,302",$582,81.4%,83
414667000,Meningomyelocele (disorder),Condition,Medicaid,Government,"$47,992","$47,992",$667,8.3%,72
36923009,Major depression  single episode,Condition,Medicaid,Government,"$47,892","$47,892",$229,29.1%,209
128188000,Cerebral palsy (disorder),Condition,Aetna,Commercial,"$47,518","$47,518",$587,85.4%,81
403191005,Second degree burn,Condition,Anthem,Commercial,"$47,426","$47,426",$72,27.0%,659
37849005,Congenital uterine anomaly,Condition,Dual Eligible,Government,"$47,081","$47,081","$1,569",2.2%,30
403191005,Second degree burn,Condition,NO_INSURANCE,Self-Pay / Uninsured,"$46,823","$46,823",$72,100.0%,653
62564004,Concussion with loss of consciousness,Condition,NO_INSURANCE,Self-Pay / Uninsured,"$46,484","$46,484",$71,100.0%,652
449868002,Smokes tobacco daily,Condition,Dual Eligible,Government,"$46,078","$46,078",$823,2.0%,56
283545005,Gunshot wound (disorder),Condition,UnitedHealthcare,Commercial,"$45,849","$45,849",$287,66.6%,160
239872002,Osteoarthritis of hip,Condition,Blue Cross Blue Shield,Commercial,"$45,652","$45,652",$233,70.8%,196
370143000,Major depression disorder,Condition,Humana,Commercial,"$45,577","$45,577",$386,80.4%,118
40275004,Contact dermatitis,Condition,Cigna Health,Commercial,"$45,540","$45,540",$197,75.8%,231
283545005,Gunshot wound (disorder),Condition,Dual Eligible,Government,"$45,077","$45,077",$268,12.2%,168
446096008,Perennial allergic rhinitis,Condition,Anthem,Commercial,"$44,808","$44,808",$153,85.4%,292
239872002,Osteoarthritis of hip,Condition,UnitedHealthcare,Commercial,"$43,581","$43,581",$227,45.6%,192
1551000119108,Nonproliferative diabetic retinopathy due to type 2 diabetes mellitus (disorder),Condition,UnitedHealthcare,Commercial,"$43,565","$43,565",$454,64.4%,96
40275004,Contact dermatitis,Condition,Aetna,Commercial,"$43,314","$43,314",$193,79.7%,225
128188000,Cerebral palsy (disorder),Condition,UnitedHealthcare,Commercial,"$43,211","$43,211",$635,40.7%,68
408512008,Body mass index 40+ - severely obese (finding),Condition,Blue Cross Blue Shield,Commercial,"$43,175","$43,175",$959,93.7%,45
1551000119108,Nonproliferative diabetic retinopathy due to type 2 diabetes mellitus (disorder),Condition,Blue Cross Blue Shield,Commercial,"$43,107","$43,107",$319,86.1%,135
40275004,Contact dermatitis,Condition,Anthem,Commercial,"$43,062","$43,062",$197,53.9%,219
128188000,Cerebral palsy (disorder),Condition,Humana,Commercial,"$42,750","$42,750",$668,83.4%,64
33737001,Fracture of rib,Condition,Humana,Commercial,"$42,520","$42,520",$71,45.4%,595
367498001,Seasonal allergic rhinitis,Condition,Humana,Commercial,"$41,134","$41,134",$177,97.0%,232
62479008,Acquired immune deficiency syndrome (disorder),Condition,Cigna Health,Commercial,"$41,068","$41,068","$1,580",65.2%,26
414667000,Meningomyelocele (disorder),Condition,Medicare,Government,"$41,038","$41,038",$117,30.9%,351
62564004,Concussion with loss of consciousness,Condition,Blue Cross Blue Shield,Commercial,"$40,728","$40,728",$72,71.5%,566
62564004,Concussion with loss of consciousness,Condition,UnitedHealthcare,Commercial,"$40,209","$40,209",$72,59.9%,558
408512008,Body mass index 40+ - severely obese (finding),Condition,Anthem,Commercial,"$40,061","$40,061",$835,76.5%,48
408512008,Body mass index 40+ - severely obese (finding),Condition,NO_INSURANCE,Self-Pay / Uninsured,"$40,034","$40,034",$852,100.0%,47
197927001,Recurrent urinary tract infection (disorder),Condition,Dual Eligible,Government,"$39,281","$39,281",$569,4.0%,69
128188000,Cerebral palsy (disorder),Condition,Blue Cross Blue Shield,Commercial,"$39,042","$39,042",$601,81.1%,65
262521009,Traumatic injury of spinal cord and/or vertebral column (disorder),Condition,Medicaid,Government,"$38,520","$38,520",$188,36.3%,205
262574004,Bullet wound,Condition,Medicaid,Government,"$37,934","$37,934",$87,45.0%,435
33737001,Fracture of rib,Condition,Anthem,Commercial,"$37,898","$37,898",$75,32.0%,504
69896004,Rheumatoid arthritis,Condition,Medicaid,Government,"$37,418","$37,418",$126,39.9%,296
609496007,Complication occuring during pregnancy,Condition,Dual Eligible,Government,"$36,990","$36,990","$1,608",2.2%,23
449868002,Smokes tobacco daily,Condition,Aetna,Commercial,"$36,784","$36,784",$472,70.4%,78
403191005,Second degree burn,Condition,Blue Cross Blue Shield,Commercial,"$36,439","$36,439",$72,27.3%,509
201834006,Localized  primary osteoarthritis of the hand,Condition,Dual Eligible,Government,"$36,292","$36,292",$210,16.7%,173
62479008,Acquired immune deficiency syndrome (disorder),Condition,UnitedHealthcare,Commercial,"$36,129","$36,129","$2,007",32.3%,18
33737001,Fracture of rib,Condition,Cigna Health,Commercial,"$35,971","$35,971",$71,40.1%,510
128188000,Cerebral palsy (disorder),Condition,Anthem,Commercial,"$35,953","$35,953",$666,43.7%,54
403191005,Second degree burn,Condition,Dual Eligible,Government,"$35,947","$35,947",$77,45.3%,467
69896004,Rheumatoid arthritis,Condition,Medicare,Government,"$35,719","$35,719",$142,21.3%,252
53827007,Excessive salivation (disorder),Condition,Dual Eligible,Government,"$35,424","$35,424",$385,9.1%,92
449868002,Smokes tobacco daily,Condition,Anthem,Commercial,"$35,390","$35,390",$498,64.1%,71
403191005,Second degree burn,Condition,UnitedHealthcare,Commercial,"$34,856","$34,856",$72,25.1%,481
40275004,Contact dermatitis,Condition,NO_INSURANCE,Self-Pay / Uninsured,"$34,755","$34,755",$181,100.0%,192
33737001,Fracture of rib,Condition,NO_INSURANCE,Self-Pay / Uninsured,"$34,131","$34,131",$70,100.0%,485
33737001,Fracture of rib,Condition,Aetna,Commercial,"$33,942","$33,942",$72,52.1%,472
36923009,Major depression  single episode,Condition,Humana,Commercial,"$33,843","$33,843",$235,100.0%,144
370143000,Major depression disorder,Condition,Anthem,Commercial,"$33,383","$33,383",$371,26.3%,90
7200002,Alcoholism,Condition,Medicaid,Government,"$33,216","$33,216",$420,10.6%,79
109989006,Multiple myeloma (disorder),Condition,Medicare,Government,"$32,506","$32,506",$125,4.5%,260
62564004,Concussion with loss of consciousness,Condition,Dual Eligible,Government,"$32,474","$32,474",$73,47.7%,444
370143000,Major depression disorder,Condition,Cigna Health,Commercial,"$31,977","$31,977",$363,76.5%,88
1501000119109,Proliferative diabetic retinopathy due to type II diabetes mellitus (disorder),Condition,Medicaid,Government,"$31,864","$31,864",$319,9.9%,100
47505003,Posttraumatic stress disorder,Condition,NO_INSURANCE,Self-Pay / Uninsured,"$31,819","$31,819",$81,100.0%,394
62479008,Acquired immune deficiency syndrome (disorder),Condition,Blue Cross Blue Shield,Commercial,"$31,634","$31,634","$2,433",57.6%,13
47505003,Posttraumatic stress disorder,Condition,Humana,Commercial,"$31,242","$31,242",$84,75.7%,370
239872002,Osteoarthritis of hip,Condition,Dual Eligible,Government,"$30,969","$30,969",$214,16.4%,145
367498001,Seasonal allergic rhinitis,Condition,Medicare,Government,"$30,830","$30,830",$94,46.8%,327
367498001,Seasonal allergic rhinitis,Condition,Anthem,Commercial,"$30,038","$30,038",$199,81.8%,151
367498001,Seasonal allergic rhinitis,Condition,NO_INSURANCE,Self-Pay / Uninsured,"$30,015","$30,015",$173,100.0%,173
7200002,Alcoholism,Condition,Dual Eligible,Government,"$29,605","$29,605",$955,1.7%,31
33737001,Fracture of rib,Condition,Blue Cross Blue Shield,Commercial,"$29,333","$29,333",$71,41.2%,411
190905008,Cystic Fibrosis,Condition,UnitedHealthcare,Commercial,"$29,088","$29,088","$1,818",29.9%,16
91861009,Acute myeloid leukemia  disease (disorder),Condition,NO_INSURANCE,Self-Pay / Uninsured,"$29,023","$29,023","$1,037",100.0%,28
262521009,Traumatic injury of spinal cord and/or vertebral column (disorder),Condition,Medicare,Government,"$28,976","$28,976",$178,26.6%,163
232353008,Perennial allergic rhinitis with seasonal variation,Condition,Dual Eligible,Government,"$28,543","$28,543",$84,41.6%,339
91861009,Acute myeloid leukemia  disease (disorder),Condition,Anthem,Commercial,"$28,408","$28,408",$693,34.3%,41
11625007,Torus mandibularis (disorder),Condition,UnitedHealthcare,Commercial,"$28,264","$28,264","$2,019",19.4%,14
370143000,Major depression disorder,Condition,Aetna,Commercial,"$28,030","$28,030",$369,77.4%,76
47505003,Posttraumatic stress disorder,Condition,Aetna,Commercial,"$27,901","$27,901",$84,85.7%,332
33737001,Fracture of rib,Condition,UnitedHealthcare,Commercial,"$27,074","$27,074",$72,33.6%,377
367498001,Seasonal allergic rhinitis,Condition,UnitedHealthcare,Commercial,"$26,675","$26,675",$159,77.9%,168
40275004,Contact dermatitis,Condition,Blue Cross Blue Shield,Commercial,"$26,486","$26,486",$189,68.9%,140
262574004,Bullet wound,Condition,Medicare,Government,"$26,404","$26,404",$88,17.1%,299
367498001,Seasonal allergic rhinitis,Condition,Blue Cross Blue Shield,Commercial,"$26,373","$26,373",$154,93.9%,171
367498001,Seasonal allergic rhinitis,Condition,Aetna,Commercial,"$26,193","$26,193",$171,93.7%,153
62479008,Acquired immune deficiency syndrome (disorder),Condition,Aetna,Commercial,"$25,922","$25,922","$1,728",16.1%,15
414667000,Meningomyelocele (disorder),Condition,NO_INSURANCE,Self-Pay / Uninsured,"$25,875","$25,875",$784,100.0%,33
7200002,Alcoholism,Condition,Cigna Health,Commercial,"$25,869","$25,869",$454,73.1%,57
370143000,Major depression disorder,Condition,Medicare,Government,"$25,552","$25,552",$399,6.0%,64
91861009,Acute myeloid leukemia  disease (disorder),Condition,Cigna Health,Commercial,"$25,527","$25,527",$672,71.7%,38
62479008,Acquired immune deficiency syndrome (disorder),Condition,Anthem,Commercial,"$25,340","$25,340","$1,408",35.8%,18
40275004,Contact dermatitis,Condition,UnitedHealthcare,Commercial,"$25,307","$25,307",$198,55.2%,128
124171000119105,Chronic intractable migraine without aura,Condition,Blue Cross Blue Shield,Commercial,"$24,693","$24,693",$68,58.3%,362
359817006,Closed fracture of hip,Condition,Humana,Commercial,"$24,496","$24,496",$73,69.5%,337
449868002,Smokes tobacco daily,Condition,Cigna Health,Commercial,"$24,472","$24,472",$453,84.6%,54
95417003,Primary fibromyalgia syndrome,Condition,NO_INSURANCE,Self-Pay / Uninsured,"$24,408","$24,408",$153,100.0%,160
36923009,Major depression  single episode,Condition,Cigna Health,Commercial,"$24,100","$24,100",$227,100.0%,106
446096008,Perennial allergic rhinitis,Condition,Dual Eligible,Government,"$23,955","$23,955",$88,39.9%,273
47505003,Posttraumatic stress disorder,Condition,Cigna Health,Commercial,"$23,524","$23,524",$86,61.7%,275
48724000,Mitral valve regurgitation (disorder),Condition,Humana,Commercial,"$23,472","$23,472",$489,76.6%,48
7200002,Alcoholism,Condition,Aetna,Commercial,"$23,333","$23,333",$440,75.5%,53
36923009,Major depression  single episode,Condition,Anthem,Commercial,"$22,287","$22,287",$227,98.1%,98
367498001,Seasonal allergic rhinitis,Condition,Cigna Health,Commercial,"$22,253","$22,253",$143,91.6%,156
408512008,Body mass index 40+ - severely obese (finding),Condition,UnitedHealthcare,Commercial,"$22,091","$22,091",$736,76.6%,30
65710008,Acute respiratory failure (disorder),Condition,Medicare,Government,"$21,919","$21,919","$1,044",6.3%,21
370143000,Major depression disorder,Condition,Blue Cross Blue Shield,Commercial,"$21,848","$21,848",$420,72.7%,52
69896004,Rheumatoid arthritis,Condition,Humana,Commercial,"$21,819","$21,819",$139,71.0%,157
370143000,Major depression disorder,Condition,NO_INSURANCE,Self-Pay / Uninsured,"$21,396","$21,396",$382,100.0%,56
7200002,Alcoholism,Condition,Humana,Commercial,"$20,942","$20,942",$361,86.4%,58
408512008,Body mass index 40+ - severely obese (finding),Condition,Medicare,Government,"$20,886","$20,886",$674,18.4%,31
40275004,Contact dermatitis,Condition,Medicare,Government,"$20,876","$20,876",$197,26.1%,106
48724000,Mitral valve regurgitation (disorder),Condition,NO_INSURANCE,Self-Pay / Uninsured,"$20,756","$20,756",$506,100.0%,41
97331000119101,Macular edema and retinopathy due to type 2 diabetes mellitus (disorder),Condition,Cigna Health,Commercial,"$20,675","$20,675",$323,95.6%,64
359817006,Closed fracture of hip,Condition,Aetna,Commercial,"$20,353","$20,353",$70,69.5%,289
449868002,Smokes tobacco daily,Condition,Humana,Commercial,"$20,190","$20,190",$631,75.0%,32
97331000119101,Macular edema and retinopathy due to type 2 diabetes mellitus (disorder),Condition,Humana,Commercial,"$20,183","$20,183",$266,88.7%,76
93143009,Leukemia  disease (disorder),Condition,Dual Eligible,Government,"$20,013","$20,013",$121,28.9%,165
24079001,Atopic dermatitis,Condition,NO_INSURANCE,Self-Pay / Uninsured,"$20,010","$20,010",$156,100.0%,128
190905008,Cystic Fibrosis,Condition,Cigna Health,Commercial,"$20,000","$20,000","$1,818",48.6%,11
262521009,Traumatic injury of spinal cord and/or vertebral column (disorder),Condition,Humana,Commercial,"$19,651","$19,651",$216,80.8%,91
48724000,Mitral valve regurgitation (disorder),Condition,Anthem,Commercial,"$19,494","$19,494",$487,43.0%,40
48724000,Mitral valve regurgitation (disorder),Condition,Cigna Health,Commercial,"$19,491","$19,491",$500,70.2%,39
124171000119105,Chronic intractable migraine without aura,Condition,UnitedHealthcare,Commercial,"$19,438","$19,438",$67,47.6%,288
359817006,Closed fracture of hip,Condition,Anthem,Commercial,"$19,435","$19,435",$72,39.9%,271
69896004,Rheumatoid arthritis,Condition,Dual Eligible,Government,"$19,280","$19,280",$153,20.9%,126
414667000,Meningomyelocele (disorder),Condition,Humana,Commercial,"$19,170","$19,170",$871,95.3%,22
190905008,Cystic Fibrosis,Condition,Anthem,Commercial,"$18,920","$18,920","$1,892",34.1%,10
69896004,Rheumatoid arthritis,Condition,Aetna,Commercial,"$18,876","$18,876",$156,70.0%,121
36923009,Major depression  single episode,Condition,Blue Cross Blue Shield,Commercial,"$18,868","$18,868",$266,100.0%,71
91861009,Acute myeloid leukemia  disease (disorder),Condition,Blue Cross Blue Shield,Commercial,"$18,594","$18,594",$715,72.8%,26
69896004,Rheumatoid arthritis,Condition,Anthem,Commercial,"$18,428","$18,428",$146,48.1%,126
7200002,Alcoholism,Condition,Anthem,Commercial,"$18,340","$18,340",$408,51.1%,45
47505003,Posttraumatic stress disorder,Condition,Anthem,Commercial,"$18,334","$18,334",$81,47.0%,225
69896004,Rheumatoid arthritis,Condition,Cigna Health,Commercial,"$17,763","$17,763",$141,69.3%,126
414667000,Meningomyelocele (disorder),Condition,Dual Eligible,Government,"$17,742","$17,742",$116,29.8%,153
95417003,Primary fibromyalgia syndrome,Condition,Anthem,Commercial,"$17,520","$17,520",$234,43.6%,75
449868002,Smokes tobacco daily,Condition,NO_INSURANCE,Self-Pay / Uninsured,"$17,403","$17,403",$512,100.0%,34
95417003,Primary fibromyalgia syndrome,Condition,Cigna Health,Commercial,"$17,393","$17,393",$200,62.7%,87
36923009,Major depression  single episode,Condition,Aetna,Commercial,"$17,291","$17,291",$251,100.0%,69
359817006,Closed fracture of hip,Condition,NO_INSURANCE,Self-Pay / Uninsured,"$16,735","$16,735",$70,100.0%,239
359817006,Closed fracture of hip,Condition,Cigna Health,Commercial,"$16,712","$16,712",$70,64.4%,239
1501000119109,Proliferative diabetic retinopathy due to type II diabetes mellitus (disorder),Condition,Anthem,Commercial,"$16,209","$16,209",$331,70.9%,49
204949001,Renal dysplasia (disorder),Condition,Medicaid,Government,"$16,161","$16,161",$462,21.7%,35
7200002,Alcoholism,Condition,UnitedHealthcare,Commercial,"$15,670","$15,670",$461,78.5%,34
262574004,Bullet wound,Condition,Humana,Commercial,"$15,669","$15,669",$90,55.0%,175
262574004,Bullet wound,Condition,Cigna Health,Commercial,"$15,411","$15,411",$90,53.5%,172
86849004,Suicidal deliberate poisoning,Condition,Medicare,Government,"$15,302","$15,302","$1,530",1.5%,10
403192003,Third degree burn,Condition,Medicare,Government,"$15,248","$15,248",$72,28.7%,212
262521009,Traumatic injury of spinal cord and/or vertebral column (disorder),Condition,Cigna Health,Commercial,"$15,103","$15,103",$196,76.2%,77
95417003,Primary fibromyalgia syndrome,Condition,Aetna,Commercial,"$15,027","$15,027",$203,68.1%,74
15724005,Fracture of vertebral column without spinal cord injury,Condition,Medicaid,Government,"$14,912","$14,912",$60,72.4%,248
359817006,Closed fracture of hip,Condition,UnitedHealthcare,Commercial,"$14,666","$14,666",$72,45.0%,205
449868002,Smokes tobacco daily,Condition,Blue Cross Blue Shield,Commercial,"$14,608","$14,608",$541,63.2%,27
7200002,Alcoholism,Condition,Blue Cross Blue Shield,Commercial,"$14,531","$14,531",$605,77.0%,24
359817006,Closed fracture of hip,Condition,Blue Cross Blue Shield,Commercial,"$14,466","$14,466",$71,71.1%,203
36923009,Major depression  single episode,Condition,NO_INSURANCE,Self-Pay / Uninsured,"$14,281","$14,281",$260,100.0%,55
414667000,Meningomyelocele (disorder),Condition,Aetna,Commercial,"$14,203","$14,203",$888,95.9%,16
367498001,Seasonal allergic rhinitis,Condition,Dual Eligible,Government,"$14,193","$14,193",$89,39.5%,160
1501000119109,Proliferative diabetic retinopathy due to type II diabetes mellitus (disorder),Condition,Aetna,Commercial,"$14,000","$14,000",$286,84.9%,49
15724005,Fracture of vertebral column without spinal cord injury,Condition,Medicare,Government,"$13,984","$13,984",$57,19.8%,246
97331000119101,Macular edema and retinopathy due to type 2 diabetes mellitus (disorder),Condition,Aetna,Commercial,"$13,978","$13,978",$297,77.8%,47
97331000119101,Macular edema and retinopathy due to type 2 diabetes mellitus (disorder),Condition,Anthem,Commercial,"$13,844","$13,844",$295,65.8%,47
403192003,Third degree burn,Condition,Medicaid,Government,"$13,693","$13,693",$72,69.7%,190
262521009,Traumatic injury of spinal cord and/or vertebral column (disorder),Condition,NO_INSURANCE,Self-Pay / Uninsured,"$13,628","$13,628",$203,100.0%,67
86849004,Suicidal deliberate poisoning,Condition,Aetna,Commercial,"$13,566","$13,566","$1,357",72.8%,10
200936003,Lupus erythematosus,Condition,Medicare,Government,"$13,556","$13,556",$90,18.2%,150
97331000119101,Macular edema and retinopathy due to type 2 diabetes mellitus (disorder),Condition,NO_INSURANCE,Self-Pay / Uninsured,"$13,397","$13,397",$285,100.0%,47
262574004,Bullet wound,Condition,Aetna,Commercial,"$13,317","$13,317",$88,53.3%,152
262574004,Bullet wound,Condition,Anthem,Commercial,"$13,258","$13,258",$88,49.1%,150
262574004,Bullet wound,Condition,NO_INSURANCE,Self-Pay / Uninsured,"$12,643","$12,643",$89,100.0%,142
370143000,Major depression disorder,Condition,UnitedHealthcare,Commercial,"$12,583","$12,583",$406,30.7%,31
69896004,Rheumatoid arthritis,Condition,NO_INSURANCE,Self-Pay / Uninsured,"$12,144","$12,144",$148,100.0%,82
69896004,Rheumatoid arthritis,Condition,Blue Cross Blue Shield,Commercial,"$12,100","$12,100",$159,67.1%,76
262574004,Bullet wound,Condition,Blue Cross Blue Shield,Commercial,"$11,995","$11,995",$87,48.4%,138
48724000,Mitral valve regurgitation (disorder),Condition,Blue Cross Blue Shield,Commercial,"$11,962","$11,962",$498,64.7%,24
95417003,Primary fibromyalgia syndrome,Condition,Humana,Commercial,"$11,882","$11,882",$180,75.1%,66
262521009,Traumatic injury of spinal cord and/or vertebral column (disorder),Condition,Aetna,Commercial,"$11,842","$11,842",$158,87.1%,75
111287006,Tricuspid valve regurgitation (disorder),Condition,Dual Eligible,Government,"$11,508","$11,508",$460,0.0%,25
408512008,Body mass index 40+ - severely obese (finding),Condition,Dual Eligible,Government,"$11,503","$11,503",$822,3.0%,14
48724000,Mitral valve regurgitation (disorder),Condition,UnitedHealthcare,Commercial,"$11,451","$11,451",$458,35.4%,25
36923009,Major depression  single episode,Condition,UnitedHealthcare,Commercial,"$11,404","$11,404",$285,96.1%,40
86849004,Suicidal deliberate poisoning,Condition,Medicaid,Government,"$10,793","$10,793","$1,079",4.2%,10
7200002,Alcoholism,Condition,NO_INSURANCE,Self-Pay / Uninsured,"$10,577","$10,577",$423,100.0%,25
262521009,Traumatic injury of spinal cord and/or vertebral column (disorder),Condition,Anthem,Commercial,"$10,548","$10,548",$173,68.6%,61
91861009,Acute myeloid leukemia  disease (disorder),Condition,Aetna,Commercial,"$10,455","$10,455",$804,58.6%,13
109989006,Multiple myeloma (disorder),Condition,Dual Eligible,Government,"$10,343","$10,343",$123,28.4%,84
111287006,Tricuspid valve regurgitation (disorder),Condition,Medicaid,Government,"$10,286","$10,286",$490,4.4%,21
86849004,Suicidal deliberate poisoning,Condition,Cigna Health,Commercial,"$10,043","$10,043","$1,255",58.4%,8
1501000119109,Proliferative diabetic retinopathy due to type II diabetes mellitus (disorder),Condition,NO_INSURANCE,Self-Pay / Uninsured,"$9,648","$9,648",$292,100.0%,33
262521009,Traumatic injury of spinal cord and/or vertebral column (disorder),Condition,Blue Cross Blue Shield,Commercial,"$9,636","$9,636",$201,66.0%,48
86849004,Suicidal deliberate poisoning,Condition,Anthem,Commercial,"$9,610","$9,610","$1,602",32.1%,6
86849004,Suicidal deliberate poisoning,Condition,Dual Eligible,Government,"$9,522","$9,522",$952,1.8%,10
47505003,Posttraumatic stress disorder,Condition,Blue Cross Blue Shield,Commercial,"$9,022","$9,022",$84,54.0%,108
36923009,Major depression  single episode,Condition,Medicare,Government,"$8,836","$8,836",$252,27.2%,35
414667000,Meningomyelocele (disorder),Condition,Blue Cross Blue Shield,Commercial,"$8,806","$8,806",$881,69.7%,10
449868002,Smokes tobacco daily,Condition,UnitedHealthcare,Commercial,"$8,623","$8,623",$359,65.6%,24
1501000119109,Proliferative diabetic retinopathy due to type II diabetes mellitus (disorder),Condition,Humana,Commercial,"$8,456","$8,456",$273,76.4%,31
24079001,Atopic dermatitis,Condition,Aetna,Commercial,"$8,433","$8,433",$169,86.6%,50
262521009,Traumatic injury of spinal cord and/or vertebral column (disorder),Condition,UnitedHealthcare,Commercial,"$8,269","$8,269",$207,45.4%,40
262574004,Bullet wound,Condition,Dual Eligible,Government,"$8,153","$8,153",$90,26.2%,91
65710008,Acute respiratory failure (disorder),Condition,Dual Eligible,Government,"$8,088","$8,088",$809,2.6%,10
24079001,Atopic dermatitis,Condition,Humana,Commercial,"$8,068","$8,068",$165,80.5%,49
262521009,Traumatic injury of spinal cord and/or vertebral column (disorder),Condition,Dual Eligible,Government,"$7,846","$7,846",$191,18.3%,41
97331000119101,Macular edema and retinopathy due to type 2 diabetes mellitus (disorder),Condition,UnitedHealthcare,Commercial,"$7,842","$7,842",$280,86.1%,28
287185009,Attempted suicide - cut/stab,Condition,Medicare,Government,"$7,840","$7,840","$1,960",0.0%,4
95417003,Primary fibromyalgia syndrome,Condition,Blue Cross Blue Shield,Commercial,"$7,834","$7,834",$237,49.1%,33
91861009,Acute myeloid leukemia  disease (disorder),Condition,UnitedHealthcare,Commercial,"$7,768","$7,768",$706,47.1%,11
262574004,Bullet wound,Condition,UnitedHealthcare,Commercial,"$7,757","$7,757",$90,38.7%,86
24079001,Atopic dermatitis,Condition,UnitedHealthcare,Commercial,"$7,680","$7,680",$202,47.8%,38
91861009,Acute myeloid leukemia  disease (disorder),Condition,Medicare,Government,"$7,462","$7,462",$746,5.4%,10
414667000,Meningomyelocele (disorder),Condition,Cigna Health,Commercial,"$7,369","$7,369",$526,68.8%,14
69896004,Rheumatoid arthritis,Condition,UnitedHealthcare,Commercial,"$7,115","$7,115",$105,51.7%,68
24079001,Atopic dermatitis,Condition,Blue Cross Blue Shield,Commercial,"$7,030","$7,030",$185,72.9%,38
233604007,Pneumonia (disorder),Condition,Humana,Commercial,"$6,969","$6,969","$1,162",0.0%,6
15724005,Fracture of vertebral column without spinal cord injury,Condition,Aetna,Commercial,"$6,919","$6,919",$63,57.2%,109
93143009,Leukemia  disease (disorder),Condition,Medicaid,Government,"$6,805","$6,805",$124,39.7%,55
200936003,Lupus erythematosus,Condition,Medicaid,Government,"$6,788","$6,788",$86,36.2%,79
95417003,Primary fibromyalgia syndrome,Condition,UnitedHealthcare,Commercial,"$6,758","$6,758",$178,36.5%,38
287182007,Attempted suicide - suffocation,Condition,Medicaid,Government,"$6,747","$6,747","$1,125",3.7%,6
448813005,Sepsis caused by Pseudomonas (disorder),Condition,Medicare,Government,"$6,690","$6,690",$836,0.0%,8
1501000119109,Proliferative diabetic retinopathy due to type II diabetes mellitus (disorder),Condition,Cigna Health,Commercial,"$6,664","$6,664",$444,80.9%,15
24079001,Atopic dermatitis,Condition,Cigna Health,Commercial,"$6,661","$6,661",$162,75.0%,41
47505003,Posttraumatic stress disorder,Condition,UnitedHealthcare,Commercial,"$6,652","$6,652",$92,59.3%,72
15724005,Fracture of vertebral column without spinal cord injury,Condition,Humana,Commercial,"$6,588","$6,588",$55,43.5%,120
91434003,Pulmonic valve regurgitation (disorder),Condition,Medicaid,Government,"$6,525","$6,525",$466,1.2%,14
403192003,Third degree burn,Condition,Humana,Commercial,"$6,201","$6,201",$71,14.5%,87
15724005,Fracture of vertebral column without spinal cord injury,Condition,Cigna Health,Commercial,"$6,099","$6,099",$62,39.1%,99
370143000,Major depression disorder,Condition,Dual Eligible,Government,"$6,031","$6,031",$355,6.8%,17
190905008,Cystic Fibrosis,Condition,Humana,Commercial,"$5,956","$5,956",$993,52.2%,6
287182007,Attempted suicide - suffocation,Condition,Medicare,Government,"$5,883","$5,883",$980,4.0%,6
111287006,Tricuspid valve regurgitation (disorder),Condition,Humana,Commercial,"$5,867","$5,867",$489,94.9%,12
40275004,Contact dermatitis,Condition,Dual Eligible,Government,"$5,866","$5,866",$183,19.1%,32
403192003,Third degree burn,Condition,Dual Eligible,Government,"$5,865","$5,865",$72,48.9%,82
204949001,Renal dysplasia (disorder),Condition,Humana,Commercial,"$5,788","$5,788",$827,100.0%,7
111287006,Tricuspid valve regurgitation (disorder),Condition,Aetna,Commercial,"$5,528","$5,528",$503,75.1%,11
1734006,Fracture of the vertebral column with spinal cord injury,Condition,Medicaid,Government,"$5,507","$5,507",$81,34.9%,68
287182007,Attempted suicide - suffocation,Condition,Dual Eligible,Government,"$5,408","$5,408","$2,704",0.6%,2
15724005,Fracture of vertebral column without spinal cord injury,Condition,Anthem,Commercial,"$5,320","$5,320",$66,46.8%,81
15724005,Fracture of vertebral column without spinal cord injury,Condition,NO_INSURANCE,Self-Pay / Uninsured,"$5,236","$5,236",$62,100.0%,84
287185009,Attempted suicide - cut/stab,Condition,Dual Eligible,Government,"$5,174","$5,174","$2,587",0.7%,2
403192003,Third degree burn,Condition,NO_INSURANCE,Self-Pay / Uninsured,"$5,152","$5,152",$70,100.0%,74
233604007,Pneumonia (disorder),Condition,Cigna Health,Commercial,"$5,109","$5,109","$1,022",68.9%,5
204949001,Renal dysplasia (disorder),Condition,UnitedHealthcare,Commercial,"$5,095","$5,095",$510,100.0%,10
200936003,Lupus erythematosus,Condition,Dual Eligible,Government,"$4,995","$4,995",$100,21.3%,50
1501000119109,Proliferative diabetic retinopathy due to type II diabetes mellitus (disorder),Condition,UnitedHealthcare,Commercial,"$4,909","$4,909",$273,45.5%,18
410429000,Cardiac arrest (disorder),Condition,Medicare,Government,"$4,893","$4,893",$132,20.8%,37
127295002,Traumatic brain injury (disorder),Condition,Blue Cross Blue Shield,Commercial,"$4,695","$4,695",$522,24.8%,9
1734006,Fracture of the vertebral column with spinal cord injury,Condition,Medicare,Government,"$4,665","$4,665",$75,32.7%,62
60951000119105,Blindness due to type 2 diabetes mellitus (disorder),Condition,Dual Eligible,Government,"$4,642","$4,642",$258,3.7%,18
414667000,Meningomyelocele (disorder),Condition,UnitedHealthcare,Commercial,"$4,588","$4,588","$2,294",30.9%,2
403192003,Third degree burn,Condition,Aetna,Commercial,"$4,526","$4,526",$70,23.6%,65
403192003,Third degree burn,Condition,Cigna Health,Commercial,"$4,492","$4,492",$70,21.3%,64
91434003,Pulmonic valve regurgitation (disorder),Condition,Medicare,Government,"$4,443","$4,443",$494,9.6%,9
403192003,Third degree burn,Condition,Blue Cross Blue Shield,Commercial,"$4,429","$4,429",$73,16.8%,61
287185009,Attempted suicide - cut/stab,Condition,Cigna Health,Commercial,"$4,416","$4,416","$1,104",100.0%,4
53827007,Excessive salivation (disorder),Condition,Medicaid,Government,"$4,396","$4,396",$366,13.6%,12
111287006,Tricuspid valve regurgitation (disorder),Condition,Anthem,Commercial,"$4,387","$4,387",$487,66.7%,9
15724005,Fracture of vertebral column without spinal cord injury,Condition,Blue Cross Blue Shield,Commercial,"$4,257","$4,257",$67,51.7%,64
86849004,Suicidal deliberate poisoning,Condition,NO_INSURANCE,Self-Pay / Uninsured,"$4,198","$4,198","$1,049",100.0%,4
97331000119101,Macular edema and retinopathy due to type 2 diabetes mellitus (disorder),Condition,Blue Cross Blue Shield,Commercial,"$4,133","$4,133",$344,59.2%,12
24079001,Atopic dermatitis,Condition,Anthem,Commercial,"$4,025","$4,025",$149,59.7%,27
86849004,Suicidal deliberate poisoning,Condition,Blue Cross Blue Shield,Commercial,"$3,984","$3,984","$1,992",30.0%,2
204949001,Renal dysplasia (disorder),Condition,NO_INSURANCE,Self-Pay / Uninsured,"$3,922","$3,922",$560,100.0%,7
403192003,Third degree burn,Condition,Anthem,Commercial,"$3,879","$3,879",$71,18.2%,55
127295002,Traumatic brain injury (disorder),Condition,Medicaid,Government,"$3,843","$3,843","$1,281",7.8%,3
86849004,Suicidal deliberate poisoning,Condition,Humana,Commercial,"$3,666","$3,666","$1,833",73.9%,2
204949001,Renal dysplasia (disorder),Condition,Blue Cross Blue Shield,Commercial,"$3,633","$3,633",$454,100.0%,8
287182007,Attempted suicide - suffocation,Condition,Aetna,Commercial,"$3,544","$3,544",$886,100.0%,4
200936003,Lupus erythematosus,Condition,Anthem,Commercial,"$3,542","$3,542",$126,58.7%,28
91861009,Acute myeloid leukemia  disease (disorder),Condition,Dual Eligible,Government,"$3,521","$3,521",$587,1.0%,6
109989006,Multiple myeloma (disorder),Condition,Medicaid,Government,"$3,507","$3,507",$125,39.9%,28
233604007,Pneumonia (disorder),Condition,Blue Cross Blue Shield,Commercial,"$3,481","$3,481","$1,160",0.0%,3
287182007,Attempted suicide - suffocation,Condition,Anthem,Commercial,"$3,446","$3,446","$1,723",20.0%,2
15724005,Fracture of vertebral column without spinal cord injury,Condition,Dual Eligible,Government,"$3,378","$3,378",$65,46.6%,52
93143009,Leukemia  disease (disorder),Condition,NO_INSURANCE,Self-Pay / Uninsured,"$3,318","$3,318",$123,100.0%,27
287185009,Attempted suicide - cut/stab,Condition,Aetna,Commercial,"$3,260","$3,260",$815,88.4%,4
287185009,Attempted suicide - cut/stab,Condition,Blue Cross Blue Shield,Commercial,"$3,192","$3,192",$798,67.7%,4
91434003,Pulmonic valve regurgitation (disorder),Condition,NO_INSURANCE,Self-Pay / Uninsured,"$3,061","$3,061",$510,100.0%,6
403192003,Third degree burn,Condition,UnitedHealthcare,Commercial,"$2,845","$2,845",$71,16.5%,40
233604007,Pneumonia (disorder),Condition,UnitedHealthcare,Commercial,"$2,839","$2,839",$946,20.0%,3
15724005,Fracture of vertebral column without spinal cord injury,Condition,UnitedHealthcare,Commercial,"$2,836","$2,836",$58,34.4%,49
91434003,Pulmonic valve regurgitation (disorder),Condition,Cigna Health,Commercial,"$2,835","$2,835",$472,86.0%,6
1734006,Fracture of the vertebral column with spinal cord injury,Condition,Humana,Commercial,"$2,831","$2,831",$86,71.4%,33
204949001,Renal dysplasia (disorder),Condition,Aetna,Commercial,"$2,804","$2,804",$401,100.0%,7
287185009,Attempted suicide - cut/stab,Condition,Anthem,Commercial,"$2,770","$2,770","$1,385",20.0%,2
1734006,Fracture of the vertebral column with spinal cord injury,Condition,NO_INSURANCE,Self-Pay / Uninsured,"$2,587","$2,587",$89,100.0%,29
233604007,Pneumonia (disorder),Condition,Anthem,Commercial,"$2,578","$2,578",$859,65.3%,3
233604007,Pneumonia (disorder),Condition,Aetna,Commercial,"$2,525","$2,525",$631,100.0%,4
127295002,Traumatic brain injury (disorder),Condition,UnitedHealthcare,Commercial,"$2,524","$2,524",$631,77.5%,4
127295002,Traumatic brain injury (disorder),Condition,Medicare,Government,"$2,512","$2,512","$1,256",0.0%,2
200936003,Lupus erythematosus,Condition,Cigna Health,Commercial,"$2,454","$2,454",$98,60.4%,25
200936003,Lupus erythematosus,Condition,Aetna,Commercial,"$2,363","$2,363",$98,58.6%,24
111287006,Tricuspid valve regurgitation (disorder),Condition,NO_INSURANCE,Self-Pay / Uninsured,"$2,212","$2,212",$442,100.0%,5
91434003,Pulmonic valve regurgitation (disorder),Condition,Humana,Commercial,"$2,147","$2,147",$537,72.0%,4
127295002,Traumatic brain injury (disorder),Condition,Humana,Commercial,"$2,141","$2,141",$714,80.5%,3
287185009,Attempted suicide - cut/stab,Condition,Humana,Commercial,"$2,094","$2,094","$1,047",100.0%,2
448813005,Sepsis caused by Pseudomonas (disorder),Condition,Dual Eligible,Government,"$2,086","$2,086",$522,3.4%,4
127295002,Traumatic brain injury (disorder),Condition,Anthem,Commercial,"$2,078","$2,078",$416,76.1%,5
204949001,Renal dysplasia (disorder),Condition,Anthem,Commercial,"$2,047","$2,047",$409,100.0%,5
60951000119105,Blindness due to type 2 diabetes mellitus (disorder),Condition,Medicare,Government,"$2,044","$2,044",$256,0.0%,8
93143009,Leukemia  disease (disorder),Condition,Humana,Commercial,"$2,030","$2,030",$127,85.3%,16
91434003,Pulmonic valve regurgitation (disorder),Condition,Aetna,Commercial,"$2,002","$2,002",$500,100.0%,4
111287006,Tricuspid valve regurgitation (disorder),Condition,UnitedHealthcare,Commercial,"$1,989","$1,989",$497,80.0%,4
410429000,Cardiac arrest (disorder),Condition,Medicaid,Government,"$1,879","$1,879",$117,23.1%,16
1734006,Fracture of the vertebral column with spinal cord injury,Condition,Aetna,Commercial,"$1,874","$1,874",$94,78.4%,20
53827007,Excessive salivation (disorder),Condition,Anthem,Commercial,"$1,830","$1,830",$458,20.0%,4
93143009,Leukemia  disease (disorder),Condition,Anthem,Commercial,"$1,768","$1,768",$118,37.5%,15
287185009,Attempted suicide - cut/stab,Condition,Medicaid,Government,"$1,766","$1,766",$883,2.8%,2
91434003,Pulmonic valve regurgitation (disorder),Condition,Blue Cross Blue Shield,Commercial,"$1,747","$1,747",$437,60.3%,4
1734006,Fracture of the vertebral column with spinal cord injury,Condition,Dual Eligible,Government,"$1,737","$1,737",$91,26.7%,19
204949001,Renal dysplasia (disorder),Condition,Cigna Health,Commercial,"$1,731","$1,731",$433,100.0%,4
287182007,Attempted suicide - suffocation,Condition,Humana,Commercial,"$1,692","$1,692",$846,0.0%,2
200936003,Lupus erythematosus,Condition,NO_INSURANCE,Self-Pay / Uninsured,"$1,691","$1,691",$60,100.0%,28
53827007,Excessive salivation (disorder),Condition,UnitedHealthcare,Commercial,"$1,634","$1,634",$409,63.6%,4
127295002,Traumatic brain injury (disorder),Condition,Dual Eligible,Government,"$1,624","$1,624",$812,2.2%,2
86849004,Suicidal deliberate poisoning,Condition,UnitedHealthcare,Commercial,"$1,621","$1,621",$811,20.0%,2
93143009,Leukemia  disease (disorder),Condition,Aetna,Commercial,"$1,619","$1,619",$116,74.7%,14
1734006,Fracture of the vertebral column with spinal cord injury,Condition,Blue Cross Blue Shield,Commercial,"$1,577","$1,577",$83,63.7%,19
1734006,Fracture of the vertebral column with spinal cord injury,Condition,Cigna Health,Commercial,"$1,565","$1,565",$68,58.8%,23
93143009,Leukemia  disease (disorder),Condition,Cigna Health,Commercial,"$1,564","$1,564",$120,58.6%,13
109989006,Multiple myeloma (disorder),Condition,Aetna,Commercial,"$1,521","$1,521",$117,59.7%,13
65710008,Acute respiratory failure (disorder),Condition,NO_INSURANCE,Self-Pay / Uninsured,"$1,454","$1,454","$1,454",100.0%,1
111287006,Tricuspid valve regurgitation (disorder),Condition,Cigna Health,Commercial,"$1,444","$1,444",$481,79.0%,3
1734006,Fracture of the vertebral column with spinal cord injury,Condition,UnitedHealthcare,Commercial,"$1,422","$1,422",$84,32.1%,17
127295002,Traumatic brain injury (disorder),Condition,NO_INSURANCE,Self-Pay / Uninsured,"$1,420","$1,420","$1,420",100.0%,1
91434003,Pulmonic valve regurgitation (disorder),Condition,Dual Eligible,Government,"$1,362","$1,362",$454,0.0%,3
91434003,Pulmonic valve regurgitation (disorder),Condition,Anthem,Commercial,"$1,325","$1,325",$442,44.6%,3
36923009,Major depression  single episode,Condition,Dual Eligible,Government,"$1,321","$1,321",$220,10.7%,6
76916001,Spina bifida occulta (disorder),Condition,Medicaid,Government,"$1,314","$1,314",$119,51.7%,11
1501000119109,Proliferative diabetic retinopathy due to type II diabetes mellitus (disorder),Condition,Blue Cross Blue Shield,Commercial,"$1,313","$1,313",$328,100.0%,4
200936003,Lupus erythematosus,Condition,UnitedHealthcare,Commercial,"$1,300","$1,300",$130,23.3%,10
1734006,Fracture of the vertebral column with spinal cord injury,Condition,Anthem,Commercial,"$1,252","$1,252",$83,70.8%,15
200936003,Lupus erythematosus,Condition,Humana,Commercial,"$1,210","$1,210",$67,71.0%,18
448417001,Sepsis caused by Staphylococcus aureus,Condition,Medicare,Government,"$1,111","$1,111","$1,111",21.0%,1
127295002,Traumatic brain injury (disorder),Condition,Aetna,Commercial,"$1,041","$1,041","$1,041",100.0%,1
109989006,Multiple myeloma (disorder),Condition,NO_INSURANCE,Self-Pay / Uninsured,"$1,022","$1,022",$114,100.0%,9
91434003,Pulmonic valve regurgitation (disorder),Condition,UnitedHealthcare,Commercial,"$1,010","$1,010",$505,100.0%,2
93143009,Leukemia  disease (disorder),Condition,UnitedHealthcare,Commercial,$923,$923,$132,34.8%,7
93143009,Leukemia  disease (disorder),Condition,Blue Cross Blue Shield,Commercial,$905,$905,$129,56.3%,7
111287006,Tricuspid valve regurgitation (disorder),Condition,Blue Cross Blue Shield,Commercial,$904,$904,$452,61.6%,2
53827007,Excessive salivation (disorder),Condition,Blue Cross Blue Shield,Commercial,$898,$898,$449,100.0%,2
157141000119108,Proteinuria due to type 2 diabetes mellitus (disorder),Condition,Humana,Commercial,$894,$894,$223,0.0%,4
410429000,Cardiac arrest (disorder),Condition,Dual Eligible,Government,$875,$875,$125,0.0%,7
109989006,Multiple myeloma (disorder),Condition,Humana,Commercial,$863,$863,$123,86.2%,7
410429000,Cardiac arrest (disorder),Condition,Cigna Health,Commercial,$847,$847,$141,58.9%,6
410429000,Cardiac arrest (disorder),Condition,Humana,Commercial,$739,$739,$123,77.3%,6
53827007,Excessive salivation (disorder),Condition,NO_INSURANCE,Self-Pay / Uninsured,$734,$734,$367,100.0%,2
127295002,Traumatic brain injury (disorder),Condition,Cigna Health,Commercial,$729,$729,$729,100.0%,1
414667000,Meningomyelocele (disorder),Condition,Anthem,Commercial,$728,$728,$121,53.8%,6
410429000,Cardiac arrest (disorder),Condition,Anthem,Commercial,$711,$711,$118,54.4%,6
79619009,Mitral valve stenosis (disorder),Condition,Medicare,Government,$695,$695,$139,0.0%,5
109989006,Multiple myeloma (disorder),Condition,Anthem,Commercial,$691,$691,$115,20.0%,6
410429000,Cardiac arrest (disorder),Condition,Aetna,Commercial,$624,$624,$125,54.2%,5
60951000119105,Blindness due to type 2 diabetes mellitus (disorder),Condition,Medicaid,Government,$521,$521,$260,0.3%,2
410429000,Cardiac arrest (disorder),Condition,NO_INSURANCE,Self-Pay / Uninsured,$511,$511,$128,100.0%,4
109989006,Multiple myeloma (disorder),Condition,UnitedHealthcare,Commercial,$488,$488,$122,32.2%,4
109989006,Multiple myeloma (disorder),Condition,Cigna Health,Commercial,$479,$479,$120,58.3%,4
109989006,Multiple myeloma (disorder),Condition,Blue Cross Blue Shield,Commercial,$466,$466,$117,33.2%,4
171131006,Meningocele (disorder),Condition,Medicaid,Government,$459,$459,$115,43.6%,4
410429000,Cardiac arrest (disorder),Condition,UnitedHealthcare,Commercial,$380,$380,$127,58.7%,3
76916001,Spina bifida occulta (disorder),Condition,Humana,Commercial,$353,$353,$118,66.2%,3
410429000,Cardiac arrest (disorder),Condition,Blue Cross Blue Shield,Commercial,$278,$278,$139,66.9%,2
76916001,Spina bifida occulta (disorder),Condition,Blue Cross Blue Shield,Commercial,$273,$273,$137,30.0%,2
225444004,At risk for suicide (finding),Condition,NO_INSURANCE,Self-Pay / Uninsured,$248,$248,$62,100.0%,4
171131006,Meningocele (disorder),Condition,Anthem,Commercial,$238,$238,$119,60.0%,2
171131006,Meningocele (disorder),Condition,Cigna Health,Commercial,$229,$229,$114,100.0%,2
76916001,Spina bifida occulta (disorder),Condition,UnitedHealthcare,Commercial,$226,$226,$113,20.0%,2
76916001,Spina bifida occulta (disorder),Condition,Cigna Health,Commercial,$219,$219,$109,68.2%,2
83664006,Idiopathic atrophic hypothyroidism,Condition,Medicare,Government,$171,$171,$0,26.0%,563
385486001,Postoperative complication,Condition,Medicare,Government,$157,$157,$157,0.0%,1
225444004,At risk for suicide (finding),Condition,Medicare,Government,$133,$133,$66,0.0%,2
225444004,At risk for suicide (finding),Condition,Dual Eligible,Government,$124,$124,$62,28.3%,2
200936003,Lupus erythematosus,Condition,Blue Cross Blue Shield,Commercial,$117,$117,$19,56.4%,6
171131006,Meningocele (disorder),Condition,UnitedHealthcare,Commercial,$114,$114,$114,20.0%,1
76916001,Spina bifida occulta (disorder),Condition,Anthem,Commercial,$114,$114,$114,20.0%,1
76916001,Spina bifida occulta (disorder),Condition,Aetna,Commercial,$110,$110,$110,100.0%,1
76916001,Spina bifida occulta (disorder),Condition,NO_INSURANCE,Self-Pay / Uninsured,$107,$107,$107,100.0%,1
83664006,Idiopathic atrophic hypothyroidism,Condition,Medicaid,Government,$85,$85,$0,99.7%,315
83664006,Idiopathic atrophic hypothyroidism,Condition,Dual Eligible,Government,$50,$50,$0,100.0%,194
83664006,Idiopathic atrophic hypothyroidism,Condition,Aetna,Commercial,$43,$43,$0,70.3%,139
83664006,Idiopathic atrophic hypothyroidism,Condition,Cigna Health,Commercial,$41,$41,$0,63.6%,132
83664006,Idiopathic atrophic hypothyroidism,Condition,Humana,Commercial,$39,$39,$0,70.9%,130
83664006,Idiopathic atrophic hypothyroidism,Condition,Anthem,Commercial,$33,$33,$0,46.4%,109
83664006,Idiopathic atrophic hypothyroidism,Condition,NO_INSURANCE,Self-Pay / Uninsured,$32,$32,$0,100.0%,103
83664006,Idiopathic atrophic hypothyroidism,Condition,Blue Cross Blue Shield,Commercial,$25,$25,$0,59.8%,85
83664006,Idiopathic atrophic hypothyroidism,Condition,UnitedHealthcare,Commercial,$17,$17,$0,52.7%,55
