Condition Code,Condition Name,Payer Name,Payer Type,Total Billed,Total Paid,Avg Cost per Claim,% Borne by Patient,Number of Claims
72892002,Normal pregnancy,Medicaid,Government,"$9,029,053,030","$9,029,053,030","$13,595",0.4%,"664,164"
72892002,Normal pregnancy,Humana,Commercial,"$3,963,814,568","$3,963,814,568","$15,155",17.3%,"261,558"
72892002,Normal pregnancy,NO_INSURANCE,Self-Pay / Uninsured,"$2,594,781,261","$2,594,781,261","$14,289",100.0%,"181,589"
419199007,Allergy to substance (finding),Medicaid,Government,"$2,565,757,405","$2,565,757,405","$9,788",0.6%,"262,134"
66383009,Gingivitis (disorder),Medicare,Government,"$2,379,529,972","$2,379,530,380","$1,417",3.9%,"1,678,919"
72892002,Normal pregnancy,Cigna Health,Commercial,"$2,359,890,929","$2,359,890,929","$15,326",15.5%,"153,977"
72892002,Normal pregnancy,Anthem,Commercial,"$2,330,238,433","$2,330,238,433","$15,286",11.0%,"152,443"
72892002,Normal pregnancy,Aetna,Commercial,"$2,279,272,795","$2,279,272,795","$15,477",19.3%,"147,267"
72892002,Normal pregnancy,Blue Cross Blue Shield,Commercial,"$2,118,074,073","$2,118,074,073","$15,124",14.5%,"140,044"
424132000,Non-small cell carcinoma of lung  TNM stage 1 (disorder),Medicare,Government,"$2,115,585,139","$2,115,585,139","$5,635",0.5%,"375,467"
72892002,Normal pregnancy,UnitedHealthcare,Commercial,"$1,941,228,248","$1,941,228,248","$15,107",10.6%,"128,499"
431857002,Chronic kidney disease stage 4 (disorder),Medicare,Government,"$1,708,479,050","$1,708,479,050",$467,1.8%,"3,655,561"
72892002,Normal pregnancy,Medicare,Government,"$1,692,761,507","$1,692,761,507","$15,005",1.8%,"112,810"
66383009,Gingivitis (disorder),Medicaid,Government,"$1,648,559,647","$1,648,560,055","$1,586",3.0%,"1,039,678"
419199007,Allergy to substance (finding),Medicare,Government,"$1,291,719,894","$1,291,719,894","$10,866",1.1%,"118,882"
66383009,Gingivitis (disorder),Dual Eligible,Government,"$779,102,815","$779,102,815","$1,294",1.9%,"602,054"
419199007,Allergy to substance (finding),Humana,Commercial,"$777,097,327","$777,097,327","$10,500",7.1%,"74,006"
66383009,Gingivitis (disorder),Humana,Commercial,"$694,372,760","$694,372,760","$1,736",69.5%,"399,879"
424132000,Non-small cell carcinoma of lung  TNM stage 1 (disorder),Dual Eligible,Government,"$687,567,452","$687,567,452","$5,244",0.3%,"131,107"
72892002,Normal pregnancy,Dual Eligible,Government,"$624,517,720","$624,517,720","$13,515",0.3%,"46,208"
66383009,Gingivitis (disorder),Cigna Health,Commercial,"$594,568,930","$594,568,930","$1,651",59.9%,"360,035"
419199007,Allergy to substance (finding),Dual Eligible,Government,"$591,956,038","$591,956,038","$10,333",0.3%,"57,287"
419199007,Allergy to substance (finding),Aetna,Commercial,"$588,066,867","$588,066,867","$10,276",7.3%,"57,225"
419199007,Allergy to substance (finding),NO_INSURANCE,Self-Pay / Uninsured,"$586,816,511","$586,816,511","$10,163",100.0%,"57,741"
66383009,Gingivitis (disorder),Aetna,Commercial,"$581,066,749","$581,066,749","$1,653",69.6%,"351,444"
419199007,Allergy to substance (finding),Cigna Health,Commercial,"$575,526,046","$575,526,046","$10,308",6.6%,"55,833"
419199007,Allergy to substance (finding),Anthem,Commercial,"$568,443,997","$568,443,997","$10,382",5.9%,"54,754"
66383009,Gingivitis (disorder),Anthem,Commercial,"$554,464,094","$554,464,094","$1,672",27.6%,"331,689"
419199007,Allergy to substance (finding),Blue Cross Blue Shield,Commercial,"$554,091,426","$554,091,426","$10,431",6.4%,"53,122"
419199007,Allergy to substance (finding),UnitedHealthcare,Commercial,"$536,881,940","$536,881,940","$10,331",5.8%,"51,966"
254837009,Malignant neoplasm of breast (disorder),Medicare,Government,"$532,177,627","$532,177,627","$2,580",2.8%,"206,253"
431857002,Chronic kidney disease stage 4 (disorder),Medicaid,Government,"$529,441,811","$529,441,811",$449,4.1%,"1,178,108"
66383009,Gingivitis (disorder),NO_INSURANCE,Self-Pay / Uninsured,"$525,984,039","$525,984,039","$1,598",100.0%,"329,128"
67811000119102,Primary small cell malignant neoplasm of lung  TNM stage 1 (disorder),Medicare,Government,"$516,958,564","$516,958,564","$5,727",0.4%,"90,263"
68496003,Polyp of colon,Medicare,Government,"$508,192,238","$508,192,238","$20,187",3.9%,"25,174"
431857002,Chronic kidney disease stage 4 (disorder),Dual Eligible,Government,"$489,565,467","$489,565,467",$456,3.5%,"1,074,357"
66383009,Gingivitis (disorder),Blue Cross Blue Shield,Commercial,"$404,026,478","$404,026,478","$1,754",61.0%,"230,361"
46177005,End-stage renal disease (disorder),Medicare,Government,"$376,681,166","$376,681,166",$465,1.8%,"809,258"
66383009,Gingivitis (disorder),UnitedHealthcare,Commercial,"$371,865,198","$371,865,198","$1,765",28.4%,"210,699"
431857002,Chronic kidney disease stage 4 (disorder),NO_INSURANCE,Self-Pay / Uninsured,"$362,705,233","$362,705,233",$438,100.0%,"827,880"
840539006,COVID-19,Medicare,Government,"$295,342,730","$295,342,730","$1,269",2.7%,"232,826"
274531002,Abnormal findings diagnostic imaging heart+coronary circulat (finding),Medicare,Government,"$291,964,696","$291,964,696","$3,895",3.2%,"74,962"
431857002,Chronic kidney disease stage 4 (disorder),Humana,Commercial,"$285,457,250","$285,457,250",$471,8.1%,"606,352"
192127007,Child attention deficit disorder,Medicaid,Government,"$279,511,278","$279,511,278","$8,994",0.1%,"31,076"
414545008,Ischemic heart disease (disorder),Medicare,Government,"$273,146,651","$273,146,651","$1,911",4.0%,"142,905"
431857002,Chronic kidney disease stage 4 (disorder),Cigna Health,Commercial,"$255,609,041","$255,609,041",$449,8.7%,"569,117"
18718003,Gingival disease (disorder),Medicare,Government,"$242,869,334","$242,869,334","$3,738",3.2%,"64,967"
431857002,Chronic kidney disease stage 4 (disorder),Aetna,Commercial,"$235,294,692","$235,294,692",$450,8.7%,"523,429"
230690007,Stroke,Medicare,Government,"$228,165,425","$228,165,425","$75,104",3.0%,"3,038"
6525002,Dependent drug abuse (disorder),Medicaid,Government,"$223,252,047","$223,252,047",$423,2.8%,"527,242"
431857002,Chronic kidney disease stage 4 (disorder),Anthem,Commercial,"$219,509,440","$219,509,820",$458,8.8%,"479,660"
88805009,Chronic congestive heart failure (disorder),Medicare,Government,"$216,286,615","$216,286,615",$653,3.6%,"331,293"
312608009,Laceration - injury (disorder),Medicaid,Government,"$199,033,105","$199,033,105","$4,586",1.4%,"43,397"
18718003,Gingival disease (disorder),Medicaid,Government,"$193,781,596","$193,781,596","$3,556",1.5%,"54,491"
68496003,Polyp of colon,Medicaid,Government,"$187,024,572","$187,024,572","$19,018",0.5%,"9,834"
254837009,Malignant neoplasm of breast (disorder),Dual Eligible,Government,"$184,546,245","$184,546,245","$2,718",1.0%,"67,893"
424132000,Non-small cell carcinoma of lung  TNM stage 1 (disorder),Medicaid,Government,"$182,218,499","$182,218,499","$5,285",0.5%,"34,480"
125605004,Fracture of bone (disorder),Medicare,Government,"$182,120,951","$182,120,951","$3,130",4.3%,"58,184"
109570002,Primary dental caries (disorder),Medicare,Government,"$174,893,452","$174,893,452","$2,728",3.3%,"64,122"
109570002,Primary dental caries (disorder),Medicaid,Government,"$170,106,482","$170,106,482","$2,584",2.0%,"65,838"
431857002,Chronic kidney disease stage 4 (disorder),Blue Cross Blue Shield,Commercial,"$164,905,809","$164,905,809",$464,8.1%,"355,542"
424132000,Non-small cell carcinoma of lung  TNM stage 1 (disorder),NO_INSURANCE,Self-Pay / Uninsured,"$164,317,628","$164,317,628","$5,502",100.0%,"29,864"
840539006,COVID-19,Medicaid,Government,"$161,428,613","$161,428,613",$951,1.5%,"169,747"
68496003,Polyp of colon,Dual Eligible,Government,"$154,626,716","$154,626,716","$18,887",0.2%,"8,187"
196416002,Impacted molars,Medicaid,Government,"$148,679,373","$148,679,373","$5,356",0.9%,"27,758"
10509002,Acute bronchitis (disorder),Medicaid,Government,"$142,395,179","$142,395,179",$892,6.5%,"159,660"
431857002,Chronic kidney disease stage 4 (disorder),UnitedHealthcare,Commercial,"$140,671,758","$140,671,758",$463,8.3%,"303,524"
312608009,Laceration - injury (disorder),Medicare,Government,"$139,326,577","$139,326,577","$4,916",3.9%,"28,343"
254837009,Malignant neoplasm of breast (disorder),Medicaid,Government,"$136,237,418","$136,237,418","$5,348",0.5%,"25,475"
46177005,End-stage renal disease (disorder),Medicaid,Government,"$132,647,101","$132,647,101",$456,4.3%,"290,585"
307426000,Acute infective cystitis (disorder),Medicaid,Government,"$120,808,027","$120,808,027","$2,272",2.6%,"53,173"
363406005,Malignant tumor of colon,Medicare,Government,"$120,396,253","$120,396,253","$5,539",1.9%,"21,737"
274531002,Abnormal findings diagnostic imaging heart+coronary circulat (finding),Medicaid,Government,"$119,547,220","$119,547,220","$3,551",0.6%,"33,663"
26929004,Alzheimer's disease (disorder),Medicare,Government,"$117,080,816","$117,080,816","$2,479",5.8%,"47,229"
67811000119102,Primary small cell malignant neoplasm of lung  TNM stage 1 (disorder),Dual Eligible,Government,"$114,178,600","$114,178,600","$5,401",0.6%,"21,140"
46177005,End-stage renal disease (disorder),Dual Eligible,Government,"$107,712,963","$107,712,963",$452,3.6%,"238,184"
414545008,Ischemic heart disease (disorder),Medicaid,Government,"$105,616,462","$105,616,462","$1,783",1.6%,"59,236"
6525002,Dependent drug abuse (disorder),Medicare,Government,"$105,136,109","$105,136,109",$449,8.6%,"234,123"
82423001,Chronic pain (finding),Medicaid,Government,"$104,812,858","$104,812,858","$1,076",5.3%,"97,368"
10509002,Acute bronchitis (disorder),Medicare,Government,"$96,327,906","$96,327,906",$887,5.4%,"108,599"
840539006,COVID-19,Dual Eligible,Government,"$95,248,139","$95,248,139","$1,249",0.9%,"76,230"
427898007,Infection of tooth (disorder),Medicare,Government,"$88,965,530","$88,965,530","$3,875",3.1%,"22,956"
312608009,Laceration - injury (disorder),Humana,Commercial,"$87,370,739","$87,370,739","$4,965",55.1%,"17,598"
68496003,Polyp of colon,Humana,Commercial,"$87,133,403","$87,133,403","$21,077",47.4%,"4,134"
46177005,End-stage renal disease (disorder),NO_INSURANCE,Self-Pay / Uninsured,"$85,253,258","$85,253,258",$437,100.0%,"194,935"
274531002,Abnormal findings diagnostic imaging heart+coronary circulat (finding),Dual Eligible,Government,"$85,119,160","$85,119,160","$3,591",0.4%,"23,704"
87433001,Pulmonary emphysema (disorder),Medicare,Government,"$84,567,007","$84,567,007","$16,866",3.3%,"5,014"
414545008,Ischemic heart disease (disorder),Dual Eligible,Government,"$83,382,026","$83,382,026","$1,805",0.9%,"46,200"
6525002,Dependent drug abuse (disorder),Dual Eligible,Government,"$82,965,481","$82,965,481",$418,0.7%,"198,493"
195662009,Acute viral pharyngitis (disorder),Medicaid,Government,"$81,008,532","$81,008,532",$858,7.4%,"94,456"
18718003,Gingival disease (disorder),Dual Eligible,Government,"$79,229,261","$79,229,261","$3,482",1.0%,"22,752"
68496003,Polyp of colon,Cigna Health,Commercial,"$78,977,641","$78,977,641","$20,535",37.5%,"3,846"
18718003,Gingival disease (disorder),Humana,Commercial,"$78,901,142","$78,901,142","$3,881",63.8%,"20,332"
109838007,Overlapping malignant neoplasm of colon,Medicare,Government,"$76,692,196","$76,692,196","$6,794",2.4%,"11,289"
68496003,Polyp of colon,Aetna,Commercial,"$75,287,532","$75,287,532","$20,706",48.3%,"3,636"
840539006,COVID-19,Humana,Commercial,"$74,986,387","$74,986,387","$1,036",21.1%,"72,405"
192127007,Child attention deficit disorder,Humana,Commercial,"$73,369,928","$73,369,928","$9,701",12.3%,"7,563"
427898007,Infection of tooth (disorder),Medicaid,Government,"$73,147,600","$73,147,600","$3,671",1.4%,"19,928"
37320007,Loss of teeth (disorder),Medicare,Government,"$72,698,121","$72,698,121","$1,004",4.9%,"72,376"
68496003,Polyp of colon,Anthem,Commercial,"$70,819,415","$70,819,415","$20,211",22.2%,"3,504"
46177005,End-stage renal disease (disorder),Humana,Commercial,"$69,929,184","$69,929,184",$464,8.4%,"150,649"
185086009,Chronic obstructive bronchitis (disorder),Medicare,Government,"$69,463,612","$69,463,612","$16,926",2.8%,"4,104"
312608009,Laceration - injury (disorder),Cigna Health,Commercial,"$69,152,482","$69,152,482","$4,761",44.5%,"14,524"
312608009,Laceration - injury (disorder),Aetna,Commercial,"$68,907,727","$68,907,727","$4,816",56.0%,"14,307"
307426000,Acute infective cystitis (disorder),Medicare,Government,"$67,939,243","$67,939,243","$2,236",4.2%,"30,386"
230690007,Stroke,Dual Eligible,Government,"$67,751,993","$67,751,993","$68,024",0.0%,996
18718003,Gingival disease (disorder),Cigna Health,Commercial,"$66,880,087","$66,880,087","$3,726",50.9%,"17,949"
22298006,Myocardial infarction (disorder),Medicare,Government,"$66,468,514","$66,468,514","$3,630",3.9%,"18,311"
18718003,Gingival disease (disorder),Aetna,Commercial,"$66,131,386","$66,131,386","$3,746",64.8%,"17,654"
312608009,Laceration - injury (disorder),Anthem,Commercial,"$65,664,662","$65,664,662","$4,825",23.6%,"13,608"
109570002,Primary dental caries (disorder),Humana,Commercial,"$65,560,124","$65,560,124","$2,817",73.5%,"23,272"
88805009,Chronic congestive heart failure (disorder),Dual Eligible,Government,"$65,537,197","$65,537,197",$628,3.5%,"104,428"
840539006,COVID-19,Cigna Health,Commercial,"$64,319,707","$64,319,707","$1,008",20.0%,"63,814"
840539006,COVID-19,Aetna,Commercial,"$63,387,243","$63,387,243","$1,034",20.5%,"61,280"
18718003,Gingival disease (disorder),Anthem,Commercial,"$62,846,842","$62,846,842","$3,766",21.6%,"16,686"
230690007,Stroke,Medicaid,Government,"$62,698,278","$62,698,278","$61,650",0.1%,"1,017"
64859006,Osteoporosis (disorder),Medicare,Government,"$62,100,781","$62,100,781","$2,283",4.7%,"27,198"
192127007,Child attention deficit disorder,UnitedHealthcare,Commercial,"$61,941,143","$61,941,143","$9,475",10.6%,"6,537"
192127007,Child attention deficit disorder,Aetna,Commercial,"$61,289,704","$61,289,704","$9,291",12.9%,"6,597"
10509002,Acute bronchitis (disorder),Humana,Commercial,"$61,005,983","$61,005,983",$968,62.6%,"62,991"
68496003,Polyp of colon,NO_INSURANCE,Self-Pay / Uninsured,"$60,620,274","$60,620,274","$20,619",100.0%,"2,940"
18718003,Gingival disease (disorder),NO_INSURANCE,Self-Pay / Uninsured,"$60,558,517","$60,558,517","$3,763",100.0%,"16,095"
192127007,Child attention deficit disorder,Blue Cross Blue Shield,Commercial,"$59,750,672","$59,750,672","$9,626",11.4%,"6,207"
840539006,COVID-19,Anthem,Commercial,"$59,199,756","$59,199,756","$1,040",17.6%,"56,921"
401314000,Acute non-ST segment elevation myocardial infarction (disorder),Medicare,Government,"$58,325,607","$58,325,607","$2,696",3.1%,"21,636"
192127007,Child attention deficit disorder,Anthem,Commercial,"$57,972,051","$57,972,051","$9,378",10.3%,"6,182"
125605004,Fracture of bone (disorder),Dual Eligible,Government,"$57,618,547","$57,618,547","$2,948",1.1%,"19,548"
192127007,Child attention deficit disorder,NO_INSURANCE,Self-Pay / Uninsured,"$57,313,802","$57,313,802","$9,431",100.0%,"6,077"
312608009,Laceration - injury (disorder),NO_INSURANCE,Self-Pay / Uninsured,"$57,102,446","$57,102,446","$4,805",100.0%,"11,884"
125605004,Fracture of bone (disorder),Medicaid,Government,"$56,733,677","$56,733,677","$1,321",4.5%,"42,945"
109570002,Primary dental caries (disorder),Dual Eligible,Government,"$56,356,831","$56,356,831","$2,527",1.4%,"22,301"
46177005,End-stage renal disease (disorder),Aetna,Commercial,"$56,103,195","$56,103,195",$452,9.6%,"124,019"
274531002,Abnormal findings diagnostic imaging heart+coronary circulat (finding),Humana,Commercial,"$55,422,208","$55,422,208","$4,130",17.4%,"13,419"
109570002,Primary dental caries (disorder),Aetna,Commercial,"$55,401,328","$55,401,328","$2,720",73.5%,"20,371"
424132000,Non-small cell carcinoma of lung  TNM stage 1 (disorder),Humana,Commercial,"$55,088,132","$55,088,132","$5,966",1.2%,"9,234"
46177005,End-stage renal disease (disorder),Cigna Health,Commercial,"$54,932,009","$54,932,009",$450,9.1%,"121,948"
109570002,Primary dental caries (disorder),Cigna Health,Commercial,"$54,908,119","$54,908,119","$2,710",62.4%,"20,262"
254837009,Malignant neoplasm of breast (disorder),NO_INSURANCE,Self-Pay / Uninsured,"$54,757,070","$54,757,070","$4,982",100.0%,"10,992"
6525002,Dependent drug abuse (disorder),Cigna Health,Commercial,"$53,276,089","$53,276,089",$452,62.7%,"117,828"
312608009,Laceration - injury (disorder),Blue Cross Blue Shield,Commercial,"$53,220,909","$53,220,909","$5,007",43.4%,"10,630"
109570002,Primary dental caries (disorder),Anthem,Commercial,"$51,703,026","$51,703,026","$2,726",23.2%,"18,965"
401303003,Acute ST segment elevation myocardial infarction (disorder),Medicare,Government,"$51,696,726","$51,696,726","$2,802",3.3%,"18,451"
192127007,Child attention deficit disorder,Cigna Health,Commercial,"$51,555,077","$51,555,077","$9,279",12.0%,"5,556"
6525002,Dependent drug abuse (disorder),Aetna,Commercial,"$51,453,464","$51,453,464",$451,70.6%,"114,141"
414545008,Ischemic heart disease (disorder),Humana,Commercial,"$49,672,596","$49,672,596","$2,024",45.1%,"24,543"
274531002,Abnormal findings diagnostic imaging heart+coronary circulat (finding),Cigna Health,Commercial,"$49,427,973","$49,427,973","$3,811",18.1%,"12,969"
840539006,COVID-19,NO_INSURANCE,Self-Pay / Uninsured,"$49,190,924","$49,190,924",$995,99.9%,"49,433"
109570002,Primary dental caries (disorder),NO_INSURANCE,Self-Pay / Uninsured,"$49,183,607","$49,183,199","$2,729",100.0%,"18,024"
10509002,Acute bronchitis (disorder),Aetna,Commercial,"$49,114,471","$49,114,471",$955,64.4%,"51,419"
6525002,Dependent drug abuse (disorder),Anthem,Commercial,"$48,978,016","$48,978,016",$455,38.6%,"107,686"
10509002,Acute bronchitis (disorder),Cigna Health,Commercial,"$48,752,147","$48,752,147",$935,53.6%,"52,148"
274531002,Abnormal findings diagnostic imaging heart+coronary circulat (finding),Aetna,Commercial,"$48,126,667","$48,126,667","$3,728",19.2%,"12,910"
68496003,Polyp of colon,Blue Cross Blue Shield,Commercial,"$48,015,370","$48,015,370","$21,464",36.9%,"2,237"
18718003,Gingival disease (disorder),Blue Cross Blue Shield,Commercial,"$47,524,381","$47,524,381","$3,880",51.2%,"12,249"
254837009,Malignant neoplasm of breast (disorder),Aetna,Commercial,"$47,250,993","$47,250,993","$6,049",7.7%,"7,812"
312608009,Laceration - injury (disorder),UnitedHealthcare,Commercial,"$47,226,056","$47,226,056","$4,921",23.4%,"9,597"
46177005,End-stage renal disease (disorder),Anthem,Commercial,"$47,222,293","$47,222,293",$453,9.4%,"104,301"
307426000,Acute infective cystitis (disorder),Humana,Commercial,"$46,869,421","$46,869,421","$2,356",57.1%,"19,893"
10509002,Acute bronchitis (disorder),Anthem,Commercial,"$46,647,053","$46,647,053",$949,29.0%,"49,129"
67811000119102,Primary small cell malignant neoplasm of lung  TNM stage 1 (disorder),NO_INSURANCE,Self-Pay / Uninsured,"$45,166,338","$45,166,338","$5,621",99.9%,"8,035"
254837009,Malignant neoplasm of breast (disorder),Cigna Health,Commercial,"$44,998,955","$44,998,955","$5,877",6.8%,"7,657"
91302008,Sepsis (disorder),Medicaid,Government,"$44,478,794","$44,478,794","$10,234",0.4%,"4,346"
312608009,Laceration - injury (disorder),Dual Eligible,Government,"$44,315,160","$44,315,160","$4,569",0.8%,"9,700"
414545008,Ischemic heart disease (disorder),Aetna,Commercial,"$44,095,680","$44,095,680","$1,905",45.6%,"23,148"
18718003,Gingival disease (disorder),UnitedHealthcare,Commercial,"$43,411,717","$43,411,717","$3,865",21.9%,"11,232"
414545008,Ischemic heart disease (disorder),Cigna Health,Commercial,"$43,267,564","$43,267,564","$1,891",38.9%,"22,882"
68496003,Polyp of colon,UnitedHealthcare,Commercial,"$42,510,107","$42,510,107","$21,202",21.8%,"2,005"
26929004,Alzheimer's disease (disorder),Dual Eligible,Government,"$42,498,327","$42,498,327","$2,322",1.1%,"18,306"
274531002,Abnormal findings diagnostic imaging heart+coronary circulat (finding),Anthem,Commercial,"$42,063,342","$42,063,342","$3,823",18.3%,"11,004"
278602001,Loose dental filling (finding),Medicare,Government,"$41,953,349","$41,953,349","$2,737",3.3%,"15,326"
274531002,Abnormal findings diagnostic imaging heart+coronary circulat (finding),NO_INSURANCE,Self-Pay / Uninsured,"$41,584,112","$41,584,112","$3,837",100.0%,"10,839"
414545008,Ischemic heart disease (disorder),Anthem,Commercial,"$41,393,285","$41,393,285","$1,952",23.6%,"21,207"
278598003,Leaking dental filling (finding),Medicare,Government,"$41,347,167","$41,347,167","$2,719",3.3%,"15,205"
278558000,Dental filling lost (finding),Medicare,Government,"$41,295,302","$41,295,302","$2,735",3.3%,"15,097"
10509002,Acute bronchitis (disorder),NO_INSURANCE,Self-Pay / Uninsured,"$41,154,497","$41,154,497",$937,100.0%,"43,903"
109570002,Primary dental caries (disorder),Blue Cross Blue Shield,Commercial,"$41,003,643","$41,003,643","$2,801",63.2%,"14,641"
278588009,Fractured dental filling (finding),Medicare,Government,"$40,859,167","$40,859,167","$2,729",3.3%,"14,973"
424132000,Non-small cell carcinoma of lung  TNM stage 1 (disorder),Aetna,Commercial,"$40,645,487","$40,645,487","$5,740",2.1%,"7,081"
840539006,COVID-19,Blue Cross Blue Shield,Commercial,"$39,874,455","$39,874,455",$992,21.0%,"40,194"
6525002,Dependent drug abuse (disorder),NO_INSURANCE,Self-Pay / Uninsured,"$39,170,904","$39,170,904",$455,100.0%,"86,149"
424132000,Non-small cell carcinoma of lung  TNM stage 1 (disorder),Cigna Health,Commercial,"$38,516,271","$38,516,271","$5,726",1.2%,"6,727"
109570002,Primary dental caries (disorder),UnitedHealthcare,Commercial,"$38,015,053","$38,015,053","$2,806",23.2%,"13,547"
46177005,End-stage renal disease (disorder),Blue Cross Blue Shield,Commercial,"$37,968,189","$37,968,189",$480,8.6%,"79,130"
10509002,Acute bronchitis (disorder),Blue Cross Blue Shield,Commercial,"$36,925,825","$36,925,825",$964,52.2%,"38,311"
424132000,Non-small cell carcinoma of lung  TNM stage 1 (disorder),Anthem,Commercial,"$36,818,295","$36,818,295","$5,631",2.0%,"6,538"
46177005,End-stage renal disease (disorder),UnitedHealthcare,Commercial,"$35,938,078","$35,938,078",$467,8.7%,"77,030"
307426000,Acute infective cystitis (disorder),Cigna Health,Commercial,"$35,768,264","$35,768,264","$2,299",49.0%,"15,559"
254837009,Malignant neoplasm of breast (disorder),Humana,Commercial,"$35,535,155","$35,535,155","$4,192",9.7%,"8,476"
307426000,Acute infective cystitis (disorder),Aetna,Commercial,"$35,525,380","$35,525,380","$2,252",60.6%,"15,773"
363406005,Malignant tumor of colon,Dual Eligible,Government,"$35,378,404","$35,378,404","$5,118",0.3%,"6,913"
840539006,COVID-19,UnitedHealthcare,Commercial,"$35,346,779","$35,346,779",$993,17.5%,"35,610"
414545008,Ischemic heart disease (disorder),NO_INSURANCE,Self-Pay / Uninsured,"$35,259,260","$35,259,260","$2,019",100.0%,"17,466"
363406005,Malignant tumor of colon,Medicaid,Government,"$35,188,906","$35,188,906","$5,276",0.4%,"6,670"
82423001,Chronic pain (finding),Humana,Commercial,"$35,136,369","$35,136,369","$1,408",30.1%,"24,962"
10509002,Acute bronchitis (disorder),UnitedHealthcare,Commercial,"$34,759,239","$34,759,239",$971,29.0%,"35,788"
307426000,Acute infective cystitis (disorder),Anthem,Commercial,"$34,497,615","$34,497,615","$2,305",25.7%,"14,968"
49436004,Atrial fibrillation (disorder),Medicare,Government,"$34,091,643","$34,091,643","$3,383",4.3%,"10,076"
192127007,Child attention deficit disorder,Medicare,Government,"$33,875,391","$33,875,391","$9,312",1.3%,"3,638"
307426000,Acute infective cystitis (disorder),NO_INSURANCE,Self-Pay / Uninsured,"$33,612,487","$33,612,487","$2,397",100.0%,"14,023"
196416002,Impacted molars,Cigna Health,Commercial,"$32,972,328","$32,972,328","$5,661",33.4%,"5,824"
37320007,Loss of teeth (disorder),Medicaid,Government,"$32,648,625","$32,648,625",$948,3.4%,"34,426"
274531002,Abnormal findings diagnostic imaging heart+coronary circulat (finding),Blue Cross Blue Shield,Commercial,"$32,529,063","$32,529,063","$4,249",17.9%,"7,655"
424132000,Non-small cell carcinoma of lung  TNM stage 1 (disorder),Blue Cross Blue Shield,Commercial,"$32,295,815","$32,295,815","$5,950",1.3%,"5,428"
196416002,Impacted molars,Aetna,Commercial,"$31,480,374","$31,480,374","$5,608",41.3%,"5,613"
230690007,Stroke,Humana,Commercial,"$31,059,324","$31,059,324","$69,796",30.4%,445
196416002,Impacted molars,Anthem,Commercial,"$30,672,962","$30,672,962","$5,622",21.2%,"5,456"
67811000119102,Primary small cell malignant neoplasm of lung  TNM stage 1 (disorder),Medicaid,Government,"$30,606,019","$30,606,019","$5,491",0.8%,"5,574"
10509002,Acute bronchitis (disorder),Dual Eligible,Government,"$30,186,303","$30,186,303",$838,3.9%,"36,013"
195662009,Acute viral pharyngitis (disorder),Humana,Commercial,"$30,152,613","$30,152,613",$823,76.9%,"36,647"
427898007,Infection of tooth (disorder),Dual Eligible,Government,"$29,928,079","$29,928,079","$3,617",1.0%,"8,274"
271737000,Anemia (disorder),Medicaid,Government,"$29,609,437","$29,609,437",$903,2.1%,"32,806"
840544004,Suspected COVID-19,Medicaid,Government,"$29,467,041","$29,467,041",$568,9.7%,"51,854"
427898007,Infection of tooth (disorder),Humana,Commercial,"$29,412,783","$29,412,783","$4,008",64.1%,"7,339"
60573004,Aortic valve stenosis (disorder),Medicare,Government,"$29,262,158","$29,262,158","$2,894",3.4%,"10,112"
230690007,Stroke,NO_INSURANCE,Self-Pay / Uninsured,"$28,244,987","$28,244,987","$66,773",100.0%,423
307426000,Acute infective cystitis (disorder),Blue Cross Blue Shield,Commercial,"$27,929,516","$27,929,516","$2,340",48.6%,"11,938"
274531002,Abnormal findings diagnostic imaging heart+coronary circulat (finding),UnitedHealthcare,Commercial,"$27,911,183","$27,911,183","$4,081",18.2%,"6,840"
230690007,Stroke,Aetna,Commercial,"$27,670,160","$27,670,160","$71,499",31.6%,387
278602001,Loose dental filling (finding),Medicaid,Government,"$27,559,821","$27,559,821","$2,572",2.0%,"10,716"
278558000,Dental filling lost (finding),Medicaid,Government,"$27,525,936","$27,525,936","$2,574",2.0%,"10,695"
278588009,Fractured dental filling (finding),Medicaid,Government,"$27,508,871","$27,508,871","$2,577",2.0%,"10,674"
55822004,Hyperlipidemia,Medicare,Government,"$27,467,033","$27,467,033",$63,8.6%,"435,044"
278598003,Leaking dental filling (finding),Medicaid,Government,"$27,340,751","$27,340,751","$2,568",2.0%,"10,645"
230690007,Stroke,Anthem,Commercial,"$27,018,278","$27,018,278","$71,288",16.8%,379
254837009,Malignant neoplasm of breast (disorder),Anthem,Commercial,"$26,569,851","$26,569,851","$4,183",7.8%,"6,352"
307426000,Acute infective cystitis (disorder),UnitedHealthcare,Commercial,"$26,434,834","$26,434,834","$2,353",25.1%,"11,233"
414545008,Ischemic heart disease (disorder),Blue Cross Blue Shield,Commercial,"$26,390,196","$26,390,196","$1,956",39.2%,"13,495"
43878008,Streptococcal sore throat (disorder),Medicaid,Government,"$26,086,718","$26,086,718",$529,10.8%,"49,358"
230690007,Stroke,Cigna Health,Commercial,"$25,665,709","$25,665,709","$69,367",25.0%,370
87433001,Pulmonary emphysema (disorder),Dual Eligible,Government,"$25,493,185","$25,493,185","$14,452",0.2%,"1,764"
444814009,Viral sinusitis (disorder),Medicaid,Government,"$25,203,490","$25,203,490",$134,42.0%,"187,790"
427898007,Infection of tooth (disorder),Cigna Health,Commercial,"$25,158,776","$25,158,776","$3,847",51.3%,"6,539"
109838007,Overlapping malignant neoplasm of colon,Dual Eligible,Government,"$25,149,023","$25,149,023","$6,411",0.3%,"3,923"
427898007,Infection of tooth (disorder),Aetna,Commercial,"$24,950,476","$24,950,476","$3,902",65.4%,"6,394"
414545008,Ischemic heart disease (disorder),UnitedHealthcare,Commercial,"$24,419,678","$24,419,678","$1,972",23.3%,"12,381"
195662009,Acute viral pharyngitis (disorder),Cigna Health,Commercial,"$24,346,562","$24,346,491",$793,69.4%,"30,697"
196416002,Impacted molars,Medicare,Government,"$24,260,767","$24,260,767","$5,683",5.0%,"4,269"
196416002,Impacted molars,NO_INSURANCE,Self-Pay / Uninsured,"$24,170,970","$24,170,970","$5,643",100.0%,"4,283"
91302008,Sepsis (disorder),Humana,Commercial,"$23,986,847","$23,986,847","$11,764",37.2%,"2,039"
195662009,Acute viral pharyngitis (disorder),Aetna,Commercial,"$23,857,495","$23,857,495",$790,79.1%,"30,217"
37320007,Loss of teeth (disorder),Dual Eligible,Government,"$23,687,856","$23,687,856",$933,1.9%,"25,381"
427898007,Infection of tooth (disorder),Anthem,Commercial,"$23,578,569","$23,578,569","$3,869",21.5%,"6,094"
91302008,Sepsis (disorder),Cigna Health,Commercial,"$23,563,741","$23,563,741","$11,986",29.8%,"1,966"
195662009,Acute viral pharyngitis (disorder),Medicare,Government,"$23,234,893","$23,234,893",$394,8.5%,"58,933"
427898007,Infection of tooth (disorder),NO_INSURANCE,Self-Pay / Uninsured,"$23,122,069","$23,122,069","$3,895",100.0%,"5,937"
424132000,Non-small cell carcinoma of lung  TNM stage 1 (disorder),UnitedHealthcare,Commercial,"$23,036,144","$23,036,144","$5,825",1.5%,"3,955"
91302008,Sepsis (disorder),Aetna,Commercial,"$22,721,432","$22,721,432","$12,396",37.6%,"1,833"
195662009,Acute viral pharyngitis (disorder),Anthem,Commercial,"$22,690,288","$22,690,288",$783,39.9%,"28,989"
307426000,Acute infective cystitis (disorder),Dual Eligible,Government,"$22,457,434","$22,457,434","$2,150",1.5%,"10,445"
82423001,Chronic pain (finding),Aetna,Commercial,"$21,891,694","$21,891,694","$1,103",30.2%,"19,850"
80583007,Severe anxiety (panic) (finding),Medicare,Government,"$21,886,334","$21,886,334",$456,6.0%,"48,039"
82423001,Chronic pain (finding),Cigna Health,Commercial,"$21,294,849","$21,294,849","$1,041",27.7%,"20,447"
840544004,Suspected COVID-19,Medicare,Government,"$21,265,021","$21,265,021",$643,6.8%,"33,080"
82423001,Chronic pain (finding),NO_INSURANCE,Self-Pay / Uninsured,"$21,106,191","$21,106,191","$1,110",100.0%,"19,015"
22298006,Myocardial infarction (disorder),Dual Eligible,Government,"$20,746,009","$20,746,009","$3,333",1.0%,"6,224"
431855005,Chronic kidney disease stage 1 (disorder),Medicare,Government,"$20,615,916","$20,615,916",$500,8.3%,"41,198"
91302008,Sepsis (disorder),Anthem,Commercial,"$20,558,106","$20,558,106","$10,425",20.2%,"1,972"
195662009,Acute viral pharyngitis (disorder),NO_INSURANCE,Self-Pay / Uninsured,"$20,448,766","$20,448,766",$801,100.0%,"25,530"
82423001,Chronic pain (finding),Blue Cross Blue Shield,Commercial,"$20,338,227","$20,338,227","$1,435",26.0%,"14,171"
109838007,Overlapping malignant neoplasm of colon,Medicaid,Government,"$20,293,695","$20,293,695","$6,833",0.3%,"2,970"
64859006,Osteoporosis (disorder),Dual Eligible,Government,"$20,163,603","$20,163,603","$2,103",0.6%,"9,590"
195662009,Acute viral pharyngitis (disorder),Blue Cross Blue Shield,Commercial,"$20,125,966","$20,125,966",$890,69.1%,"22,606"
125605004,Fracture of bone (disorder),Humana,Commercial,"$20,038,505","$20,038,505","$1,390",63.2%,"14,415"
363406005,Malignant tumor of colon,Humana,Commercial,"$19,822,323","$19,822,323","$5,938",1.5%,"3,338"
82423001,Chronic pain (finding),UnitedHealthcare,Commercial,"$19,684,905","$19,684,905","$1,538",17.6%,"12,801"
82423001,Chronic pain (finding),Anthem,Commercial,"$19,550,485","$19,550,485","$1,039",19.7%,"18,813"
59621000,Essential hypertension (disorder),Medicare,Government,"$18,966,476","$18,966,476",$341,10.2%,"55,671"
91302008,Sepsis (disorder),Medicare,Government,"$18,883,942","$18,883,942","$11,194",3.2%,"1,687"
195662009,Acute viral pharyngitis (disorder),UnitedHealthcare,Commercial,"$18,863,366","$18,863,366",$908,38.8%,"20,780"
88805009,Chronic congestive heart failure (disorder),Medicaid,Government,"$18,752,789","$18,752,789",$732,4.0%,"25,627"
401314000,Acute non-ST segment elevation myocardial infarction (disorder),Dual Eligible,Government,"$18,438,928","$18,438,928","$2,447",1.3%,"7,534"
59621000,Essential hypertension (disorder),Medicaid,Government,"$18,385,798","$18,385,798",$209,16.6%,"87,774"
431856006,Chronic kidney disease stage 2 (disorder),Medicare,Government,"$18,269,745","$18,269,745",$452,7.1%,"40,409"
185086009,Chronic obstructive bronchitis (disorder),Dual Eligible,Government,"$18,153,960","$18,153,960","$12,731",0.2%,"1,426"
254837009,Malignant neoplasm of breast (disorder),Blue Cross Blue Shield,Commercial,"$17,941,890","$17,941,890","$3,528",11.3%,"5,086"
10939881000119105,Unhealthy alcohol drinking behavior (finding),Medicare,Government,"$17,837,119","$17,837,119",$518,6.4%,"34,445"
444814009,Viral sinusitis (disorder),Medicare,Government,"$17,694,978","$17,694,978",$142,13.1%,"124,436"
427898007,Infection of tooth (disorder),Blue Cross Blue Shield,Commercial,"$17,668,305","$17,668,305","$4,013",51.7%,"4,403"
126906006,Neoplasm of prostate,Medicare,Government,"$17,593,664","$17,593,664","$3,284",3.9%,"5,358"
22298006,Myocardial infarction (disorder),Medicaid,Government,"$17,464,953","$17,464,953","$3,324",1.7%,"5,254"
196416002,Impacted molars,Dual Eligible,Government,"$17,458,721","$17,458,721","$5,289",0.5%,"3,301"
65363002,Otitis media,Medicaid,Government,"$17,183,455","$17,183,455",$162,35.8%,"106,394"
162864005,Body mass index 30+ - obesity (finding),Medicaid,Government,"$17,095,635","$17,095,635",$552,8.6%,"30,961"
43878008,Streptococcal sore throat (disorder),Medicare,Government,"$16,755,523","$16,755,523",$841,6.0%,"19,921"
427898007,Infection of tooth (disorder),UnitedHealthcare,Commercial,"$16,728,328","$16,728,328","$4,026",21.6%,"4,155"
125605004,Fracture of bone (disorder),NO_INSURANCE,Self-Pay / Uninsured,"$16,688,272","$16,688,272","$1,526",100.0%,"10,938"
74400008,Appendicitis,Medicaid,Government,"$16,671,242","$16,671,242","$5,596",0.6%,"2,979"
125605004,Fracture of bone (disorder),Cigna Health,Commercial,"$16,670,278","$16,670,278","$1,424",52.8%,"11,706"
125605004,Fracture of bone (disorder),Aetna,Commercial,"$16,612,630","$16,612,630","$1,434",63.3%,"11,582"
91302008,Sepsis (disorder),NO_INSURANCE,Self-Pay / Uninsured,"$16,462,539","$16,462,539","$11,456",100.0%,"1,437"
192127007,Child attention deficit disorder,Dual Eligible,Government,"$16,369,357","$16,369,357","$9,843",0.0%,"1,663"
444448004,Injury of medial collateral ligament of knee,Medicaid,Government,"$16,367,027","$16,367,027","$9,583",0.4%,"1,708"
363406005,Malignant tumor of colon,Cigna Health,Commercial,"$16,072,059","$16,072,059","$5,870",3.4%,"2,738"
91302008,Sepsis (disorder),Blue Cross Blue Shield,Commercial,"$16,053,784","$16,053,784","$13,073",29.6%,"1,228"
230690007,Stroke,Blue Cross Blue Shield,Commercial,"$16,007,135","$16,007,135","$71,143",23.8%,225
125605004,Fracture of bone (disorder),Anthem,Commercial,"$15,856,394","$15,856,394","$1,437",31.8%,"11,037"
363406005,Malignant tumor of colon,NO_INSURANCE,Self-Pay / Uninsured,"$15,846,655","$15,846,655","$5,433",100.0%,"2,917"
61804006,Alveolitis of jaw (disorder),Medicare,Government,"$15,792,517","$15,792,517","$2,536",3.0%,"6,227"
401314000,Acute non-ST segment elevation myocardial infarction (disorder),Medicaid,Government,"$15,679,188","$15,679,188","$2,483",1.9%,"6,315"
433144002,Chronic kidney disease stage 3 (disorder),Medicare,Government,"$15,628,189","$15,628,189",$421,6.0%,"37,145"
401303003,Acute ST segment elevation myocardial infarction (disorder),Dual Eligible,Government,"$15,282,031","$15,282,031","$2,533",1.2%,"6,034"
271737000,Anemia (disorder),Humana,Commercial,"$15,178,131","$15,178,131",$969,65.6%,"15,670"
230690007,Stroke,UnitedHealthcare,Commercial,"$15,161,432","$15,161,432","$73,244",17.0%,207
37320007,Loss of teeth (disorder),Humana,Commercial,"$14,982,367","$14,982,367","$1,038",55.0%,"14,432"
254837009,Malignant neoplasm of breast (disorder),UnitedHealthcare,Commercial,"$14,695,813","$14,695,813","$3,681",7.9%,"3,992"
363406005,Malignant tumor of colon,Aetna,Commercial,"$13,823,950","$13,823,950","$5,615",2.5%,"2,462"
363406005,Malignant tumor of colon,Anthem,Commercial,"$13,717,190","$13,717,190","$5,732",5.6%,"2,393"
278558000,Dental filling lost (finding),Dual Eligible,Government,"$13,612,027","$13,612,027","$2,529",1.4%,"5,382"
278598003,Leaking dental filling (finding),Dual Eligible,Government,"$13,562,017","$13,562,017","$2,520",1.4%,"5,382"
278602001,Loose dental filling (finding),Dual Eligible,Government,"$13,552,182","$13,552,182","$2,525",1.4%,"5,367"
278588009,Fractured dental filling (finding),Dual Eligible,Government,"$13,542,332","$13,542,332","$2,539",1.4%,"5,334"
128613002,Seizure disorder,Medicaid,Government,"$13,528,663","$13,528,663","$4,966",0.9%,"2,724"
30832001,Rupture of patellar tendon,Medicaid,Government,"$13,436,119","$13,436,119","$9,750",0.4%,"1,378"
93761005,Primary malignant neoplasm of colon,Medicare,Government,"$13,370,899","$13,370,899","$7,884",4.4%,"1,696"
128613002,Seizure disorder,Medicare,Government,"$13,240,340","$13,240,340","$6,032",3.4%,"2,195"
67811000119102,Primary small cell malignant neoplasm of lung  TNM stage 1 (disorder),Blue Cross Blue Shield,Commercial,"$13,116,086","$13,116,086","$5,930",1.4%,"2,212"
37320007,Loss of teeth (disorder),Cigna Health,Commercial,"$13,078,661","$13,078,661","$1,003",51.5%,"13,044"
67811000119102,Primary small cell malignant neoplasm of lung  TNM stage 1 (disorder),Cigna Health,Commercial,"$13,034,594","$13,034,594","$5,971",1.1%,"2,183"
271737000,Anemia (disorder),Medicare,Government,"$13,032,700","$13,032,700",$961,5.1%,"13,557"
37320007,Loss of teeth (disorder),Aetna,Commercial,"$12,973,242","$12,973,242","$1,004",57.4%,"12,923"
840544004,Suspected COVID-19,Humana,Commercial,"$12,937,969","$12,937,969",$632,71.3%,"20,472"
401303003,Acute ST segment elevation myocardial infarction (disorder),Medicaid,Government,"$12,912,121","$12,912,121","$2,471",1.8%,"5,226"
64859006,Osteoporosis (disorder),Medicaid,Government,"$12,870,856","$12,870,856","$2,224",1.2%,"5,787"
125605004,Fracture of bone (disorder),Blue Cross Blue Shield,Commercial,"$12,812,369","$12,812,369","$1,334",52.1%,"9,606"
278558000,Dental filling lost (finding),Humana,Commercial,"$12,475,319","$12,475,319","$2,830",68.3%,"4,409"
60234000,Aortic valve regurgitation (disorder),Medicare,Government,"$12,279,446","$12,279,446","$1,991",3.7%,"6,167"
230265002,Familial Alzheimer's disease of early onset (disorder),Medicare,Government,"$12,233,117","$12,233,117","$2,179",5.9%,"5,614"
61804006,Alveolitis of jaw (disorder),Medicaid,Government,"$12,153,069","$12,153,069","$2,419",2.1%,"5,023"
37320007,Loss of teeth (disorder),Anthem,Commercial,"$12,117,238","$12,117,310","$1,005",31.8%,"12,060"
125605004,Fracture of bone (disorder),UnitedHealthcare,Commercial,"$12,083,290","$12,083,290","$1,307",33.4%,"9,247"
278598003,Leaking dental filling (finding),Humana,Commercial,"$12,023,252","$12,023,252","$2,820",68.3%,"4,264"
15777000,Prediabetes,Medicaid,Government,"$11,984,646","$11,984,646",$570,8.8%,"21,027"
278588009,Fractured dental filling (finding),Humana,Commercial,"$11,932,033","$11,932,033","$2,820",68.1%,"4,231"
278602001,Loose dental filling (finding),Humana,Commercial,"$11,908,428","$11,908,428","$2,801",68.2%,"4,252"
86406008,Human immunodeficiency virus infection (disorder),Medicaid,Government,"$11,900,556","$11,900,556","$1,721",1.0%,"6,913"
37320007,Loss of teeth (disorder),NO_INSURANCE,Self-Pay / Uninsured,"$11,788,605","$11,788,605",$999,100.0%,"11,795"
271737000,Anemia (disorder),Cigna Health,Commercial,"$11,771,854","$11,771,854",$919,66.9%,"12,812"
271737000,Anemia (disorder),Aetna,Commercial,"$11,682,125","$11,682,125",$932,69.0%,"12,529"
49436004,Atrial fibrillation (disorder),Dual Eligible,Government,"$11,583,345","$11,583,345","$3,235",0.6%,"3,581"
271737000,Anemia (disorder),Anthem,Commercial,"$11,573,663","$11,573,663",$932,32.0%,"12,417"
444448004,Injury of medial collateral ligament of knee,Medicare,Government,"$11,360,140","$11,360,140","$9,081",3.5%,"1,251"
91302008,Sepsis (disorder),UnitedHealthcare,Commercial,"$11,250,709","$11,250,709","$11,285",20.0%,997
444470001,Injury of anterior cruciate ligament,Medicaid,Government,"$11,239,812","$11,239,812","$9,168",0.5%,"1,226"
254637007,Non-small cell lung cancer (disorder),Medicare,Government,"$10,972,564","$10,972,564","$6,213",2.4%,"1,766"
43878008,Streptococcal sore throat (disorder),Humana,Commercial,"$10,952,484","$10,952,484",$645,73.1%,"16,970"
67811000119102,Primary small cell malignant neoplasm of lung  TNM stage 1 (disorder),Humana,Commercial,"$10,919,793","$10,919,793","$6,006",0.7%,"1,818"
444814009,Viral sinusitis (disorder),Humana,Commercial,"$10,685,926","$10,685,926",$142,75.3%,"75,196"
162864005,Body mass index 30+ - obesity (finding),Medicare,Government,"$10,653,242","$10,653,242",$806,10.1%,"13,221"
278602001,Loose dental filling (finding),Cigna Health,Commercial,"$10,500,108","$10,500,108","$2,710",57.7%,"3,874"
278588009,Fractured dental filling (finding),Cigna Health,Commercial,"$10,498,692","$10,498,692","$2,708",58.1%,"3,877"
278558000,Dental filling lost (finding),Cigna Health,Commercial,"$10,443,314","$10,443,314","$2,707",57.5%,"3,858"
840544004,Suspected COVID-19,Cigna Health,Commercial,"$10,357,122","$10,357,122",$609,65.0%,"16,994"
840544004,Suspected COVID-19,Aetna,Commercial,"$10,322,378","$10,322,378",$615,74.5%,"16,775"
67811000119102,Primary small cell malignant neoplasm of lung  TNM stage 1 (disorder),Aetna,Commercial,"$10,294,029","$10,294,029","$5,719",2.5%,"1,800"
88805009,Chronic congestive heart failure (disorder),NO_INSURANCE,Self-Pay / Uninsured,"$10,287,499","$10,287,499",$572,100.0%,"17,990"
94260004,Secondary malignant neoplasm of colon,Medicare,Government,"$10,248,754","$10,248,754","$4,637",2.2%,"2,210"
278598003,Leaking dental filling (finding),Cigna Health,Commercial,"$10,149,109","$10,149,109","$2,689",56.9%,"3,774"
278598003,Leaking dental filling (finding),Aetna,Commercial,"$10,050,900","$10,050,900","$2,718",66.2%,"3,698"
278588009,Fractured dental filling (finding),Aetna,Commercial,"$10,046,325","$10,046,325","$2,683",68.8%,"3,745"
363406005,Malignant tumor of colon,Blue Cross Blue Shield,Commercial,"$10,023,479","$10,023,479","$5,900",2.9%,"1,699"
278558000,Dental filling lost (finding),Aetna,Commercial,"$9,970,777","$9,970,777","$2,704",68.3%,"3,688"
237602007,Metabolic syndrome X (disorder),Medicare,Government,"$9,970,112","$9,970,112",$589,8.5%,"16,927"
278602001,Loose dental filling (finding),Aetna,Commercial,"$9,934,665","$9,934,665","$2,684",68.2%,"3,702"
80583007,Severe anxiety (panic) (finding),Medicaid,Government,"$9,874,357","$9,874,357",$437,8.7%,"22,602"
840544004,Suspected COVID-19,Anthem,Commercial,"$9,702,338","$9,702,338",$617,37.5%,"15,735"
59621000,Essential hypertension (disorder),Humana,Commercial,"$9,692,010","$9,692,010",$221,91.1%,"43,769"
60573004,Aortic valve stenosis (disorder),Dual Eligible,Government,"$9,685,130","$9,685,130","$2,640",0.7%,"3,668"
278598003,Leaking dental filling (finding),Anthem,Commercial,"$9,587,199","$9,587,199","$2,717",21.8%,"3,528"
278598003,Leaking dental filling (finding),NO_INSURANCE,Self-Pay / Uninsured,"$9,562,326","$9,562,326","$2,718",100.0%,"3,518"
87433001,Pulmonary emphysema (disorder),Medicaid,Government,"$9,524,038","$9,524,038","$6,665",1.0%,"1,429"
278588009,Fractured dental filling (finding),Anthem,Commercial,"$9,518,404","$9,518,404","$2,700",22.2%,"3,525"
6525002,Dependent drug abuse (disorder),Humana,Commercial,"$9,394,674","$9,394,674",$472,66.3%,"19,900"
278558000,Dental filling lost (finding),Anthem,Commercial,"$9,386,439","$9,386,439","$2,749",22.3%,"3,415"
10939881000119105,Unhealthy alcohol drinking behavior (finding),Medicaid,Government,"$9,267,628","$9,267,628",$422,9.1%,"21,937"
278558000,Dental filling lost (finding),NO_INSURANCE,Self-Pay / Uninsured,"$9,261,534","$9,261,534","$2,718",100.0%,"3,408"
162864005,Body mass index 30+ - obesity (finding),Humana,Commercial,"$9,166,736","$9,166,736",$593,89.5%,"15,463"
278602001,Loose dental filling (finding),Anthem,Commercial,"$9,131,327","$9,131,327","$2,723",22.2%,"3,354"
278588009,Fractured dental filling (finding),NO_INSURANCE,Self-Pay / Uninsured,"$9,094,871","$9,094,871","$2,717",100.0%,"3,348"
278602001,Loose dental filling (finding),NO_INSURANCE,Self-Pay / Uninsured,"$9,091,100","$9,091,100","$2,709",100.0%,"3,356"
444814009,Viral sinusitis (disorder),Cigna Health,Commercial,"$9,057,610","$9,057,610",$143,68.8%,"63,286"
86406008,Human immunodeficiency virus infection (disorder),Medicare,Government,"$8,997,093","$8,997,093","$1,842",4.9%,"4,884"
30832001,Rupture of patellar tendon,Medicare,Government,"$8,988,483","$8,988,483","$8,735",2.7%,"1,029"
156073000,Complete miscarriage (disorder),Medicaid,Government,"$8,959,675","$8,959,675","$1,396",3.8%,"6,418"
444814009,Viral sinusitis (disorder),Aetna,Commercial,"$8,932,447","$8,932,447",$144,77.3%,"62,156"
55822004,Hyperlipidemia,Medicaid,Government,"$8,899,885","$8,899,885",$71,38.1%,"125,806"
444470001,Injury of anterior cruciate ligament,Medicare,Government,"$8,895,956","$8,895,956","$8,905",3.0%,999
43878008,Streptococcal sore throat (disorder),Cigna Health,Commercial,"$8,776,109","$8,776,109",$639,65.4%,"13,739"
271737000,Anemia (disorder),NO_INSURANCE,Self-Pay / Uninsured,"$8,776,013","$8,776,013",$930,100.0%,"9,435"
43878008,Streptococcal sore throat (disorder),Aetna,Commercial,"$8,711,716","$8,711,716",$624,75.6%,"13,971"
55822004,Hyperlipidemia,Dual Eligible,Government,"$8,706,504","$8,706,504",$59,30.1%,"148,488"
67811000119102,Primary small cell malignant neoplasm of lung  TNM stage 1 (disorder),Anthem,Commercial,"$8,526,018","$8,526,018","$5,584",1.7%,"1,527"
840544004,Suspected COVID-19,NO_INSURANCE,Self-Pay / Uninsured,"$8,379,558","$8,379,558",$590,100.0%,"14,191"
444814009,Viral sinusitis (disorder),Anthem,Commercial,"$8,377,662","$8,377,662",$142,47.9%,"59,001"
79586000,Tubal pregnancy,Medicaid,Government,"$8,313,417","$8,313,417","$3,366",1.6%,"2,470"
109838007,Overlapping malignant neoplasm of colon,Cigna Health,Commercial,"$8,286,466","$8,286,466","$7,168",6.1%,"1,156"
43878008,Streptococcal sore throat (disorder),Anthem,Commercial,"$8,269,503","$8,269,503",$630,37.4%,"13,116"
271737000,Anemia (disorder),Blue Cross Blue Shield,Commercial,"$8,212,052","$8,212,052",$976,63.4%,"8,412"
109838007,Overlapping malignant neoplasm of colon,NO_INSURANCE,Self-Pay / Uninsured,"$8,181,003","$8,181,003","$6,646",100.0%,"1,231"
37320007,Loss of teeth (disorder),Blue Cross Blue Shield,Commercial,"$8,099,577","$8,099,577","$1,040",52.5%,"7,789"
431855005,Chronic kidney disease stage 1 (disorder),Medicaid,Government,"$7,946,341","$7,946,341",$351,9.9%,"22,621"
59621000,Essential hypertension (disorder),Aetna,Commercial,"$7,858,608","$7,858,608",$217,91.7%,"36,213"
39898005,Sleep disorder (disorder),Medicare,Government,"$7,816,908","$7,816,908",$966,13.2%,"8,094"
59621000,Essential hypertension (disorder),Cigna Health,Commercial,"$7,807,638","$7,807,638",$216,88.0%,"36,127"
363406005,Malignant tumor of colon,UnitedHealthcare,Commercial,"$7,801,416","$7,801,416","$5,924",5.3%,"1,317"
82423001,Chronic pain (finding),Medicare,Government,"$7,800,790","$7,800,790",$847,5.2%,"9,213"
840544004,Suspected COVID-19,Blue Cross Blue Shield,Commercial,"$7,753,886","$7,753,886",$626,66.0%,"12,391"
109838007,Overlapping malignant neoplasm of colon,Humana,Commercial,"$7,672,079","$7,672,079","$7,130",3.8%,"1,076"
271737000,Anemia (disorder),UnitedHealthcare,Commercial,"$7,611,748","$7,611,748",$984,30.4%,"7,739"
59621000,Essential hypertension (disorder),Anthem,Commercial,"$7,593,520","$7,593,520",$223,72.8%,"34,056"
74400008,Appendicitis,Humana,Commercial,"$7,512,366","$7,512,366","$6,128",50.3%,"1,226"
444814009,Viral sinusitis (disorder),NO_INSURANCE,Self-Pay / Uninsured,"$7,477,057","$7,477,057",$143,100.0%,"52,230"
162864005,Body mass index 30+ - obesity (finding),Cigna Health,Commercial,"$7,461,227","$7,461,227",$584,90.4%,"12,787"
384709000,Sprain (morphologic abnormality),Medicaid,Government,"$7,458,374","$7,458,374",$156,40.1%,"47,903"
22298006,Myocardial infarction (disorder),Humana,Commercial,"$7,458,102","$7,458,102","$3,635",46.4%,"2,052"
185086009,Chronic obstructive bronchitis (disorder),Medicaid,Government,"$7,449,194","$7,449,194","$6,438",0.8%,"1,157"
37320007,Loss of teeth (disorder),UnitedHealthcare,Commercial,"$7,434,689","$7,434,689","$1,043",31.2%,"7,127"
241929008,Acute allergic reaction,Medicaid,Government,"$7,363,618","$7,363,618","$1,234",3.1%,"5,967"
195662009,Acute viral pharyngitis (disorder),Dual Eligible,Government,"$7,350,436","$7,350,436",$374,9.3%,"19,634"
162864005,Body mass index 30+ - obesity (finding),Aetna,Commercial,"$7,266,620","$7,266,620",$577,91.8%,"12,596"
22298006,Myocardial infarction (disorder),Cigna Health,Commercial,"$7,251,745","$7,251,745","$3,631",36.8%,"1,997"
401314000,Acute non-ST segment elevation myocardial infarction (disorder),Humana,Commercial,"$7,235,322","$7,235,322","$2,770",6.1%,"2,612"
109838007,Overlapping malignant neoplasm of colon,Aetna,Commercial,"$7,234,613","$7,234,613","$7,278",3.7%,994
162864005,Body mass index 30+ - obesity (finding),Anthem,Commercial,"$7,150,744","$7,150,744",$577,78.4%,"12,384"
109838007,Overlapping malignant neoplasm of colon,Anthem,Commercial,"$7,124,468","$7,124,468","$7,391",8.9%,964
80583007,Severe anxiety (panic) (finding),Dual Eligible,Government,"$7,110,008","$7,110,008",$416,4.3%,"17,071"
43878008,Streptococcal sore throat (disorder),NO_INSURANCE,Self-Pay / Uninsured,"$7,106,134","$7,106,134",$608,100.0%,"11,679"
22298006,Myocardial infarction (disorder),Aetna,Commercial,"$7,039,626","$7,039,626","$3,595",49.9%,"1,958"
22298006,Myocardial infarction (disorder),Anthem,Commercial,"$7,004,340","$7,004,340","$3,720",21.8%,"1,883"
444448004,Injury of medial collateral ligament of knee,Humana,Commercial,"$6,909,202","$6,909,202","$9,249",45.4%,747
278598003,Leaking dental filling (finding),Blue Cross Blue Shield,Commercial,"$6,861,226","$6,861,226","$2,810",56.9%,"2,442"
278558000,Dental filling lost (finding),Blue Cross Blue Shield,Commercial,"$6,835,234","$6,835,234","$2,801",57.6%,"2,440"
840544004,Suspected COVID-19,UnitedHealthcare,Commercial,"$6,804,191","$6,804,191",$597,38.4%,"11,394"
278588009,Fractured dental filling (finding),Blue Cross Blue Shield,Commercial,"$6,732,185","$6,732,185","$2,857",57.8%,"2,356"
431856006,Chronic kidney disease stage 2 (disorder),Medicaid,Government,"$6,640,190","$6,640,190",$325,10.3%,"20,440"
74400008,Appendicitis,Aetna,Commercial,"$6,638,653","$6,638,653","$5,949",51.8%,"1,116"
237602007,Metabolic syndrome X (disorder),Medicaid,Government,"$6,627,189","$6,627,189",$346,8.8%,"19,138"
278602001,Loose dental filling (finding),Blue Cross Blue Shield,Commercial,"$6,567,497","$6,567,497","$2,804",57.9%,"2,342"
43878008,Streptococcal sore throat (disorder),Blue Cross Blue Shield,Commercial,"$6,499,993","$6,499,993",$574,65.1%,"11,323"
15777000,Prediabetes,Medicare,Government,"$6,458,587","$6,458,587",$835,9.8%,"7,738"
444814009,Viral sinusitis (disorder),Blue Cross Blue Shield,Commercial,"$6,447,456","$6,447,456",$143,68.7%,"45,217"
74400008,Appendicitis,Medicare,Government,"$6,420,217","$6,420,217","$6,068",3.4%,"1,058"
401314000,Acute non-ST segment elevation myocardial infarction (disorder),Anthem,Commercial,"$6,361,483","$6,361,483","$2,631",17.5%,"2,418"
431855005,Chronic kidney disease stage 1 (disorder),Dual Eligible,Government,"$6,351,344","$6,351,344",$463,3.8%,"13,719"
278602001,Loose dental filling (finding),UnitedHealthcare,Commercial,"$6,347,137","$6,347,137","$2,807",21.9%,"2,261"
361055000,Misuses drugs (finding),Medicare,Government,"$6,300,386","$6,300,386",$583,6.7%,"10,812"
22298006,Myocardial infarction (disorder),NO_INSURANCE,Self-Pay / Uninsured,"$6,282,657","$6,282,657","$3,528",100.0%,"1,781"
401314000,Acute non-ST segment elevation myocardial infarction (disorder),Cigna Health,Commercial,"$6,230,664","$6,230,664","$2,643",13.8%,"2,357"
30832001,Rupture of patellar tendon,Humana,Commercial,"$6,213,984","$6,213,984","$9,694",44.7%,641
840544004,Suspected COVID-19,Dual Eligible,Government,"$6,208,105","$6,208,105",$568,5.1%,"10,934"
67811000119102,Primary small cell malignant neoplasm of lung  TNM stage 1 (disorder),UnitedHealthcare,Commercial,"$6,207,292","$6,207,292","$5,648",1.1%,"1,099"
43878008,Streptococcal sore throat (disorder),UnitedHealthcare,Commercial,"$6,156,222","$6,156,222",$573,37.9%,"10,736"
55680006,Drug overdose,Medicaid,Government,"$6,138,359","$6,138,359",$122,52.2%,"50,349"
444448004,Injury of medial collateral ligament of knee,Cigna Health,Commercial,"$6,105,952","$6,105,952","$9,351",34.6%,653
278558000,Dental filling lost (finding),UnitedHealthcare,Commercial,"$6,097,236","$6,097,236","$2,799",22.5%,"2,178"
278588009,Fractured dental filling (finding),UnitedHealthcare,Commercial,"$6,082,375","$6,082,375","$2,806",21.7%,"2,168"
74400008,Appendicitis,Cigna Health,Commercial,"$6,019,282","$6,019,282","$6,117",40.1%,984
278598003,Leaking dental filling (finding),UnitedHealthcare,Commercial,"$6,014,079","$6,014,079","$2,826",22.0%,"2,128"
86406008,Human immunodeficiency virus infection (disorder),Humana,Commercial,"$5,984,804","$5,984,804","$1,899",60.9%,"3,151"
444814009,Viral sinusitis (disorder),UnitedHealthcare,Commercial,"$5,934,109","$5,934,109",$141,49.9%,"42,001"
91302008,Sepsis (disorder),Dual Eligible,Government,"$5,927,284","$5,927,284","$10,777",0.2%,550
94260004,Secondary malignant neoplasm of colon,Medicaid,Government,"$5,831,719","$5,831,719","$4,614",0.5%,"1,264"
88805009,Chronic congestive heart failure (disorder),Humana,Commercial,"$5,827,971","$5,827,971","$1,058",31.5%,"5,506"
74400008,Appendicitis,Anthem,Commercial,"$5,801,714","$5,801,714","$5,944",21.8%,976
431856006,Chronic kidney disease stage 2 (disorder),Dual Eligible,Government,"$5,785,717","$5,785,717",$428,4.4%,"13,526"
64859006,Osteoporosis (disorder),Humana,Commercial,"$5,779,279","$5,779,279","$2,577",54.8%,"2,243"
401314000,Acute non-ST segment elevation myocardial infarction (disorder),Aetna,Commercial,"$5,717,330","$5,717,330","$2,531",9.7%,"2,259"
59621000,Essential hypertension (disorder),NO_INSURANCE,Self-Pay / Uninsured,"$5,631,149","$5,631,149",$214,100.0%,"26,360"
44054006,Diabetes mellitus type 2 (disorder),Medicare,Government,"$5,563,265","$5,563,265",$770,9.4%,"7,224"
46752004,Torus palatinus (disorder),Medicare,Government,"$5,540,629","$5,540,629","$2,218",2.9%,"2,498"
10939881000119105,Unhealthy alcohol drinking behavior (finding),Humana,Commercial,"$5,529,324","$5,529,324",$437,74.0%,"12,648"
88805009,Chronic congestive heart failure (disorder),Cigna Health,Commercial,"$5,522,185","$5,522,185",$936,27.9%,"5,901"
401314000,Acute non-ST segment elevation myocardial infarction (disorder),NO_INSURANCE,Self-Pay / Uninsured,"$5,499,682","$5,499,682","$2,550",100.0%,"2,157"
59621000,Essential hypertension (disorder),Dual Eligible,Government,"$5,487,905","$5,487,905",$322,5.5%,"17,039"
233604007,Pneumonia (disorder),Medicare,Government,"$5,482,656","$5,482,656","$1,275",5.6%,"4,300"
444814009,Viral sinusitis (disorder),Dual Eligible,Government,"$5,477,378","$5,477,378",$133,26.2%,"41,101"
74400008,Appendicitis,NO_INSURANCE,Self-Pay / Uninsured,"$5,438,057","$5,438,057","$6,029",100.0%,902
128613002,Seizure disorder,Dual Eligible,Government,"$5,400,194","$5,400,194","$5,776",0.5%,935
64859006,Osteoporosis (disorder),Cigna Health,Commercial,"$5,376,387","$5,376,387","$2,465",45.1%,"2,181"
444470001,Injury of anterior cruciate ligament,Humana,Commercial,"$5,375,825","$5,375,825","$9,549",43.9%,563
444448004,Injury of medial collateral ligament of knee,Aetna,Commercial,"$5,337,827","$5,337,827","$9,235",47.2%,578
59621000,Essential hypertension (disorder),Blue Cross Blue Shield,Commercial,"$5,330,557","$5,330,557",$222,87.0%,"24,057"
36971009,Sinusitis (disorder),Medicaid,Government,"$5,322,649","$5,322,649",$240,23.2%,"22,224"
43878008,Streptococcal sore throat (disorder),Dual Eligible,Government,"$5,260,865","$5,260,865",$737,4.5%,"7,142"
88805009,Chronic congestive heart failure (disorder),Aetna,Commercial,"$5,253,379","$5,253,379",$906,33.4%,"5,798"
162864005,Body mass index 30+ - obesity (finding),NO_INSURANCE,Self-Pay / Uninsured,"$5,250,845","$5,250,845",$577,100.0%,"9,096"
444448004,Injury of medial collateral ligament of knee,Anthem,Commercial,"$5,238,417","$5,238,417","$9,174",20.2%,571
444448004,Injury of medial collateral ligament of knee,NO_INSURANCE,Self-Pay / Uninsured,"$5,211,931","$5,211,931","$9,374",100.0%,556
86406008,Human immunodeficiency virus infection (disorder),Cigna Health,Commercial,"$5,184,484","$5,184,484","$1,863",52.0%,"2,783"
61804006,Alveolitis of jaw (disorder),Dual Eligible,Government,"$5,183,027","$5,183,027","$2,382",1.5%,"2,176"
401303003,Acute ST segment elevation myocardial infarction (disorder),Aetna,Commercial,"$5,158,957","$5,158,957","$2,596",11.0%,"1,987"
433144002,Chronic kidney disease stage 3 (disorder),Medicaid,Government,"$5,110,152","$5,110,152",$325,9.9%,"15,721"
88805009,Chronic congestive heart failure (disorder),Anthem,Commercial,"$5,066,185","$5,066,185",$952,20.1%,"5,322"
401303003,Acute ST segment elevation myocardial infarction (disorder),Cigna Health,Commercial,"$5,065,899","$5,065,899","$2,598",17.9%,"1,950"
126906006,Neoplasm of prostate,Dual Eligible,Government,"$5,062,696","$5,062,696","$2,928",0.8%,"1,729"
49436004,Atrial fibrillation (disorder),Medicaid,Government,"$5,046,885","$5,046,885","$3,436",1.1%,"1,469"
61804006,Alveolitis of jaw (disorder),Humana,Commercial,"$5,045,163","$5,045,163","$2,633",30.0%,"1,916"
401303003,Acute ST segment elevation myocardial infarction (disorder),Humana,Commercial,"$4,974,262","$4,974,262","$2,588",11.6%,"1,922"
368581000119106,Neuropathy due to type 2 diabetes mellitus (disorder),Medicare,Government,"$4,962,109","$4,962,109","$1,061",6.8%,"4,676"
74400008,Appendicitis,Blue Cross Blue Shield,Commercial,"$4,931,628","$4,931,628","$6,165",39.8%,800
30832001,Rupture of patellar tendon,Aetna,Commercial,"$4,913,520","$4,913,520","$9,377",46.2%,524
60234000,Aortic valve regurgitation (disorder),Medicaid,Government,"$4,904,595","$4,904,595","$1,464",1.5%,"3,351"
4557003,Preinfarction syndrome (disorder),Medicare,Government,"$4,897,791","$4,897,791","$2,662",3.0%,"1,840"
64859006,Osteoporosis (disorder),Aetna,Commercial,"$4,870,583","$4,870,583","$2,371",56.8%,"2,054"
190905008,Cystic Fibrosis,Medicare,Government,"$4,846,747","$4,846,747","$4,719",5.7%,"1,027"
162864005,Body mass index 30+ - obesity (finding),Blue Cross Blue Shield,Commercial,"$4,845,346","$4,845,346",$585,88.5%,"8,280"
86406008,Human immunodeficiency virus infection (disorder),Anthem,Commercial,"$4,839,418","$4,839,418","$1,862",31.9%,"2,599"
15777000,Prediabetes,Humana,Commercial,"$4,809,099","$4,809,099",$630,89.4%,"7,636"
64859006,Osteoporosis (disorder),Anthem,Commercial,"$4,790,844","$4,790,844","$2,511",26.0%,"1,908"
86406008,Human immunodeficiency virus infection (disorder),Aetna,Commercial,"$4,772,937","$4,772,937","$1,842",61.1%,"2,591"
196416002,Impacted molars,Humana,Commercial,"$4,768,796","$4,768,796","$6,044",44.8%,789
433144002,Chronic kidney disease stage 3 (disorder),Dual Eligible,Government,"$4,756,497","$4,756,497",$381,5.1%,"12,488"
30832001,Rupture of patellar tendon,Cigna Health,Commercial,"$4,738,308","$4,738,308","$9,670",35.0%,490
60573004,Aortic valve stenosis (disorder),Medicaid,Government,"$4,721,742","$4,721,742","$1,657",1.3%,"2,849"
30832001,Rupture of patellar tendon,Anthem,Commercial,"$4,661,559","$4,661,559","$9,398",19.9%,496
65275009,Acute Cholecystitis,Medicare,Government,"$4,654,103","$4,654,103",$885,3.5%,"5,258"
6525002,Dependent drug abuse (disorder),Blue Cross Blue Shield,Commercial,"$4,651,824","$4,651,824",$466,58.6%,"9,991"
59621000,Essential hypertension (disorder),UnitedHealthcare,Commercial,"$4,629,405","$4,629,405",$222,73.3%,"20,859"
65363002,Otitis media,Humana,Commercial,"$4,614,033","$4,614,033",$172,92.1%,"26,878"
128188000,Cerebral palsy (disorder),Medicare,Government,"$4,612,598","$4,612,598",$565,12.8%,"8,168"
75498004,Acute bacterial sinusitis (disorder),Medicaid,Government,"$4,602,875","$4,602,875",$229,24.1%,"20,069"
10939881000119105,Unhealthy alcohol drinking behavior (finding),Cigna Health,Commercial,"$4,543,453","$4,543,453",$440,71.7%,"10,321"
444448004,Injury of medial collateral ligament of knee,Blue Cross Blue Shield,Commercial,"$4,515,698","$4,515,698","$9,903",35.4%,456
10939881000119105,Unhealthy alcohol drinking behavior (finding),Dual Eligible,Government,"$4,472,689","$4,472,689",$459,3.9%,"9,734"
109838007,Overlapping malignant neoplasm of colon,Blue Cross Blue Shield,Commercial,"$4,444,447","$4,444,447","$7,825",6.3%,568
162864005,Body mass index 30+ - obesity (finding),UnitedHealthcare,Commercial,"$4,443,419","$4,443,419",$594,77.4%,"7,478"
361055000,Misuses drugs (finding),Medicaid,Government,"$4,438,305","$4,438,305",$433,9.4%,"10,249"
401303003,Acute ST segment elevation myocardial infarction (disorder),NO_INSURANCE,Self-Pay / Uninsured,"$4,404,670","$4,404,670","$2,585",100.0%,"1,704"
74400008,Appendicitis,UnitedHealthcare,Commercial,"$4,403,816","$4,403,816","$6,066",21.8%,726
61804006,Alveolitis of jaw (disorder),Aetna,Commercial,"$4,381,137","$4,381,137","$2,553",30.3%,"1,716"
86406008,Human immunodeficiency virus infection (disorder),NO_INSURANCE,Self-Pay / Uninsured,"$4,319,008","$4,319,008","$1,843",100.0%,"2,344"
10939881000119105,Unhealthy alcohol drinking behavior (finding),Aetna,Commercial,"$4,253,936","$4,253,936",$425,74.9%,"10,012"
263172003,Fracture of mandible (disorder),Medicaid,Government,"$4,232,141","$4,232,141","$1,692",3.2%,"2,501"
64859006,Osteoporosis (disorder),NO_INSURANCE,Self-Pay / Uninsured,"$4,227,677","$4,227,677","$2,290",100.0%,"1,846"
384709000,Sprain (morphologic abnormality),Medicare,Government,"$4,204,217","$4,204,217",$171,19.5%,"24,583"
61804006,Alveolitis of jaw (disorder),Cigna Health,Commercial,"$4,201,236","$4,201,236","$2,543",24.9%,"1,652"
15777000,Prediabetes,Cigna Health,Commercial,"$4,172,201","$4,172,201",$591,89.8%,"7,055"
10939881000119105,Unhealthy alcohol drinking behavior (finding),Anthem,Commercial,"$4,171,563","$4,171,563",$425,60.7%,"9,819"
35999006,Blighted ovum,Medicaid,Government,"$4,118,157","$4,118,157","$1,380",3.8%,"2,985"
109838007,Overlapping malignant neoplasm of colon,UnitedHealthcare,Commercial,"$4,117,044","$4,117,044","$8,073",9.9%,510
80583007,Severe anxiety (panic) (finding),Humana,Commercial,"$4,114,719","$4,114,719",$463,72.4%,"8,890"
61804006,Alveolitis of jaw (disorder),Anthem,Commercial,"$4,102,301","$4,102,301","$2,528",18.4%,"1,623"
230265002,Familial Alzheimer's disease of early onset (disorder),Dual Eligible,Government,"$4,092,562","$4,092,562","$2,238",1.2%,"1,829"
156073000,Complete miscarriage (disorder),Humana,Commercial,"$4,055,855","$4,055,855","$1,462",11.5%,"2,774"
401303003,Acute ST segment elevation myocardial infarction (disorder),Anthem,Commercial,"$4,055,237","$4,055,237","$2,503",18.6%,"1,620"
22298006,Myocardial infarction (disorder),UnitedHealthcare,Commercial,"$4,047,428","$4,047,428","$3,601",22.1%,"1,124"
15777000,Prediabetes,Aetna,Commercial,"$4,034,360","$4,034,360",$595,92.2%,"6,778"
271737000,Anemia (disorder),Dual Eligible,Government,"$4,030,761","$4,030,761",$930,1.0%,"4,336"
444470001,Injury of anterior cruciate ligament,Cigna Health,Commercial,"$4,014,197","$4,014,197","$9,186",34.7%,437
6525002,Dependent drug abuse (disorder),UnitedHealthcare,Commercial,"$4,002,137","$4,002,137",$468,35.5%,"8,545"
233678006,Childhood asthma,Medicaid,Government,"$3,997,333","$3,997,333",$174,37.2%,"22,946"
30832001,Rupture of patellar tendon,NO_INSURANCE,Self-Pay / Uninsured,"$3,990,714","$3,990,714","$9,878",100.0%,404
15777000,Prediabetes,Anthem,Commercial,"$3,977,832","$3,977,832",$596,76.4%,"6,676"
93761005,Primary malignant neoplasm of colon,Dual Eligible,Government,"$3,972,869","$3,972,869","$7,426",0.4%,535
22298006,Myocardial infarction (disorder),Blue Cross Blue Shield,Commercial,"$3,939,719","$3,939,719","$3,631",37.7%,"1,085"
87433001,Pulmonary emphysema (disorder),NO_INSURANCE,Self-Pay / Uninsured,"$3,939,337","$3,939,337","$8,715",100.0%,452
26929004,Alzheimer's disease (disorder),Medicaid,Government,"$3,926,908","$3,926,908","$2,414",2.3%,"1,627"
307731004,Injury of tendon of the rotator cuff of shoulder,Medicaid,Government,"$3,912,837","$3,912,837","$1,437",3.9%,"2,722"
55822004,Hyperlipidemia,Humana,Commercial,"$3,908,680","$3,908,680",$77,80.9%,"50,936"
46752004,Torus palatinus (disorder),Medicaid,Government,"$3,891,256","$3,891,256","$2,065",2.5%,"1,884"
444448004,Injury of medial collateral ligament of knee,UnitedHealthcare,Commercial,"$3,877,382","$3,877,382","$9,457",20.0%,410
128613002,Seizure disorder,Humana,Commercial,"$3,868,996","$3,868,996","$5,145",52.2%,752
444470001,Injury of anterior cruciate ligament,Aetna,Commercial,"$3,812,251","$3,812,251","$8,704",45.0%,438
431855005,Chronic kidney disease stage 1 (disorder),Humana,Commercial,"$3,800,495","$3,800,495",$369,84.4%,"10,294"
65363002,Otitis media,Blue Cross Blue Shield,Commercial,"$3,788,590","$3,788,590",$171,86.4%,"22,094"
82423001,Chronic pain (finding),Dual Eligible,Government,"$3,761,098","$3,761,098",$645,5.4%,"5,833"
401314000,Acute non-ST segment elevation myocardial infarction (disorder),UnitedHealthcare,Commercial,"$3,754,444","$3,754,444","$2,667",18.4%,"1,408"
65363002,Otitis media,Aetna,Commercial,"$3,754,138","$3,754,138",$175,92.6%,"21,496"
254637007,Non-small cell lung cancer (disorder),Medicaid,Government,"$3,753,269","$3,753,269","$10,089",0.1%,372
1255252008,Resorption of alveolar process due to dental trauma (disorder),Medicare,Government,"$3,748,205","$3,748,205","$2,054",3.1%,"1,825"
254637007,Non-small cell lung cancer (disorder),Dual Eligible,Government,"$3,742,897","$3,742,897","$6,409",0.2%,584
61804006,Alveolitis of jaw (disorder),NO_INSURANCE,Self-Pay / Uninsured,"$3,726,558","$3,726,558","$2,532",100.0%,"1,472"
79586000,Tubal pregnancy,Humana,Commercial,"$3,709,041","$3,709,041","$3,605",8.8%,"1,029"
65363002,Otitis media,UnitedHealthcare,Commercial,"$3,706,171","$3,706,171",$171,60.9%,"21,718"
65363002,Otitis media,NO_INSURANCE,Self-Pay / Uninsured,"$3,682,761","$3,682,761",$172,100.0%,"21,417"
10939881000119105,Unhealthy alcohol drinking behavior (finding),NO_INSURANCE,Self-Pay / Uninsured,"$3,668,497","$3,668,497",$431,100.0%,"8,518"
302870006,Hypertriglyceridemia (disorder),Medicare,Government,"$3,657,133","$3,657,133",$630,9.5%,"5,801"
36971009,Sinusitis (disorder),Medicare,Government,"$3,597,282","$3,597,282",$241,8.5%,"14,949"
65363002,Otitis media,Cigna Health,Commercial,"$3,573,765","$3,573,765",$171,85.7%,"20,903"
444470001,Injury of anterior cruciate ligament,NO_INSURANCE,Self-Pay / Uninsured,"$3,564,367","$3,564,367","$8,823",100.0%,404
55822004,Hyperlipidemia,Aetna,Commercial,"$3,564,021","$3,564,021",$75,82.7%,"47,578"
55822004,Hyperlipidemia,Cigna Health,Commercial,"$3,501,533","$3,501,533",$73,76.5%,"47,740"
444470001,Injury of anterior cruciate ligament,Anthem,Commercial,"$3,482,799","$3,482,799","$9,070",19.6%,384
80583007,Severe anxiety (panic) (finding),NO_INSURANCE,Self-Pay / Uninsured,"$3,458,557","$3,458,557",$429,100.0%,"8,066"
401303003,Acute ST segment elevation myocardial infarction (disorder),Blue Cross Blue Shield,Commercial,"$3,452,120","$3,452,120","$3,060",18.6%,"1,128"
237602007,Metabolic syndrome X (disorder),Humana,Commercial,"$3,435,746","$3,435,746",$375,78.9%,"9,172"
401314000,Acute non-ST segment elevation myocardial infarction (disorder),Blue Cross Blue Shield,Commercial,"$3,434,325","$3,434,325","$2,745",17.9%,"1,251"
45816000,Pyelonephritis,Medicaid,Government,"$3,425,428","$3,425,428","$2,251",2.6%,"1,522"
80583007,Severe anxiety (panic) (finding),Cigna Health,Commercial,"$3,420,279","$3,420,279",$443,68.9%,"7,716"
65363002,Otitis media,Anthem,Commercial,"$3,408,578","$3,408,578",$170,61.1%,"20,030"
444470001,Injury of anterior cruciate ligament,Blue Cross Blue Shield,Commercial,"$3,405,180","$3,405,180","$9,459",35.1%,360
431856006,Chronic kidney disease stage 2 (disorder),Humana,Commercial,"$3,393,382","$3,393,382",$353,74.1%,"9,603"
30832001,Rupture of patellar tendon,UnitedHealthcare,Commercial,"$3,387,122","$3,387,122","$9,435",19.2%,359
195967001,Asthma,Medicaid,Government,"$3,373,281","$3,373,281",$123,56.4%,"27,400"
88805009,Chronic congestive heart failure (disorder),Blue Cross Blue Shield,Commercial,"$3,352,148","$3,352,148","$1,001",27.9%,"3,348"
80583007,Severe anxiety (panic) (finding),Aetna,Commercial,"$3,348,307","$3,348,307",$447,71.9%,"7,486"
86406008,Human immunodeficiency virus infection (disorder),Blue Cross Blue Shield,Commercial,"$3,335,824","$3,335,824","$1,850",53.7%,"1,803"
185086009,Chronic obstructive bronchitis (disorder),NO_INSURANCE,Self-Pay / Uninsured,"$3,308,149","$3,308,149","$9,164",100.0%,361
81629009,Traumatic dislocation of temporomandibular joint (disorder),Medicaid,Government,"$3,305,128","$3,305,128","$1,313",4.3%,"2,517"
263172003,Fracture of mandible (disorder),Medicare,Government,"$3,303,623","$3,303,623","$2,307",3.6%,"1,432"
444448004,Injury of medial collateral ligament of knee,Dual Eligible,Government,"$3,302,656","$3,302,656","$8,807",0.3%,375
128613002,Seizure disorder,Aetna,Commercial,"$3,284,015","$3,284,015","$4,924",51.4%,667
55822004,Hyperlipidemia,Anthem,Commercial,"$3,274,903","$3,274,903",$73,60.0%,"44,821"
431855005,Chronic kidney disease stage 1 (disorder),Cigna Health,Commercial,"$3,226,589","$3,226,589",$364,80.5%,"8,866"
87433001,Pulmonary emphysema (disorder),Cigna Health,Commercial,"$3,222,367","$3,222,367","$6,536",40.6%,493
75498004,Acute bacterial sinusitis (disorder),Medicare,Government,"$3,205,372","$3,205,372",$243,8.2%,"13,167"
64859006,Osteoporosis (disorder),UnitedHealthcare,Commercial,"$3,188,556","$3,188,556","$2,584",26.5%,"1,234"
30832001,Rupture of patellar tendon,Blue Cross Blue Shield,Commercial,"$3,186,550","$3,186,550","$9,183",34.8%,347
39898005,Sleep disorder (disorder),Medicaid,Government,"$3,182,559","$3,182,559",$927,6.1%,"3,435"
44054006,Diabetes mellitus type 2 (disorder),Medicaid,Government,"$3,174,156","$3,174,156",$498,7.4%,"6,375"
60234000,Aortic valve regurgitation (disorder),Dual Eligible,Government,"$3,152,382","$3,152,382","$1,850",0.7%,"1,704"
431855005,Chronic kidney disease stage 1 (disorder),Anthem,Commercial,"$3,152,292","$3,152,292",$371,60.4%,"8,499"
431855005,Chronic kidney disease stage 1 (disorder),Aetna,Commercial,"$3,146,263","$3,146,263",$359,85.4%,"8,776"
237602007,Metabolic syndrome X (disorder),Dual Eligible,Government,"$3,101,184","$3,101,184",$600,2.1%,"5,167"
128613002,Seizure disorder,Anthem,Commercial,"$3,088,802","$3,088,802","$4,926",23.0%,627
80583007,Severe anxiety (panic) (finding),Anthem,Commercial,"$3,082,920","$3,082,920",$427,57.2%,"7,228"
384709000,Sprain (morphologic abnormality),Humana,Commercial,"$3,067,825","$3,067,825",$171,80.3%,"17,950"
162864005,Body mass index 30+ - obesity (finding),Dual Eligible,Government,"$3,059,313","$3,059,313",$844,1.8%,"3,626"
128613002,Seizure disorder,Blue Cross Blue Shield,Commercial,"$3,053,197","$3,053,197","$5,228",39.1%,584
128613002,Seizure disorder,Cigna Health,Commercial,"$3,034,897","$3,034,897","$5,000",41.3%,607
64859006,Osteoporosis (disorder),Blue Cross Blue Shield,Commercial,"$3,002,229","$3,002,229","$2,568",44.2%,"1,169"
15777000,Prediabetes,NO_INSURANCE,Self-Pay / Uninsured,"$2,986,979","$2,986,979",$591,100.0%,"5,053"
156073000,Complete miscarriage (disorder),Aetna,Commercial,"$2,986,973","$2,986,973","$1,437",10.8%,"2,079"
88805009,Chronic congestive heart failure (disorder),UnitedHealthcare,Commercial,"$2,986,282","$2,986,282",$912,18.9%,"3,273"
10939881000119105,Unhealthy alcohol drinking behavior (finding),Blue Cross Blue Shield,Commercial,"$2,981,162","$2,981,162",$429,71.5%,"6,943"
55822004,Hyperlipidemia,NO_INSURANCE,Self-Pay / Uninsured,"$2,939,788","$2,939,788",$72,99.9%,"40,888"
94260004,Secondary malignant neoplasm of colon,Dual Eligible,Government,"$2,939,776","$2,939,776","$4,461",0.3%,659
80394007,Hyperglycemia (disorder),Medicare,Government,"$2,930,483","$2,930,483",$651,8.1%,"4,500"
79586000,Tubal pregnancy,Anthem,Commercial,"$2,927,848","$2,927,848","$3,793",17.9%,772
94260004,Secondary malignant neoplasm of colon,Humana,Commercial,"$2,921,128","$2,921,128","$5,430",2.5%,538
237602007,Metabolic syndrome X (disorder),Aetna,Commercial,"$2,890,712","$2,890,712",$361,81.4%,"8,006"
195967001,Asthma,Medicare,Government,"$2,874,584","$2,874,584",$121,30.8%,"23,800"
431856006,Chronic kidney disease stage 2 (disorder),Aetna,Commercial,"$2,860,032","$2,860,032",$353,74.3%,"8,109"
61804006,Alveolitis of jaw (disorder),Blue Cross Blue Shield,Commercial,"$2,855,350","$2,855,350","$2,615",24.9%,"1,092"
86406008,Human immunodeficiency virus infection (disorder),Dual Eligible,Government,"$2,851,078","$2,851,078","$1,792",0.1%,"1,591"
86406008,Human immunodeficiency virus infection (disorder),UnitedHealthcare,Commercial,"$2,847,603","$2,847,603","$1,830",32.4%,"1,556"
156073000,Complete miscarriage (disorder),Anthem,Commercial,"$2,843,078","$2,843,078","$1,456",18.7%,"1,952"
128613002,Seizure disorder,UnitedHealthcare,Commercial,"$2,835,603","$2,835,603","$5,100",22.0%,556
237602007,Metabolic syndrome X (disorder),Cigna Health,Commercial,"$2,835,541","$2,835,541",$376,76.4%,"7,537"
431856006,Chronic kidney disease stage 2 (disorder),Cigna Health,Commercial,"$2,833,377","$2,833,377",$352,70.4%,"8,044"
10939881000119105,Unhealthy alcohol drinking behavior (finding),UnitedHealthcare,Commercial,"$2,824,443","$2,824,443",$443,59.4%,"6,379"
361055000,Misuses drugs (finding),Humana,Commercial,"$2,801,529","$2,801,529",$461,76.9%,"6,082"
156073000,Complete miscarriage (disorder),Cigna Health,Commercial,"$2,789,491","$2,789,491","$1,414",14.1%,"1,973"
307731004,Injury of tendon of the rotator cuff of shoulder,Medicare,Government,"$2,771,572","$2,771,572","$1,463",3.7%,"1,895"
401303003,Acute ST segment elevation myocardial infarction (disorder),UnitedHealthcare,Commercial,"$2,732,725","$2,732,725","$2,605",18.9%,"1,049"
444470001,Injury of anterior cruciate ligament,UnitedHealthcare,Commercial,"$2,730,911","$2,730,911","$10,504",20.4%,260
30832001,Rupture of patellar tendon,Dual Eligible,Government,"$2,724,065","$2,724,065","$8,787",0.3%,310
714628002,Prediabetes (finding),Medicare,Government,"$2,721,373","$2,721,373",$867,9.4%,"3,138"
55680006,Drug overdose,Medicare,Government,"$2,695,935","$2,695,935",$120,24.1%,"22,474"
87433001,Pulmonary emphysema (disorder),Humana,Commercial,"$2,692,847","$2,692,847","$4,783",58.8%,563
431856006,Chronic kidney disease stage 2 (disorder),Anthem,Commercial,"$2,683,851","$2,683,851",$348,51.3%,"7,711"
714628002,Prediabetes (finding),Humana,Commercial,"$2,657,310","$2,657,310",$618,88.4%,"4,301"
156073000,Complete miscarriage (disorder),NO_INSURANCE,Self-Pay / Uninsured,"$2,652,026","$2,652,026","$1,445",100.0%,"1,835"
48333001,Burn injury (morphologic abnormality),Medicaid,Government,"$2,641,636","$2,641,636",$169,33.0%,"15,670"
94260004,Secondary malignant neoplasm of colon,Aetna,Commercial,"$2,635,530","$2,635,530","$5,088",3.0%,518
263172003,Fracture of mandible (disorder),Humana,Commercial,"$2,620,757","$2,620,757","$1,839",52.8%,"1,425"
714628002,Prediabetes (finding),Medicaid,Government,"$2,617,792","$2,617,792",$641,7.6%,"4,083"
15777000,Prediabetes,Blue Cross Blue Shield,Commercial,"$2,615,353","$2,615,353",$636,86.6%,"4,114"
61804006,Alveolitis of jaw (disorder),UnitedHealthcare,Commercial,"$2,590,063","$2,590,063","$2,624",18.2%,987
128613002,Seizure disorder,NO_INSURANCE,Self-Pay / Uninsured,"$2,580,420","$2,580,420","$4,752",100.0%,543
125601008,Injury of knee (disorder),Medicaid,Government,"$2,580,048","$2,580,048",$393,16.0%,"6,567"
94260004,Secondary malignant neoplasm of colon,Anthem,Commercial,"$2,560,427","$2,560,427","$4,991",7.5%,513
237602007,Metabolic syndrome X (disorder),Anthem,Commercial,"$2,550,927","$2,550,927",$361,62.6%,"7,059"
79586000,Tubal pregnancy,Cigna Health,Commercial,"$2,506,992","$2,506,992","$3,406",12.7%,736
36971009,Sinusitis (disorder),Humana,Commercial,"$2,480,724","$2,480,724",$261,61.4%,"9,497"
431855005,Chronic kidney disease stage 1 (disorder),NO_INSURANCE,Self-Pay / Uninsured,"$2,459,355","$2,459,355",$368,100.0%,"6,682"
15777000,Prediabetes,UnitedHealthcare,Commercial,"$2,442,459","$2,442,459",$633,76.1%,"3,857"
444470001,Injury of anterior cruciate ligament,Dual Eligible,Government,"$2,437,799","$2,437,799","$8,675",0.3%,281
1255252008,Resorption of alveolar process due to dental trauma (disorder),Medicaid,Government,"$2,434,652","$2,434,652","$1,940",2.6%,"1,255"
49436004,Atrial fibrillation (disorder),NO_INSURANCE,Self-Pay / Uninsured,"$2,420,619","$2,420,619","$3,854",100.0%,628
79586000,Tubal pregnancy,Medicare,Government,"$2,415,507","$2,415,507","$3,573",3.2%,676
79586000,Tubal pregnancy,Aetna,Commercial,"$2,413,315","$2,413,315","$3,544",8.6%,681
384709000,Sprain (morphologic abnormality),Aetna,Commercial,"$2,408,376","$2,408,376",$170,82.1%,"14,197"
49436004,Atrial fibrillation (disorder),Humana,Commercial,"$2,407,024","$2,407,024","$3,821",45.4%,630
384709000,Sprain (morphologic abnormality),Cigna Health,Commercial,"$2,396,375","$2,396,375",$167,73.5%,"14,381"
254632001,Small cell carcinoma of lung (disorder),Medicare,Government,"$2,396,276","$2,396,276","$6,886",2.2%,348
65275009,Acute Cholecystitis,Medicaid,Government,"$2,391,761","$2,391,761",$842,1.2%,"2,841"
433144002,Chronic kidney disease stage 3 (disorder),Humana,Commercial,"$2,389,664","$2,389,664",$337,62.5%,"7,095"
156073000,Complete miscarriage (disorder),Medicare,Government,"$2,371,874","$2,371,874","$1,479",3.0%,"1,604"
15777000,Prediabetes,Dual Eligible,Government,"$2,362,779","$2,362,779",$857,1.8%,"2,756"
79586000,Tubal pregnancy,NO_INSURANCE,Self-Pay / Uninsured,"$2,362,531","$2,362,531","$3,537",100.0%,668
431856006,Chronic kidney disease stage 2 (disorder),NO_INSURANCE,Self-Pay / Uninsured,"$2,358,754","$2,358,754",$370,100.0%,"6,380"
156073000,Complete miscarriage (disorder),Blue Cross Blue Shield,Commercial,"$2,343,130","$2,343,130","$1,552",14.6%,"1,510"
241929008,Acute allergic reaction,Medicare,Government,"$2,314,007","$2,314,007","$1,315",4.9%,"1,760"
384709000,Sprain (morphologic abnormality),Anthem,Commercial,"$2,293,172","$2,293,172",$168,56.4%,"13,689"
55680006,Drug overdose,Dual Eligible,Government,"$2,276,276","$2,276,276",$122,28.4%,"18,732"
237602007,Metabolic syndrome X (disorder),NO_INSURANCE,Self-Pay / Uninsured,"$2,275,423","$2,275,423",$368,100.0%,"6,176"
39898005,Sleep disorder (disorder),Dual Eligible,Government,"$2,228,721","$2,228,721",$905,2.5%,"2,463"
80583007,Severe anxiety (panic) (finding),Blue Cross Blue Shield,Commercial,"$2,204,629","$2,204,629",$472,69.8%,"4,668"
65363002,Otitis media,Medicare,Government,"$2,197,974","$2,197,974",$172,17.1%,"12,750"
49436004,Atrial fibrillation (disorder),Cigna Health,Commercial,"$2,187,022","$2,187,022","$3,837",37.4%,570
87433001,Pulmonary emphysema (disorder),Aetna,Commercial,"$2,185,538","$2,185,538","$4,741",59.1%,461
55822004,Hyperlipidemia,Blue Cross Blue Shield,Commercial,"$2,179,482","$2,179,482",$76,76.7%,"28,711"
90460009,Injury of neck (disorder),Medicaid,Government,"$2,145,032","$2,145,032",$157,39.8%,"13,660"
80394007,Hyperglycemia (disorder),Medicaid,Government,"$2,135,838","$2,135,838",$441,6.5%,"4,847"
361055000,Misuses drugs (finding),Cigna Health,Commercial,"$2,131,368","$2,131,368",$444,77.1%,"4,797"
87433001,Pulmonary emphysema (disorder),Anthem,Commercial,"$2,123,261","$2,123,261","$4,804",25.8%,442
79586000,Tubal pregnancy,UnitedHealthcare,Commercial,"$2,123,134","$2,123,134","$3,617",18.1%,587
94260004,Secondary malignant neoplasm of colon,Cigna Health,Commercial,"$2,111,242","$2,111,242","$4,865",5.3%,434
80583007,Severe anxiety (panic) (finding),UnitedHealthcare,Commercial,"$2,076,854","$2,076,854",$472,60.0%,"4,400"
156073000,Complete miscarriage (disorder),UnitedHealthcare,Commercial,"$2,069,996","$2,069,996","$1,518",19.1%,"1,364"
185086009,Chronic obstructive bronchitis (disorder),Anthem,Commercial,"$2,069,924","$2,069,924","$5,766",22.9%,359
361055000,Misuses drugs (finding),Anthem,Commercial,"$2,068,870","$2,068,870",$451,64.7%,"4,589"
433144002,Chronic kidney disease stage 3 (disorder),Cigna Health,Commercial,"$2,051,196","$2,051,196",$331,56.1%,"6,201"
196416002,Impacted molars,Blue Cross Blue Shield,Commercial,"$2,047,341","$2,047,341","$5,969",35.2%,343
263172003,Fracture of mandible (disorder),Anthem,Commercial,"$2,044,500","$2,044,500","$1,981",25.0%,"1,032"
384709000,Sprain (morphologic abnormality),NO_INSURANCE,Self-Pay / Uninsured,"$2,043,909","$2,043,909",$169,100.0%,"12,110"
361055000,Misuses drugs (finding),Aetna,Commercial,"$2,040,694","$2,040,694",$455,79.2%,"4,489"
60234000,Aortic valve regurgitation (disorder),Anthem,Commercial,"$2,039,346","$2,039,346","$1,590",27.2%,"1,283"
35999006,Blighted ovum,Humana,Commercial,"$2,025,338","$2,025,338","$1,539",10.1%,"1,316"
433144002,Chronic kidney disease stage 3 (disorder),Aetna,Commercial,"$2,022,559","$2,022,559",$331,60.9%,"6,113"
714628002,Prediabetes (finding),Anthem,Commercial,"$2,016,571","$2,016,571",$664,74.2%,"3,036"
714628002,Prediabetes (finding),Cigna Health,Commercial,"$2,013,599","$2,013,599",$657,89.8%,"3,064"
185086009,Chronic obstructive bronchitis (disorder),Aetna,Commercial,"$2,011,163","$2,011,163","$5,293",53.8%,380
36971009,Sinusitis (disorder),Aetna,Commercial,"$2,007,018","$2,007,018",$258,62.5%,"7,771"
55822004,Hyperlipidemia,UnitedHealthcare,Commercial,"$2,002,245","$2,002,245",$76,58.3%,"26,215"
302870006,Hypertriglyceridemia (disorder),Medicaid,Government,"$2,000,489","$2,000,489",$431,8.5%,"4,643"
60234000,Aortic valve regurgitation (disorder),Cigna Health,Commercial,"$2,000,035","$2,000,035","$1,601",41.3%,"1,249"
60234000,Aortic valve regurgitation (disorder),Humana,Commercial,"$1,993,412","$1,993,412","$1,521",47.8%,"1,311"
6072007,Bleeding from anus,Medicaid,Government,"$1,975,054","$1,975,054","$5,295",1.1%,373
263172003,Fracture of mandible (disorder),Aetna,Commercial,"$1,967,965","$1,967,965","$1,812",56.9%,"1,086"
60234000,Aortic valve regurgitation (disorder),Aetna,Commercial,"$1,967,356","$1,967,356","$1,550",44.6%,"1,269"
431855005,Chronic kidney disease stage 1 (disorder),Blue Cross Blue Shield,Commercial,"$1,965,603","$1,965,603",$371,81.5%,"5,299"
433144002,Chronic kidney disease stage 3 (disorder),Anthem,Commercial,"$1,962,927","$1,962,927",$338,41.4%,"5,808"
714628002,Prediabetes (finding),Aetna,Commercial,"$1,928,510","$1,928,510",$642,90.9%,"3,005"
384709000,Sprain (morphologic abnormality),Blue Cross Blue Shield,Commercial,"$1,920,298","$1,920,298",$170,71.2%,"11,316"
4557003,Preinfarction syndrome (disorder),Dual Eligible,Government,"$1,918,612","$1,918,612","$2,733",1.2%,702
75498004,Acute bacterial sinusitis (disorder),Humana,Commercial,"$1,911,277","$1,911,277",$237,63.4%,"8,048"
48333001,Burn injury (morphologic abnormality),Medicare,Government,"$1,892,315","$1,892,315",$176,14.7%,"10,745"
267253006,Fetus with chromosomal abnormality,Medicaid,Government,"$1,889,360","$1,889,360","$1,407",4.1%,"1,343"
125601008,Injury of knee (disorder),Medicare,Government,"$1,868,258","$1,868,258",$425,10.0%,"4,395"
237602007,Metabolic syndrome X (disorder),Blue Cross Blue Shield,Commercial,"$1,866,752","$1,866,752",$392,74.2%,"4,759"
422034002,Retinopathy due to type 2 diabetes mellitus (disorder),Medicare,Government,"$1,864,879","$1,864,879",$511,10.5%,"3,650"
46752004,Torus palatinus (disorder),Dual Eligible,Government,"$1,858,437","$1,858,437","$2,051",1.7%,906
94260004,Secondary malignant neoplasm of colon,NO_INSURANCE,Self-Pay / Uninsured,"$1,851,546","$1,851,546","$5,129",100.0%,361
433144002,Chronic kidney disease stage 3 (disorder),NO_INSURANCE,Self-Pay / Uninsured,"$1,847,476","$1,847,476",$350,100.0%,"5,280"
431855005,Chronic kidney disease stage 1 (disorder),UnitedHealthcare,Commercial,"$1,840,056","$1,840,056",$369,61.8%,"4,986"
79586000,Tubal pregnancy,Blue Cross Blue Shield,Commercial,"$1,836,038","$1,836,038","$3,445",14.7%,533
39898005,Sleep disorder (disorder),Humana,Commercial,"$1,831,692","$1,831,692","$1,014",65.7%,"1,807"
233678006,Childhood asthma,Medicare,Government,"$1,821,910","$1,821,910",$164,18.9%,"11,119"
36971009,Sinusitis (disorder),Cigna Health,Commercial,"$1,815,486","$1,815,486",$237,54.6%,"7,653"
46752004,Torus palatinus (disorder),Humana,Commercial,"$1,797,402","$1,797,402","$2,258",24.2%,796
233604007,Pneumonia (disorder),Dual Eligible,Government,"$1,795,012","$1,795,012","$1,140",2.0%,"1,574"
431856006,Chronic kidney disease stage 2 (disorder),Blue Cross Blue Shield,Commercial,"$1,789,756","$1,789,756",$356,72.8%,"5,033"
384709000,Sprain (morphologic abnormality),UnitedHealthcare,Commercial,"$1,782,820","$1,782,820",$170,56.0%,"10,487"
124171000119105,Chronic intractable migraine without aura,Medicaid,Government,"$1,778,747","$1,778,747",$65,53.8%,"27,467"
263172003,Fracture of mandible (disorder),Cigna Health,Commercial,"$1,771,475","$1,771,475","$1,703",45.2%,"1,040"
241929008,Acute allergic reaction,Humana,Commercial,"$1,751,904","$1,751,904","$1,290",77.5%,"1,358"
81629009,Traumatic dislocation of temporomandibular joint (disorder),Medicare,Government,"$1,744,412","$1,744,412","$1,406",3.3%,"1,241"
60573004,Aortic valve stenosis (disorder),NO_INSURANCE,Self-Pay / Uninsured,"$1,736,242","$1,736,242","$1,754",100.0%,990
60573004,Aortic valve stenosis (disorder),Humana,Commercial,"$1,732,814","$1,732,814","$1,609",43.8%,"1,077"
361055000,Misuses drugs (finding),NO_INSURANCE,Self-Pay / Uninsured,"$1,709,214","$1,709,214",$448,100.0%,"3,818"
190905008,Cystic Fibrosis,Dual Eligible,Government,"$1,670,125","$1,670,125","$6,232",0.5%,268
185086009,Chronic obstructive bronchitis (disorder),Humana,Commercial,"$1,669,246","$1,669,246","$3,677",71.8%,454
36971009,Sinusitis (disorder),Anthem,Commercial,"$1,668,099","$1,668,099",$245,35.0%,"6,821"
94260004,Secondary malignant neoplasm of colon,Blue Cross Blue Shield,Commercial,"$1,650,952","$1,650,952","$5,326",4.4%,310
195967001,Asthma,Humana,Commercial,"$1,644,335","$1,644,335",$125,74.1%,"13,174"
185086009,Chronic obstructive bronchitis (disorder),Cigna Health,Commercial,"$1,641,290","$1,641,290","$4,093",59.6%,401
431856006,Chronic kidney disease stage 2 (disorder),UnitedHealthcare,Commercial,"$1,640,647","$1,640,647",$363,53.3%,"4,523"
49436004,Atrial fibrillation (disorder),Aetna,Commercial,"$1,629,476","$1,629,476","$3,497",49.9%,466
44054006,Diabetes mellitus type 2 (disorder),Humana,Commercial,"$1,628,061","$1,628,061",$536,81.7%,"3,039"
307731004,Injury of tendon of the rotator cuff of shoulder,Humana,Commercial,"$1,606,139","$1,606,139","$1,501",46.4%,"1,070"
36971009,Sinusitis (disorder),NO_INSURANCE,Self-Pay / Uninsured,"$1,604,566","$1,604,566",$257,100.0%,"6,255"
44054006,Diabetes mellitus type 2 (disorder),Dual Eligible,Government,"$1,594,279","$1,594,279",$653,1.8%,"2,441"
75498004,Acute bacterial sinusitis (disorder),Anthem,Commercial,"$1,591,894","$1,591,894",$247,32.6%,"6,457"
45816000,Pyelonephritis,Medicare,Government,"$1,587,135","$1,587,135","$2,128",5.0%,746
241929008,Acute allergic reaction,Blue Cross Blue Shield,Commercial,"$1,585,994","$1,585,994","$1,333",64.1%,"1,190"
49436004,Atrial fibrillation (disorder),Anthem,Commercial,"$1,583,175","$1,583,175","$3,673",22.8%,431
81629009,Traumatic dislocation of temporomandibular joint (disorder),Humana,Commercial,"$1,570,211","$1,570,211","$1,421",62.4%,"1,105"
75498004,Acute bacterial sinusitis (disorder),Cigna Health,Commercial,"$1,564,319","$1,564,319",$239,56.5%,"6,558"
368581000119106,Neuropathy due to type 2 diabetes mellitus (disorder),Medicaid,Government,"$1,564,013","$1,564,013",$711,4.1%,"2,199"
196416002,Impacted molars,UnitedHealthcare,Commercial,"$1,561,998","$1,561,998","$5,962",21.0%,262
110030002,Concussion injury of brain (disorder),Medicaid,Government,"$1,558,550","$1,558,550",$122,56.9%,"12,800"
60573004,Aortic valve stenosis (disorder),Anthem,Commercial,"$1,552,388","$1,552,388","$1,612",28.4%,963
75498004,Acute bacterial sinusitis (disorder),Aetna,Commercial,"$1,549,897","$1,549,897",$233,63.5%,"6,665"
361055000,Misuses drugs (finding),Dual Eligible,Government,"$1,547,836","$1,547,836",$539,3.3%,"2,872"
46752004,Torus palatinus (disorder),Cigna Health,Commercial,"$1,546,346","$1,546,346","$2,200",25.1%,703
241929008,Acute allergic reaction,UnitedHealthcare,Commercial,"$1,538,147","$1,538,147","$1,320",31.6%,"1,165"
6072007,Bleeding from anus,Medicare,Government,"$1,531,866","$1,531,866","$5,803",3.4%,264
74400008,Appendicitis,Dual Eligible,Government,"$1,523,276","$1,523,276","$5,326",0.3%,286
237602007,Metabolic syndrome X (disorder),UnitedHealthcare,Commercial,"$1,514,337","$1,514,337",$359,63.7%,"4,214"
361055000,Misuses drugs (finding),Blue Cross Blue Shield,Commercial,"$1,497,965","$1,497,965",$455,75.8%,"3,289"
81629009,Traumatic dislocation of temporomandibular joint (disorder),Cigna Health,Commercial,"$1,493,789","$1,493,789","$1,392",54.5%,"1,073"
254637007,Non-small cell lung cancer (disorder),Humana,Commercial,"$1,489,464","$1,489,464","$11,546",5.4%,129
714628002,Prediabetes (finding),Blue Cross Blue Shield,Commercial,"$1,487,725","$1,487,725",$611,88.0%,"2,434"
128188000,Cerebral palsy (disorder),Dual Eligible,Government,"$1,487,585","$1,487,585",$530,6.6%,"2,807"
46752004,Torus palatinus (disorder),Anthem,Commercial,"$1,486,793","$1,486,793","$2,196",19.1%,677
90460009,Injury of neck (disorder),Medicare,Government,"$1,482,133","$1,482,133",$171,19.8%,"8,692"
44054006,Diabetes mellitus type 2 (disorder),Cigna Health,Commercial,"$1,476,159","$1,476,159",$582,76.0%,"2,537"
126906006,Neoplasm of prostate,Medicaid,Government,"$1,467,887","$1,467,887","$1,715",1.8%,856
368581000119106,Neuropathy due to type 2 diabetes mellitus (disorder),Dual Eligible,Government,"$1,466,225","$1,466,225",$957,1.0%,"1,532"
263172003,Fracture of mandible (disorder),NO_INSURANCE,Self-Pay / Uninsured,"$1,461,824","$1,461,824","$1,832",100.0%,798
44054006,Diabetes mellitus type 2 (disorder),Aetna,Commercial,"$1,450,841","$1,450,841",$551,81.1%,"2,633"
4557003,Preinfarction syndrome (disorder),Medicaid,Government,"$1,448,660","$1,448,660","$2,489",1.9%,582
241929008,Acute allergic reaction,NO_INSURANCE,Self-Pay / Uninsured,"$1,447,978","$1,447,978","$1,268",100.0%,"1,142"
361055000,Misuses drugs (finding),UnitedHealthcare,Commercial,"$1,435,991","$1,435,991",$474,62.5%,"3,031"
39898005,Sleep disorder (disorder),Cigna Health,Commercial,"$1,434,286","$1,434,286",$982,58.7%,"1,460"
241929008,Acute allergic reaction,Aetna,Commercial,"$1,426,750","$1,426,750","$1,230",79.3%,"1,160"
35999006,Blighted ovum,Anthem,Commercial,"$1,424,548","$1,424,548","$1,455",19.0%,979
87433001,Pulmonary emphysema (disorder),Blue Cross Blue Shield,Commercial,"$1,417,892","$1,417,892","$5,213",48.2%,272
60573004,Aortic valve stenosis (disorder),Cigna Health,Commercial,"$1,414,277","$1,414,277","$1,517",41.7%,932
81629009,Traumatic dislocation of temporomandibular joint (disorder),Aetna,Commercial,"$1,398,989","$1,398,989","$1,400",60.8%,999
1551000119108,Nonproliferative diabetic retinopathy due to type 2 diabetes mellitus (disorder),Medicare,Government,"$1,398,646","$1,398,646",$497,10.2%,"2,813"
35999006,Blighted ovum,Aetna,Commercial,"$1,393,531","$1,393,531","$1,450",9.7%,961
60573004,Aortic valve stenosis (disorder),Aetna,Commercial,"$1,391,267","$1,391,267","$1,594",51.8%,873
254637007,Non-small cell lung cancer (disorder),Aetna,Commercial,"$1,375,903","$1,375,903","$11,964",9.7%,115
39898005,Sleep disorder (disorder),Aetna,Commercial,"$1,373,668","$1,373,668",$971,67.7%,"1,414"
46752004,Torus palatinus (disorder),NO_INSURANCE,Self-Pay / Uninsured,"$1,366,969","$1,366,969","$2,208",100.0%,619
49436004,Atrial fibrillation (disorder),UnitedHealthcare,Commercial,"$1,365,479","$1,365,479","$4,176",21.8%,327
46752004,Torus palatinus (disorder),Aetna,Commercial,"$1,362,457","$1,362,457","$2,176",26.0%,626
35999006,Blighted ovum,Cigna Health,Commercial,"$1,358,165","$1,358,165","$1,412",14.9%,962
81629009,Traumatic dislocation of temporomandibular joint (disorder),Anthem,Commercial,"$1,356,795","$1,356,795","$1,349",26.9%,"1,006"
36971009,Sinusitis (disorder),Blue Cross Blue Shield,Commercial,"$1,355,371","$1,355,371",$256,51.9%,"5,301"
195967001,Asthma,Cigna Health,Commercial,"$1,355,330","$1,355,330",$120,69.2%,"11,329"
241929008,Acute allergic reaction,Cigna Health,Commercial,"$1,341,940","$1,341,940","$1,262",65.7%,"1,063"
254637007,Non-small cell lung cancer (disorder),NO_INSURANCE,Self-Pay / Uninsured,"$1,339,309","$1,339,309","$8,319",100.0%,161
384709000,Sprain (morphologic abnormality),Dual Eligible,Government,"$1,334,954","$1,334,954",$157,22.1%,"8,486"
39898005,Sleep disorder (disorder),Anthem,Commercial,"$1,334,011","$1,334,011",$987,36.4%,"1,351"
75498004,Acute bacterial sinusitis (disorder),NO_INSURANCE,Self-Pay / Uninsured,"$1,331,737","$1,331,737",$220,100.0%,"6,045"
714628002,Prediabetes (finding),NO_INSURANCE,Self-Pay / Uninsured,"$1,328,322","$1,328,322",$618,100.0%,"2,150"
44054006,Diabetes mellitus type 2 (disorder),Anthem,Commercial,"$1,325,781","$1,325,781",$554,64.8%,"2,393"
55680006,Drug overdose,Cigna Health,Commercial,"$1,324,306","$1,324,306",$117,67.7%,"11,328"
195967001,Asthma,Anthem,Commercial,"$1,306,346","$1,306,346",$120,51.9%,"10,883"
65275009,Acute Cholecystitis,Dual Eligible,Government,"$1,301,064","$1,301,064",$748,0.9%,"1,739"
35999006,Blighted ovum,NO_INSURANCE,Self-Pay / Uninsured,"$1,298,439","$1,298,439","$1,484",100.0%,875
195967001,Asthma,Aetna,Commercial,"$1,297,151","$1,297,151",$120,75.8%,"10,818"
714628002,Prediabetes (finding),UnitedHealthcare,Commercial,"$1,296,946","$1,296,946",$652,74.4%,"1,990"
241929008,Acute allergic reaction,Dual Eligible,Government,"$1,289,020","$1,289,020","$1,284",1.6%,"1,004"
241929008,Acute allergic reaction,Anthem,Commercial,"$1,282,538","$1,282,538","$1,286",31.3%,997
254637007,Non-small cell lung cancer (disorder),Cigna Health,Commercial,"$1,278,784","$1,278,784","$10,837",10.2%,118
55680006,Drug overdose,Aetna,Commercial,"$1,278,764","$1,278,764",$117,74.9%,"10,888"
263172003,Fracture of mandible (disorder),UnitedHealthcare,Commercial,"$1,270,216","$1,270,216","$1,669",25.2%,761
94260004,Secondary malignant neoplasm of colon,UnitedHealthcare,Commercial,"$1,250,243","$1,250,243","$5,557",8.3%,225
60234000,Aortic valve regurgitation (disorder),NO_INSURANCE,Self-Pay / Uninsured,"$1,242,624","$1,242,624","$1,425",100.0%,872
433144002,Chronic kidney disease stage 3 (disorder),Blue Cross Blue Shield,Commercial,"$1,233,453","$1,233,453",$341,59.8%,"3,612"
93761005,Primary malignant neoplasm of colon,Medicaid,Government,"$1,229,542","$1,229,542","$9,996",0.5%,123
263172003,Fracture of mandible (disorder),Blue Cross Blue Shield,Commercial,"$1,226,218","$1,226,218","$1,777",44.9%,690
36971009,Sinusitis (disorder),UnitedHealthcare,Commercial,"$1,213,232","$1,213,232",$245,34.8%,"4,961"
48333001,Burn injury (morphologic abnormality),Humana,Commercial,"$1,211,168","$1,211,168",$183,76.5%,"6,632"
55680006,Drug overdose,Anthem,Commercial,"$1,210,255","$1,210,255",$117,49.1%,"10,329"
302870006,Hypertriglyceridemia (disorder),Dual Eligible,Government,"$1,209,062","$1,209,062",$618,2.2%,"1,955"
60234000,Aortic valve regurgitation (disorder),Blue Cross Blue Shield,Commercial,"$1,195,045","$1,195,045","$1,624",41.8%,736
35999006,Blighted ovum,Medicare,Government,"$1,184,735","$1,184,735","$1,464",3.3%,809
45816000,Pyelonephritis,Humana,Commercial,"$1,161,029","$1,161,029","$2,336",56.1%,497
307731004,Injury of tendon of the rotator cuff of shoulder,Cigna Health,Commercial,"$1,157,164","$1,157,164","$1,310",40.8%,883
254637007,Non-small cell lung cancer (disorder),Anthem,Commercial,"$1,153,091","$1,153,091","$10,878",13.5%,106
87433001,Pulmonary emphysema (disorder),UnitedHealthcare,Commercial,"$1,152,223","$1,152,223","$3,815",28.7%,302
197927001,Recurrent urinary tract infection (disorder),Medicaid,Government,"$1,138,730","$1,138,730","$1,438",3.4%,792
125601008,Injury of knee (disorder),Humana,Commercial,"$1,116,785","$1,116,785",$428,78.9%,"2,608"
433144002,Chronic kidney disease stage 3 (disorder),UnitedHealthcare,Commercial,"$1,114,939","$1,114,939",$345,43.7%,"3,235"
65275009,Acute Cholecystitis,Humana,Commercial,"$1,112,061","$1,112,061",$848,49.0%,"1,311"
39898005,Sleep disorder (disorder),NO_INSURANCE,Self-Pay / Uninsured,"$1,111,478","$1,111,478",$989,100.0%,"1,124"
60234000,Aortic valve regurgitation (disorder),UnitedHealthcare,Commercial,"$1,110,067","$1,110,067","$1,464",30.7%,758
1255252008,Resorption of alveolar process due to dental trauma (disorder),Humana,Commercial,"$1,090,364","$1,090,364","$2,134",24.2%,511
65275009,Acute Cholecystitis,Cigna Health,Commercial,"$1,079,719","$1,079,719","$1,086",38.2%,994
75498004,Acute bacterial sinusitis (disorder),Blue Cross Blue Shield,Commercial,"$1,078,874","$1,078,874",$215,52.7%,"5,018"
1255252008,Resorption of alveolar process due to dental trauma (disorder),Dual Eligible,Government,"$1,078,225","$1,078,225","$1,898",1.8%,568
36971009,Sinusitis (disorder),Dual Eligible,Government,"$1,065,877","$1,065,877",$217,16.1%,"4,904"
195967001,Asthma,NO_INSURANCE,Self-Pay / Uninsured,"$1,053,888","$1,053,888",$121,99.9%,"8,674"
49436004,Atrial fibrillation (disorder),Blue Cross Blue Shield,Commercial,"$1,048,781","$1,048,781","$3,543",32.6%,296
46752004,Torus palatinus (disorder),Blue Cross Blue Shield,Commercial,"$1,038,011","$1,038,011","$2,307",24.1%,450
80394007,Hyperglycemia (disorder),Humana,Commercial,"$1,033,794","$1,033,794",$483,69.9%,"2,142"
81629009,Traumatic dislocation of temporomandibular joint (disorder),NO_INSURANCE,Self-Pay / Uninsured,"$1,032,006","$1,032,006","$1,425",100.0%,724
1255252008,Resorption of alveolar process due to dental trauma (disorder),Cigna Health,Commercial,"$1,016,567","$1,016,567","$2,054",24.9%,495
75498004,Acute bacterial sinusitis (disorder),UnitedHealthcare,Commercial,"$1,014,338","$1,014,338",$211,35.9%,"4,817"
35999006,Blighted ovum,UnitedHealthcare,Commercial,"$1,010,005","$1,010,005","$1,510",19.4%,669
233678006,Childhood asthma,Humana,Commercial,"$1,009,539","$1,009,539",$175,82.9%,"5,765"
307731004,Injury of tendon of the rotator cuff of shoulder,UnitedHealthcare,Commercial,"$1,004,362","$1,004,362","$1,526",23.9%,658
307731004,Injury of tendon of the rotator cuff of shoulder,Anthem,Commercial,"$1,001,829","$1,001,829","$1,145",23.6%,875
213150003,Kidney transplant failure and rejection (disorder),Medicare,Government,"$999,430","$999,430",$531,1.9%,"1,882"
80394007,Hyperglycemia (disorder),Cigna Health,Commercial,"$999,004","$999,004",$506,69.1%,"1,973"
302870006,Hypertriglyceridemia (disorder),Humana,Commercial,"$996,600","$996,600",$453,85.9%,"2,201"
307731004,Injury of tendon of the rotator cuff of shoulder,Aetna,Commercial,"$990,163","$990,163","$1,137",54.9%,871
35999006,Blighted ovum,Blue Cross Blue Shield,Commercial,"$981,968","$981,968","$1,527",16.2%,643
185086009,Chronic obstructive bronchitis (disorder),UnitedHealthcare,Commercial,"$978,687","$978,687","$6,234",23.2%,157
75498004,Acute bacterial sinusitis (disorder),Dual Eligible,Government,"$977,218","$977,218",$227,15.4%,"4,314"
45816000,Pyelonephritis,Anthem,Commercial,"$976,760","$976,760","$2,251",27.9%,434
48333001,Burn injury (morphologic abnormality),Aetna,Commercial,"$974,973","$974,973",$186,81.4%,"5,235"
45816000,Pyelonephritis,Aetna,Commercial,"$969,005","$969,005","$2,243",59.8%,432
60573004,Aortic valve stenosis (disorder),UnitedHealthcare,Commercial,"$962,626","$962,626","$1,722",25.3%,559
1255252008,Resorption of alveolar process due to dental trauma (disorder),Aetna,Commercial,"$960,542","$960,542","$2,026",26.2%,474
90460009,Injury of neck (disorder),Humana,Commercial,"$960,532","$960,532",$173,78.8%,"5,557"
48333001,Burn injury (morphologic abnormality),Cigna Health,Commercial,"$956,639","$956,639",$184,70.6%,"5,186"
46752004,Torus palatinus (disorder),UnitedHealthcare,Commercial,"$943,831","$943,831","$2,263",19.3%,417
65275009,Acute Cholecystitis,Anthem,Commercial,"$933,655","$933,655",$888,20.5%,"1,052"
55680006,Drug overdose,NO_INSURANCE,Self-Pay / Uninsured,"$932,007","$932,007",$119,100.0%,"7,830"
125601008,Injury of knee (disorder),Cigna Health,Commercial,"$931,467","$931,467",$414,70.9%,"2,250"
195967001,Asthma,Blue Cross Blue Shield,Commercial,"$924,175","$924,175",$125,66.9%,"7,417"
125601008,Injury of knee (disorder),Aetna,Commercial,"$917,983","$917,983",$416,80.9%,"2,208"
44054006,Diabetes mellitus type 2 (disorder),NO_INSURANCE,Self-Pay / Uninsured,"$917,569","$917,569",$517,100.0%,"1,775"
65363002,Otitis media,Dual Eligible,Government,"$917,022","$917,022",$163,20.6%,"5,611"
302870006,Hypertriglyceridemia (disorder),Aetna,Commercial,"$912,464","$912,464",$462,85.8%,"1,976"
1255252008,Resorption of alveolar process due to dental trauma (disorder),NO_INSURANCE,Self-Pay / Uninsured,"$911,817","$911,817","$2,063",100.0%,442
39898005,Sleep disorder (disorder),Blue Cross Blue Shield,Commercial,"$909,677","$909,677","$1,013",58.3%,898
81629009,Traumatic dislocation of temporomandibular joint (disorder),UnitedHealthcare,Commercial,"$909,642","$909,642","$1,397",28.2%,651
425048006,Non-small cell carcinoma of lung  TNM stage 2 (disorder),Medicare,Government,"$908,836","$908,836","$5,508",0.0%,165
1255252008,Resorption of alveolar process due to dental trauma (disorder),Anthem,Commercial,"$907,684","$907,684","$2,017",19.1%,450
24079001,Atopic dermatitis,Medicare,Government,"$903,977","$903,977",$156,22.1%,"5,777"
233678006,Childhood asthma,Blue Cross Blue Shield,Commercial,"$901,315","$901,315",$185,78.0%,"4,872"
195967001,Asthma,Dual Eligible,Government,"$901,214","$901,214",$122,28.6%,"7,383"
80394007,Hyperglycemia (disorder),Dual Eligible,Government,"$899,351","$899,351",$589,1.9%,"1,526"
44054006,Diabetes mellitus type 2 (disorder),Blue Cross Blue Shield,Commercial,"$895,674","$895,674",$545,79.3%,"1,643"
6072007,Bleeding from anus,Aetna,Commercial,"$891,654","$891,654","$6,415",52.9%,139
45816000,Pyelonephritis,NO_INSURANCE,Self-Pay / Uninsured,"$891,362","$891,362","$2,435",100.0%,366
65275009,Acute Cholecystitis,NO_INSURANCE,Self-Pay / Uninsured,"$887,494","$887,494",$914,100.0%,971
185086009,Chronic obstructive bronchitis (disorder),Blue Cross Blue Shield,Commercial,"$880,208","$880,208","$4,423",59.2%,199
80394007,Hyperglycemia (disorder),Anthem,Commercial,"$872,850","$872,850",$462,57.4%,"1,889"
233678006,Childhood asthma,Dual Eligible,Government,"$872,374","$872,374",$164,21.4%,"5,330"
48333001,Burn injury (morphologic abnormality),Anthem,Commercial,"$865,432","$865,432",$184,50.6%,"4,702"
45816000,Pyelonephritis,Cigna Health,Commercial,"$862,126","$862,126","$2,139",48.5%,403
307731004,Injury of tendon of the rotator cuff of shoulder,NO_INSURANCE,Self-Pay / Uninsured,"$862,039","$862,039","$1,165",100.0%,740
39898005,Sleep disorder (disorder),UnitedHealthcare,Commercial,"$859,501","$859,501","$1,020",35.5%,843
254637007,Non-small cell lung cancer (disorder),UnitedHealthcare,Commercial,"$856,649","$856,649","$13,385",15.0%,64
125601008,Injury of knee (disorder),Anthem,Commercial,"$838,940","$838,940",$415,51.6%,"2,022"
233678006,Childhood asthma,NO_INSURANCE,Self-Pay / Uninsured,"$835,604","$835,604",$173,99.9%,"4,825"
156073000,Complete miscarriage (disorder),Dual Eligible,Government,"$828,273","$828,273","$1,404",2.5%,590
44054006,Diabetes mellitus type 2 (disorder),UnitedHealthcare,Commercial,"$826,529","$826,529",$562,62.7%,"1,470"
233678006,Childhood asthma,Cigna Health,Commercial,"$825,270","$825,270",$178,76.6%,"4,643"
45816000,Pyelonephritis,Blue Cross Blue Shield,Commercial,"$824,489","$824,489","$2,397",48.1%,344
81629009,Traumatic dislocation of temporomandibular joint (disorder),Blue Cross Blue Shield,Commercial,"$823,324","$823,324","$1,393",51.7%,591
307731004,Injury of tendon of the rotator cuff of shoulder,Dual Eligible,Government,"$822,102","$822,102","$1,227",2.8%,670
302870006,Hypertriglyceridemia (disorder),Cigna Health,Commercial,"$816,609","$816,609",$440,82.8%,"1,857"
233678006,Childhood asthma,Aetna,Commercial,"$814,707","$814,707",$182,84.5%,"4,488"
48333001,Burn injury (morphologic abnormality),NO_INSURANCE,Self-Pay / Uninsured,"$814,156","$814,156",$186,100.0%,"4,382"
267253006,Fetus with chromosomal abnormality,Humana,Commercial,"$809,581","$809,581","$1,516",13.3%,534
110030002,Concussion injury of brain (disorder),Medicare,Government,"$807,773","$807,773",$122,27.5%,"6,646"
195967001,Asthma,UnitedHealthcare,Commercial,"$806,028","$806,028",$123,49.9%,"6,542"
6072007,Bleeding from anus,Anthem,Commercial,"$804,945","$804,945","$5,590",21.5%,144
302870006,Hypertriglyceridemia (disorder),Anthem,Commercial,"$793,917","$793,917",$436,70.9%,"1,823"
90460009,Injury of neck (disorder),Cigna Health,Commercial,"$791,911","$791,911",$171,72.0%,"4,626"
254637007,Non-small cell lung cancer (disorder),Blue Cross Blue Shield,Commercial,"$787,965","$787,965","$12,123",6.3%,65
263172003,Fracture of mandible (disorder),Dual Eligible,Government,"$784,107","$784,107","$2,142",1.6%,366
90460009,Injury of neck (disorder),Anthem,Commercial,"$783,683","$783,683",$172,54.9%,"4,545"
45816000,Pyelonephritis,UnitedHealthcare,Commercial,"$780,753","$780,753","$2,620",22.8%,298
233678006,Childhood asthma,UnitedHealthcare,Commercial,"$778,006","$778,006",$181,64.2%,"4,299"
37849005,Congenital uterine anomaly,Medicaid,Government,"$770,837","$770,837","$1,374",4.1%,561
307731004,Injury of tendon of the rotator cuff of shoulder,Blue Cross Blue Shield,Commercial,"$768,049","$768,049","$1,217",36.0%,631
125601008,Injury of knee (disorder),NO_INSURANCE,Self-Pay / Uninsured,"$760,192","$760,192",$411,100.0%,"1,849"
60573004,Aortic valve stenosis (disorder),Blue Cross Blue Shield,Commercial,"$755,835","$755,835","$1,465",46.0%,516
233678006,Childhood asthma,Anthem,Commercial,"$753,246","$753,246",$178,63.4%,"4,243"
6072007,Bleeding from anus,Cigna Health,Commercial,"$751,799","$751,799","$5,257",38.6%,143
90460009,Injury of neck (disorder),Aetna,Commercial,"$747,054","$747,054",$170,80.8%,"4,400"
6072007,Bleeding from anus,Humana,Commercial,"$743,040","$743,040","$5,716",48.2%,130
95417003,Primary fibromyalgia syndrome,Medicare,Government,"$739,078","$739,078",$110,19.4%,"6,733"
230265002,Familial Alzheimer's disease of early onset (disorder),Medicaid,Government,"$737,724","$737,724",$568,7.2%,"1,299"
80394007,Hyperglycemia (disorder),Aetna,Commercial,"$735,585","$735,585",$397,80.9%,"1,855"
48333001,Burn injury (morphologic abnormality),Blue Cross Blue Shield,Commercial,"$713,099","$713,099",$188,70.2%,"3,797"
422034002,Retinopathy due to type 2 diabetes mellitus (disorder),Dual Eligible,Government,"$696,052","$696,052",$511,1.9%,"1,362"
4557003,Preinfarction syndrome (disorder),Cigna Health,Commercial,"$683,406","$683,406","$2,348",12.1%,291
4557003,Preinfarction syndrome (disorder),NO_INSURANCE,Self-Pay / Uninsured,"$678,957","$678,957","$3,429",100.0%,198
368581000119106,Neuropathy due to type 2 diabetes mellitus (disorder),Humana,Commercial,"$676,526","$676,526",$652,59.6%,"1,037"
65275009,Acute Cholecystitis,Aetna,Commercial,"$668,971","$668,971",$855,49.8%,782
62106007,Concussion with no loss of consciousness,Medicaid,Government,"$664,859","$664,859",$72,77.2%,"9,201"
126906006,Neoplasm of prostate,Aetna,Commercial,"$659,697","$659,697","$1,783",38.1%,370
125601008,Injury of knee (disorder),Blue Cross Blue Shield,Commercial,"$654,151","$654,151",$421,71.5%,"1,554"
254632001,Small cell carcinoma of lung (disorder),Dual Eligible,Government,"$651,532","$651,532","$7,239",0.1%,90
110030002,Concussion injury of brain (disorder),Humana,Commercial,"$647,978","$647,978",$128,79.9%,"5,057"
126906006,Neoplasm of prostate,Cigna Health,Commercial,"$645,580","$645,580","$1,750",24.7%,369
90460009,Injury of neck (disorder),NO_INSURANCE,Self-Pay / Uninsured,"$644,391","$644,391",$171,100.0%,"3,768"
93761005,Primary malignant neoplasm of colon,Humana,Commercial,"$640,005","$640,005","$15,238",9.0%,42
422034002,Retinopathy due to type 2 diabetes mellitus (disorder),Medicaid,Government,"$634,264","$634,264",$346,9.0%,"1,831"
302870006,Hypertriglyceridemia (disorder),NO_INSURANCE,Self-Pay / Uninsured,"$632,860","$632,860",$462,100.0%,"1,371"
48333001,Burn injury (morphologic abnormality),UnitedHealthcare,Commercial,"$631,217","$631,217",$183,50.2%,"3,443"
93761005,Primary malignant neoplasm of colon,Cigna Health,Commercial,"$627,600","$627,600","$18,459",14.1%,34
79586000,Tubal pregnancy,Dual Eligible,Government,"$622,573","$622,573","$3,144",1.1%,198
267253006,Fetus with chromosomal abnormality,NO_INSURANCE,Self-Pay / Uninsured,"$613,185","$613,185","$1,488",100.0%,412
126906006,Neoplasm of prostate,NO_INSURANCE,Self-Pay / Uninsured,"$610,337","$610,337","$1,800",100.0%,339
125601008,Injury of knee (disorder),UnitedHealthcare,Commercial,"$610,175","$610,175",$426,53.8%,"1,433"
80394007,Hyperglycemia (disorder),Blue Cross Blue Shield,Commercial,"$603,791","$603,791",$471,69.7%,"1,282"
4557003,Preinfarction syndrome (disorder),Humana,Commercial,"$602,580","$602,580","$2,575",8.4%,234
48333001,Burn injury (morphologic abnormality),Dual Eligible,Government,"$595,444","$595,444",$171,19.1%,"3,472"
97331000119101,Macular edema and retinopathy due to type 2 diabetes mellitus (disorder),Medicare,Government,"$590,321","$590,321",$469,9.7%,"1,260"
1255252008,Resorption of alveolar process due to dental trauma (disorder),Blue Cross Blue Shield,Commercial,"$580,246","$580,246","$2,118",24.7%,274
4557003,Preinfarction syndrome (disorder),Aetna,Commercial,"$579,676","$579,676","$2,204",4.6%,263
5602001,Opioid abuse (disorder),Medicaid,Government,"$573,440","$573,440",$427,3.2%,"1,343"
80394007,Hyperglycemia (disorder),UnitedHealthcare,Commercial,"$571,783","$571,783",$501,53.8%,"1,142"
90460009,Injury of neck (disorder),Blue Cross Blue Shield,Commercial,"$568,437","$568,437",$172,72.0%,"3,303"
254632001,Small cell carcinoma of lung (disorder),Medicaid,Government,"$566,869","$566,869","$10,498",0.2%,54
1255252008,Resorption of alveolar process due to dental trauma (disorder),UnitedHealthcare,Commercial,"$560,571","$560,571","$2,131",18.1%,263
45816000,Pyelonephritis,Dual Eligible,Government,"$559,025","$559,025","$2,310",1.4%,242
81629009,Traumatic dislocation of temporomandibular joint (disorder),Dual Eligible,Government,"$549,764","$549,764","$1,294",2.7%,425
65275009,Acute Cholecystitis,Blue Cross Blue Shield,Commercial,"$546,080","$546,080",$875,39.7%,624
267253006,Fetus with chromosomal abnormality,Anthem,Commercial,"$545,506","$545,506","$1,462",6.4%,373
126906006,Neoplasm of prostate,Anthem,Commercial,"$541,687","$541,687","$1,842",18.5%,294
368581000119106,Neuropathy due to type 2 diabetes mellitus (disorder),Aetna,Commercial,"$541,671","$541,671",$703,58.5%,770
125601008,Injury of knee (disorder),Dual Eligible,Government,"$537,324","$537,324",$388,9.0%,"1,384"
90460009,Injury of neck (disorder),UnitedHealthcare,Commercial,"$534,376","$534,376",$170,54.5%,"3,152"
126906006,Neoplasm of prostate,Humana,Commercial,"$528,318","$528,318","$1,651",29.5%,320
302870006,Hypertriglyceridemia (disorder),Blue Cross Blue Shield,Commercial,"$525,037","$525,037",$473,82.9%,"1,109"
197927001,Recurrent urinary tract infection (disorder),Medicare,Government,"$523,734","$523,734","$1,333",5.9%,393
1501000119109,Proliferative diabetic retinopathy due to type II diabetes mellitus (disorder),Medicare,Government,"$521,529","$521,529",$492,11.8%,"1,060"
368581000119106,Neuropathy due to type 2 diabetes mellitus (disorder),Anthem,Commercial,"$511,242","$511,242",$600,50.4%,852
80394007,Hyperglycemia (disorder),NO_INSURANCE,Self-Pay / Uninsured,"$508,852","$508,852",$382,100.0%,"1,332"
93761005,Primary malignant neoplasm of colon,Aetna,Commercial,"$505,284","$505,284","$14,861",15.5%,34
110030002,Concussion injury of brain (disorder),Aetna,Commercial,"$491,503","$491,503",$118,83.2%,"4,150"
110030002,Concussion injury of brain (disorder),Cigna Health,Commercial,"$490,521","$490,521",$118,72.8%,"4,140"
90460009,Injury of neck (disorder),Dual Eligible,Government,"$490,503","$490,503",$159,21.9%,"3,077"
609496007,Complication occuring during pregnancy,Medicaid,Government,"$480,356","$480,356","$1,392",4.0%,345
65966004,Fracture of forearm,Medicare,Government,"$477,877","$477,877",$73,15.6%,"6,590"
302870006,Hypertriglyceridemia (disorder),UnitedHealthcare,Commercial,"$476,512","$476,512",$411,70.1%,"1,159"
1551000119108,Nonproliferative diabetic retinopathy due to type 2 diabetes mellitus (disorder),Dual Eligible,Government,"$476,330","$476,330",$524,2.0%,909
267253006,Fetus with chromosomal abnormality,Cigna Health,Commercial,"$476,327","$476,327","$1,484",7.5%,321
62479008,Acquired immune deficiency syndrome (disorder),Medicare,Government,"$468,328","$468,328","$1,588",7.5%,295
275408006,Postoperative renal failure (disorder),Medicare,Government,"$464,865","$464,865","$42,260",2.7%,11
267253006,Fetus with chromosomal abnormality,Aetna,Commercial,"$462,721","$462,721","$1,415",9.1%,327
197927001,Recurrent urinary tract infection (disorder),Humana,Commercial,"$462,118","$462,118","$1,449",45.0%,319
4557003,Preinfarction syndrome (disorder),Anthem,Commercial,"$461,272","$461,272","$2,390",19.2%,193
6072007,Bleeding from anus,Blue Cross Blue Shield,Commercial,"$457,124","$457,124","$5,508",33.5%,83
93761005,Primary malignant neoplasm of colon,Anthem,Commercial,"$456,664","$456,664","$14,271",7.8%,32
6072007,Bleeding from anus,NO_INSURANCE,Self-Pay / Uninsured,"$455,194","$455,194","$5,419",100.0%,84
110030002,Concussion injury of brain (disorder),Anthem,Commercial,"$454,682","$454,682",$119,57.9%,"3,825"
90560007,Gout,Medicare,Government,"$453,769","$453,769",$253,12.6%,"1,797"
239873007,Osteoarthritis of knee,Medicaid,Government,"$452,918","$452,918",$211,33.6%,"2,142"
65275009,Acute Cholecystitis,UnitedHealthcare,Commercial,"$435,025","$435,025",$780,21.2%,558
6072007,Bleeding from anus,UnitedHealthcare,Commercial,"$427,596","$427,596","$6,109",20.9%,70
267253006,Fetus with chromosomal abnormality,Blue Cross Blue Shield,Commercial,"$425,162","$425,162","$1,481",10.5%,287
197927001,Recurrent urinary tract infection (disorder),Anthem,Commercial,"$424,421","$424,421","$1,560",27.4%,272
67787004,Tongue tie (disorder),Medicare,Government,"$420,417","$420,417","$2,071",3.4%,203
110030002,Concussion injury of brain (disorder),NO_INSURANCE,Self-Pay / Uninsured,"$419,569","$419,569",$121,100.0%,"3,455"
368581000119106,Neuropathy due to type 2 diabetes mellitus (disorder),Cigna Health,Commercial,"$417,342","$417,342",$495,73.5%,843
197927001,Recurrent urinary tract infection (disorder),Cigna Health,Commercial,"$413,562","$413,562","$1,628",44.3%,254
267253006,Fetus with chromosomal abnormality,UnitedHealthcare,Commercial,"$410,989","$410,989","$1,422",7.6%,289
312157006,Infectious mediastinitis (disorder),Medicare,Government,"$401,462","$401,462",$914,2.4%,439
368581000119106,Neuropathy due to type 2 diabetes mellitus (disorder),NO_INSURANCE,Self-Pay / Uninsured,"$400,505","$400,505",$616,100.0%,650
26929004,Alzheimer's disease (disorder),NO_INSURANCE,Self-Pay / Uninsured,"$393,980","$393,980",$605,100.0%,651
714628002,Prediabetes (finding),Dual Eligible,Government,"$392,350","$392,350",$846,1.8%,464
197927001,Recurrent urinary tract infection (disorder),Aetna,Commercial,"$390,794","$390,794","$1,826",47.1%,214
110030002,Concussion injury of brain (disorder),Blue Cross Blue Shield,Commercial,"$386,239","$386,239",$127,71.5%,"3,046"
93761005,Primary malignant neoplasm of colon,UnitedHealthcare,Commercial,"$380,525","$380,525","$21,140",6.3%,18
267253006,Fetus with chromosomal abnormality,Medicare,Government,"$379,555","$379,555","$1,488",0.8%,255
110030002,Concussion injury of brain (disorder),UnitedHealthcare,Commercial,"$378,001","$378,001",$127,57.5%,"2,976"
128188000,Cerebral palsy (disorder),Medicaid,Government,"$377,070","$377,070",$547,12.4%,689
368581000119106,Neuropathy due to type 2 diabetes mellitus (disorder),Blue Cross Blue Shield,Commercial,"$375,672","$375,672",$707,59.0%,531
129574000,Postoperative myocardial infarction (disorder),Medicare,Government,"$366,306","$366,306","$61,051",0.0%,6
47505003,Posttraumatic stress disorder,Medicare,Government,"$358,940","$358,940",$77,11.3%,"4,653"
124171000119105,Chronic intractable migraine without aura,Aetna,Commercial,"$354,510","$354,510",$63,59.9%,"5,605"
4557003,Preinfarction syndrome (disorder),UnitedHealthcare,Commercial,"$351,027","$351,027","$3,944",18.1%,89
35999006,Blighted ovum,Dual Eligible,Government,"$348,522","$348,522","$1,296",2.7%,269
124171000119105,Chronic intractable migraine without aura,Cigna Health,Commercial,"$346,519","$346,519",$63,55.4%,"5,512"
62106007,Concussion with no loss of consciousness,Medicare,Government,"$344,741","$344,741",$73,25.8%,"4,738"
124171000119105,Chronic intractable migraine without aura,Anthem,Commercial,"$336,253","$336,253",$62,47.4%,"5,396"
1551000119108,Nonproliferative diabetic retinopathy due to type 2 diabetes mellitus (disorder),Medicaid,Government,"$328,802","$328,802",$335,8.8%,982
58150001,Fracture of clavicle,Medicare,Government,"$324,725","$324,725",$71,15.4%,"4,551"
37849005,Congenital uterine anomaly,Humana,Commercial,"$323,947","$323,947","$1,415",11.8%,229
239873007,Osteoarthritis of knee,Medicare,Government,"$322,559","$322,559",$241,21.7%,"1,339"
6072007,Bleeding from anus,Dual Eligible,Government,"$316,018","$316,018","$4,389",0.8%,72
197927001,Recurrent urinary tract infection (disorder),UnitedHealthcare,Commercial,"$315,113","$315,113","$1,790",22.5%,176
65966004,Fracture of forearm,Medicaid,Government,"$314,995","$314,995",$71,74.6%,"4,406"
254632001,Small cell carcinoma of lung (disorder),NO_INSURANCE,Self-Pay / Uninsured,"$310,549","$310,549","$9,411",100.0%,33
422034002,Retinopathy due to type 2 diabetes mellitus (disorder),Cigna Health,Commercial,"$308,006","$308,006",$404,77.5%,762
16114001,Fracture of ankle,Medicare,Government,"$307,536","$307,536",$74,15.8%,"4,157"
24079001,Atopic dermatitis,Dual Eligible,Government,"$306,965","$306,965",$152,22.2%,"2,018"
67787004,Tongue tie (disorder),Medicaid,Government,"$300,862","$300,862","$1,892",2.7%,159
58150001,Fracture of clavicle,Medicaid,Government,"$299,153","$299,153",$71,74.3%,"4,188"
126906006,Neoplasm of prostate,Blue Cross Blue Shield,Commercial,"$296,529","$296,529","$1,865",21.4%,159
422034002,Retinopathy due to type 2 diabetes mellitus (disorder),Humana,Commercial,"$295,825","$295,825",$430,84.6%,688
263102004,Fracture subluxation of wrist,Medicare,Government,"$295,766","$295,766",$72,15.8%,"4,093"
197927001,Recurrent urinary tract infection (disorder),NO_INSURANCE,Self-Pay / Uninsured,"$293,377","$293,377","$1,586",100.0%,185
422034002,Retinopathy due to type 2 diabetes mellitus (disorder),Aetna,Commercial,"$292,939","$292,939",$431,82.5%,680
254632001,Small cell carcinoma of lung (disorder),Humana,Commercial,"$286,866","$286,866","$13,039",9.9%,22
213150003,Kidney transplant failure and rejection (disorder),Medicaid,Government,"$276,828","$276,828",$504,9.6%,549
126906006,Neoplasm of prostate,UnitedHealthcare,Commercial,"$275,092","$275,092","$1,618",16.4%,170
213150003,Kidney transplant failure and rejection (disorder),Dual Eligible,Government,"$272,435","$272,435",$487,7.2%,559
16114001,Fracture of ankle,Medicaid,Government,"$272,265","$272,265",$72,74.0%,"3,800"
124171000119105,Chronic intractable migraine without aura,Medicare,Government,"$272,044","$272,044",$64,22.1%,"4,280"
263102004,Fracture subluxation of wrist,Medicaid,Government,"$271,246","$271,246",$72,73.6%,"3,753"
124171000119105,Chronic intractable migraine without aura,NO_INSURANCE,Self-Pay / Uninsured,"$271,054","$271,054",$64,100.0%,"4,220"
110030002,Concussion injury of brain (disorder),Dual Eligible,Government,"$269,705","$269,705",$122,28.5%,"2,217"
446096008,Perennial allergic rhinitis,Medicaid,Government,"$261,119","$261,119",$149,45.6%,"1,758"
62106007,Concussion with no loss of consciousness,Humana,Commercial,"$260,845","$260,845",$73,79.4%,"3,596"
232353008,Perennial allergic rhinitis with seasonal variation,Medicaid,Government,"$260,784","$260,784",$148,45.7%,"1,767"
37849005,Congenital uterine anomaly,NO_INSURANCE,Self-Pay / Uninsured,"$255,670","$255,670","$1,486",100.0%,172
408512008,Body mass index 40+ - severely obese (finding),Medicaid,Government,"$254,967","$254,967",$959,6.3%,266
55680006,Drug overdose,Humana,Commercial,"$252,314","$252,314",$128,69.7%,"1,967"
197927001,Recurrent urinary tract infection (disorder),Blue Cross Blue Shield,Commercial,"$250,751","$250,751","$1,313",43.7%,191
62479008,Acquired immune deficiency syndrome (disorder),Medicaid,Government,"$249,480","$249,480","$1,697",1.1%,147
90560007,Gout,Medicaid,Government,"$248,261","$248,261",$221,27.8%,"1,122"
93761005,Primary malignant neoplasm of colon,NO_INSURANCE,Self-Pay / Uninsured,"$245,961","$245,961","$6,473",100.0%,38
129721000119106,Acute renal failure on dialysis (disorder),Medicare,Government,"$242,660","$242,660","$60,665",15.4%,4
283545005,Gunshot wound (disorder),Medicaid,Government,"$241,812","$241,812",$288,20.4%,839
48724000,Mitral valve regurgitation (disorder),Medicare,Government,"$241,698","$241,698",$518,13.3%,467
403190006,Epidermal burn of skin (disorder),Medicaid,Government,"$240,445","$240,445",$72,72.3%,"3,335"
5602001,Opioid abuse (disorder),Humana,Commercial,"$234,273","$234,273",$444,59.4%,528
368581000119106,Neuropathy due to type 2 diabetes mellitus (disorder),UnitedHealthcare,Commercial,"$229,381","$229,381",$521,59.4%,440
609496007,Complication occuring during pregnancy,Humana,Commercial,"$228,671","$228,671","$1,475",14.2%,155
37849005,Congenital uterine anomaly,Aetna,Commercial,"$227,502","$227,502","$1,548",5.1%,147
239873007,Osteoarthritis of knee,Humana,Commercial,"$223,683","$223,683",$233,72.5%,958
93761005,Primary malignant neoplasm of colon,Blue Cross Blue Shield,Commercial,"$223,648","$223,648","$11,182",3.5%,20
239873007,Osteoarthritis of knee,Cigna Health,Commercial,"$223,131","$223,131",$238,65.6%,937
239873007,Osteoarthritis of knee,Anthem,Commercial,"$222,556","$222,556",$245,51.6%,908
95417003,Primary fibromyalgia syndrome,Dual Eligible,Government,"$221,342","$221,342",$105,28.4%,"2,109"
4557003,Preinfarction syndrome (disorder),Blue Cross Blue Shield,Commercial,"$219,324","$219,324","$2,410",20.4%,91
124171000119105,Chronic intractable migraine without aura,Dual Eligible,Government,"$214,255","$214,255",$65,32.3%,"3,304"
62106007,Concussion with no loss of consciousness,Cigna Health,Commercial,"$212,143","$212,143",$71,71.9%,"2,994"
37849005,Congenital uterine anomaly,Anthem,Commercial,"$211,515","$211,515","$1,420",5.6%,149
37849005,Congenital uterine anomaly,Cigna Health,Commercial,"$210,607","$210,607","$1,433",11.3%,147
37849005,Congenital uterine anomaly,Blue Cross Blue Shield,Commercial,"$210,496","$210,496","$1,548",12.5%,136
62106007,Concussion with no loss of consciousness,Aetna,Commercial,"$210,162","$210,162",$71,82.7%,"2,960"
422034002,Retinopathy due to type 2 diabetes mellitus (disorder),NO_INSURANCE,Self-Pay / Uninsured,"$208,644","$208,644",$351,100.0%,594
239873007,Osteoarthritis of knee,Aetna,Commercial,"$208,252","$208,252",$236,75.8%,883
230265002,Familial Alzheimer's disease of early onset (disorder),NO_INSURANCE,Self-Pay / Uninsured,"$206,119","$206,119",$447,100.0%,461
254632001,Small cell carcinoma of lung (disorder),Anthem,Commercial,"$206,110","$206,110","$10,306",10.2%,20
422034002,Retinopathy due to type 2 diabetes mellitus (disorder),Anthem,Commercial,"$200,082","$200,082",$362,69.8%,552
254632001,Small cell carcinoma of lung (disorder),Cigna Health,Commercial,"$198,105","$198,105","$9,005",14.3%,22
201834006,Localized  primary osteoarthritis of the hand,Medicaid,Government,"$194,728","$194,728",$209,33.5%,931
62106007,Concussion with no loss of consciousness,Anthem,Commercial,"$194,135","$194,135",$71,58.2%,"2,746"
11625007,Torus mandibularis (disorder),Medicare,Government,"$193,688","$193,688","$2,018",2.5%,96
62479008,Acquired immune deficiency syndrome (disorder),Dual Eligible,Government,"$192,928","$192,928","$1,770",0.1%,109
213150003,Kidney transplant failure and rejection (disorder),NO_INSURANCE,Self-Pay / Uninsured,"$188,950","$188,950",$516,100.0%,366
254632001,Small cell carcinoma of lung (disorder),Blue Cross Blue Shield,Commercial,"$187,625","$187,625","$8,528",12.1%,22
97331000119101,Macular edema and retinopathy due to type 2 diabetes mellitus (disorder),Dual Eligible,Government,"$187,188","$187,188",$419,2.5%,447
190905008,Cystic Fibrosis,Medicaid,Government,"$183,212","$183,212","$2,130",2.5%,86
213150003,Kidney transplant failure and rejection (disorder),Humana,Commercial,"$182,930","$182,930",$540,9.5%,339
283545005,Gunshot wound (disorder),Medicare,Government,"$180,508","$180,508",$295,11.9%,612
5602001,Opioid abuse (disorder),Medicare,Government,"$179,566","$179,566",$513,8.9%,350
62106007,Concussion with no loss of consciousness,NO_INSURANCE,Self-Pay / Uninsured,"$178,341","$178,341",$72,100.0%,"2,487"
449868002,Smokes tobacco daily,Medicare,Government,"$177,061","$177,061",$681,7.5%,260
37849005,Congenital uterine anomaly,UnitedHealthcare,Commercial,"$175,362","$175,362","$1,594",5.3%,110
230265002,Familial Alzheimer's disease of early onset (disorder),Anthem,Commercial,"$174,382","$174,382",$384,56.8%,454
422034002,Retinopathy due to type 2 diabetes mellitus (disorder),UnitedHealthcare,Commercial,"$172,142","$172,142",$462,64.3%,373
62564004,Concussion with loss of consciousness,Medicaid,Government,"$170,938","$170,938",$72,77.2%,"2,369"
359817006,Closed fracture of hip,Medicare,Government,"$169,091","$169,091",$74,16.4%,"2,286"
5602001,Opioid abuse (disorder),Aetna,Commercial,"$164,600","$164,600",$437,61.7%,377
403190006,Epidermal burn of skin (disorder),Medicare,Government,"$163,999","$163,999",$72,11.2%,"2,282"
239872002,Osteoarthritis of hip,Medicaid,Government,"$163,408","$163,408",$210,33.7%,778
403191005,Second degree burn,Medicaid,Government,"$162,449","$162,449",$72,72.3%,"2,261"
65966004,Fracture of forearm,Dual Eligible,Government,"$161,411","$161,411",$73,48.0%,"2,222"
267253006,Fetus with chromosomal abnormality,Dual Eligible,Government,"$160,630","$160,630","$1,560",2.2%,103
5602001,Opioid abuse (disorder),Cigna Health,Commercial,"$160,115","$160,115",$451,50.4%,355
62106007,Concussion with no loss of consciousness,Blue Cross Blue Shield,Commercial,"$156,913","$156,913",$73,73.1%,"2,158"
62106007,Concussion with no loss of consciousness,UnitedHealthcare,Commercial,"$156,098","$156,098",$73,56.8%,"2,152"
609496007,Complication occuring during pregnancy,NO_INSURANCE,Self-Pay / Uninsured,"$155,702","$155,702","$1,512",100.0%,103
230265002,Familial Alzheimer's disease of early onset (disorder),Aetna,Commercial,"$155,045","$155,045",$323,71.4%,480
254632001,Small cell carcinoma of lung (disorder),Aetna,Commercial,"$155,016","$155,016","$9,119",2.0%,17
1551000119108,Nonproliferative diabetic retinopathy due to type 2 diabetes mellitus (disorder),Cigna Health,Commercial,"$154,492","$154,492",$415,68.4%,372
230265002,Familial Alzheimer's disease of early onset (disorder),Cigna Health,Commercial,"$153,526","$153,526",$343,70.8%,448
7200002,Alcoholism,Medicare,Government,"$152,954","$152,954",$475,10.6%,322
239873007,Osteoarthritis of knee,NO_INSURANCE,Self-Pay / Uninsured,"$152,045","$152,045",$238,100.0%,640
33737001,Fracture of rib,Medicare,Government,"$148,854","$148,854",$72,14.6%,"2,061"
230265002,Familial Alzheimer's disease of early onset (disorder),Humana,Commercial,"$146,743","$146,743",$322,72.0%,456
1551000119108,Nonproliferative diabetic retinopathy due to type 2 diabetes mellitus (disorder),Aetna,Commercial,"$145,002","$145,002",$351,89.6%,413
91861009,Acute myeloid leukemia  disease (disorder),Humana,Commercial,"$144,828","$144,828","$3,532",50.1%,41
408512008,Body mass index 40+ - severely obese (finding),Humana,Commercial,"$144,769","$144,769",$888,84.4%,163
90560007,Gout,Dual Eligible,Government,"$144,124","$144,124",$231,15.1%,623
239873007,Osteoarthritis of knee,Blue Cross Blue Shield,Commercial,"$142,052","$142,052",$240,62.0%,592
11625007,Torus mandibularis (disorder),Medicaid,Government,"$141,822","$141,822","$1,866",2.6%,76
128188000,Cerebral palsy (disorder),NO_INSURANCE,Self-Pay / Uninsured,"$140,849","$140,849",$561,100.0%,251
278365007,Anticoagulant-induced bleeding (disorder),Medicare,Government,"$137,402","$137,402","$11,450",0.0%,12
609496007,Complication occuring during pregnancy,Cigna Health,Commercial,"$136,677","$136,677","$1,647",5.6%,83
367498001,Seasonal allergic rhinitis,Medicaid,Government,"$136,660","$136,660",$157,42.5%,869
37849005,Congenital uterine anomaly,Medicare,Government,"$136,350","$136,350","$1,377",1.5%,99
5602001,Opioid abuse (disorder),NO_INSURANCE,Self-Pay / Uninsured,"$136,293","$136,293",$467,100.0%,292
1551000119108,Nonproliferative diabetic retinopathy due to type 2 diabetes mellitus (disorder),Humana,Commercial,"$135,500","$135,500",$354,91.3%,383
33737001,Fracture of rib,Medicaid,Government,"$133,958","$133,958",$71,74.6%,"1,875"
449868002,Smokes tobacco daily,Medicaid,Government,"$131,970","$131,970",$574,7.7%,230
5602001,Opioid abuse (disorder),Anthem,Commercial,"$131,607","$131,607",$429,28.1%,307
1551000119108,Nonproliferative diabetic retinopathy due to type 2 diabetes mellitus (disorder),Anthem,Commercial,"$131,075","$131,075",$383,69.3%,342
201834006,Localized  primary osteoarthritis of the hand,Medicare,Government,"$130,878","$130,878",$233,20.7%,562
422034002,Retinopathy due to type 2 diabetes mellitus (disorder),Blue Cross Blue Shield,Commercial,"$130,356","$130,356",$323,88.4%,404
312157006,Infectious mediastinitis (disorder),Medicaid,Government,"$130,077","$130,077",$879,5.7%,148
213150003,Kidney transplant failure and rejection (disorder),Cigna Health,Commercial,"$129,798","$129,798",$525,5.7%,247
609496007,Complication occuring during pregnancy,Aetna,Commercial,"$129,302","$129,302","$1,679",6.0%,77
5602001,Opioid abuse (disorder),UnitedHealthcare,Commercial,"$127,486","$127,486",$470,28.2%,271
1501000119109,Proliferative diabetic retinopathy due to type II diabetes mellitus (disorder),Dual Eligible,Government,"$125,447","$125,447",$345,2.8%,364
312157006,Infectious mediastinitis (disorder),Dual Eligible,Government,"$124,960","$124,960",$874,4.0%,143
55680006,Drug overdose,Blue Cross Blue Shield,Commercial,"$124,676","$124,676",$129,63.9%,966
67787004,Tongue tie (disorder),Humana,Commercial,"$124,178","$124,178","$2,070",23.7%,60
67787004,Tongue tie (disorder),Dual Eligible,Government,"$123,900","$123,900","$1,877",1.9%,66
90560007,Gout,Humana,Commercial,"$123,226","$123,226",$261,77.7%,472
239873007,Osteoarthritis of knee,UnitedHealthcare,Commercial,"$122,670","$122,670",$234,46.3%,524
278365007,Anticoagulant-induced bleeding (disorder),Dual Eligible,Government,"$121,721","$121,721","$60,861",0.0%,2
90560007,Gout,Aetna,Commercial,"$121,407","$121,407",$268,75.3%,453
609496007,Complication occuring during pregnancy,Anthem,Commercial,"$120,971","$120,971","$1,260",2.4%,96
48724000,Mitral valve regurgitation (disorder),Medicaid,Government,"$120,335","$120,335",$716,3.0%,168
213150003,Kidney transplant failure and rejection (disorder),Aetna,Commercial,"$120,256","$120,256",$530,7.4%,227
90560007,Gout,Cigna Health,Commercial,"$118,260","$118,260",$271,68.9%,437
239872002,Osteoarthritis of hip,Medicare,Government,"$116,790","$116,790",$237,18.3%,492
5602001,Opioid abuse (disorder),Blue Cross Blue Shield,Commercial,"$116,170","$116,170",$478,44.0%,243
58150001,Fracture of clavicle,Dual Eligible,Government,"$115,047","$115,047",$72,48.2%,"1,590"
609496007,Complication occuring during pregnancy,Blue Cross Blue Shield,Commercial,"$113,805","$113,805","$1,778",11.3%,64
403191005,Second degree burn,Medicare,Government,"$113,392","$113,392",$76,11.1%,"1,491"
62106007,Concussion with no loss of consciousness,Dual Eligible,Government,"$111,695","$111,695",$72,48.2%,"1,543"
47505003,Posttraumatic stress disorder,Dual Eligible,Government,"$108,710","$108,710",$78,42.1%,"1,399"
16114001,Fracture of ankle,Dual Eligible,Government,"$107,948","$107,948",$73,47.7%,"1,473"
1551000119108,Nonproliferative diabetic retinopathy due to type 2 diabetes mellitus (disorder),NO_INSURANCE,Self-Pay / Uninsured,"$107,862","$107,862",$324,100.0%,333
609496007,Complication occuring during pregnancy,UnitedHealthcare,Commercial,"$107,493","$107,493","$1,536",10.1%,70
197927001,Recurrent urinary tract infection (disorder),Dual Eligible,Government,"$106,957","$106,957",$899,2.8%,119
67787004,Tongue tie (disorder),Cigna Health,Commercial,"$106,815","$106,815","$2,015",23.9%,53
283545005,Gunshot wound (disorder),Humana,Commercial,"$106,404","$106,404",$301,83.4%,353
90560007,Gout,Anthem,Commercial,"$105,922","$105,922",$275,51.6%,385
40275004,Contact dermatitis,Medicaid,Government,"$105,866","$105,866",$171,39.9%,618
213150003,Kidney transplant failure and rejection (disorder),Anthem,Commercial,"$104,532","$104,532",$528,7.6%,198
55680006,Drug overdose,UnitedHealthcare,Commercial,"$104,268","$104,268",$127,46.3%,824
263102004,Fracture subluxation of wrist,Dual Eligible,Government,"$103,667","$103,667",$74,46.9%,"1,397"
65966004,Fracture of forearm,Humana,Commercial,"$103,494","$103,494",$72,72.2%,"1,447"
230265002,Familial Alzheimer's disease of early onset (disorder),UnitedHealthcare,Commercial,"$103,378","$103,378",$398,54.7%,260
67787004,Tongue tie (disorder),Anthem,Commercial,"$102,343","$102,343","$1,968",20.4%,52
67787004,Tongue tie (disorder),NO_INSURANCE,Self-Pay / Uninsured,"$101,627","$101,627","$2,033",100.0%,50
233604007,Pneumonia (disorder),Medicaid,Government,"$100,853","$100,853","$1,019",4.3%,99
97331000119101,Macular edema and retinopathy due to type 2 diabetes mellitus (disorder),Medicaid,Government,"$99,302","$99,302",$376,8.3%,264
67787004,Tongue tie (disorder),Aetna,Commercial,"$99,016","$99,016","$2,021",24.9%,49
609496007,Complication occuring during pregnancy,Medicare,Government,"$99,016","$99,016","$1,500",0.5%,66
91861009,Acute myeloid leukemia  disease (disorder),Medicaid,Government,"$98,575","$98,575",$770,2.7%,128
58150001,Fracture of clavicle,Humana,Commercial,"$98,396","$98,396",$72,72.1%,"1,358"
283545005,Gunshot wound (disorder),Cigna Health,Commercial,"$97,629","$97,629",$285,69.7%,343
90560007,Gout,NO_INSURANCE,Self-Pay / Uninsured,"$97,173","$97,173",$258,100.0%,376
403190006,Epidermal burn of skin (disorder),Humana,Commercial,"$96,327","$96,327",$72,28.1%,"1,340"
230265002,Familial Alzheimer's disease of early onset (disorder),Blue Cross Blue Shield,Commercial,"$96,062","$96,062",$374,68.0%,257
283545005,Gunshot wound (disorder),Aetna,Commercial,"$95,914","$95,914",$296,85.2%,324
425048006,Non-small cell carcinoma of lung  TNM stage 2 (disorder),UnitedHealthcare,Commercial,"$95,774","$95,774","$6,385",0.0%,15
408512008,Body mass index 40+ - severely obese (finding),Cigna Health,Commercial,"$95,582","$95,582",$803,93.3%,119
408512008,Body mass index 40+ - severely obese (finding),Aetna,Commercial,"$93,875","$93,875",$809,94.5%,116
239872002,Osteoarthritis of hip,Humana,Commercial,"$93,196","$93,196",$237,72.0%,393
201834006,Localized  primary osteoarthritis of the hand,Humana,Commercial,"$92,719","$92,719",$235,73.4%,394
62564004,Concussion with loss of consciousness,Medicare,Government,"$92,324","$92,324",$73,26.7%,"1,264"
201834006,Localized  primary osteoarthritis of the hand,Cigna Health,Commercial,"$91,829","$91,829",$242,67.2%,379
53827007,Excessive salivation (disorder),Medicare,Government,"$91,505","$91,505",$389,5.2%,235
213150003,Kidney transplant failure and rejection (disorder),Blue Cross Blue Shield,Commercial,"$91,227","$91,227",$540,11.5%,169
16114001,Fracture of ankle,Humana,Commercial,"$88,572","$88,572",$72,70.4%,"1,229"
5602001,Opioid abuse (disorder),Dual Eligible,Government,"$88,422","$88,422",$529,1.7%,167
67787004,Tongue tie (disorder),Blue Cross Blue Shield,Commercial,"$86,916","$86,916","$2,120",24.7%,41
263102004,Fracture subluxation of wrist,Humana,Commercial,"$86,066","$86,066",$72,72.9%,"1,203"
275408006,Postoperative renal failure (disorder),Dual Eligible,Government,"$86,066","$86,066","$43,033",0.1%,2
239872002,Osteoarthritis of hip,Aetna,Commercial,"$85,966","$85,966",$243,74.5%,354
90560007,Gout,Blue Cross Blue Shield,Commercial,"$83,581","$83,581",$275,64.5%,304
58150001,Fracture of clavicle,NO_INSURANCE,Self-Pay / Uninsured,"$83,348","$83,348",$72,100.0%,"1,151"
190905008,Cystic Fibrosis,Blue Cross Blue Shield,Commercial,"$82,528","$82,528","$2,116",42.5%,39
58150001,Fracture of clavicle,Cigna Health,Commercial,"$81,565","$81,565",$70,65.4%,"1,163"
283545005,Gunshot wound (disorder),Blue Cross Blue Shield,Commercial,"$80,796","$80,796",$310,73.2%,261
201834006,Localized  primary osteoarthritis of the hand,Aetna,Commercial,"$80,741","$80,741",$235,70.9%,343
65966004,Fracture of forearm,Cigna Health,Commercial,"$80,618","$80,618",$70,66.3%,"1,154"
254632001,Small cell carcinoma of lung (disorder),UnitedHealthcare,Commercial,"$80,550","$80,550","$8,950",15.5%,9
65966004,Fracture of forearm,NO_INSURANCE,Self-Pay / Uninsured,"$80,439","$80,439",$71,100.0%,"1,134"
239873007,Osteoarthritis of knee,Dual Eligible,Government,"$80,294","$80,294",$207,16.9%,388
201834006,Localized  primary osteoarthritis of the hand,NO_INSURANCE,Self-Pay / Uninsured,"$79,744","$79,744",$248,100.0%,321
65966004,Fracture of forearm,Aetna,Commercial,"$79,350","$79,350",$70,75.3%,"1,130"
58150001,Fracture of clavicle,Aetna,Commercial,"$78,859","$78,859",$70,75.6%,"1,125"
24079001,Atopic dermatitis,Medicaid,Government,"$78,730","$78,730",$159,38.5%,495
408512008,Body mass index 40+ - severely obese (finding),Anthem,Commercial,"$78,461","$78,461",$853,74.3%,92
47505003,Posttraumatic stress disorder,Medicaid,Government,"$77,430","$77,430",$83,57.9%,929
111282000,Acute respiratory insufficiency (disorder),Dual Eligible,Government,"$77,276","$77,276","$19,319",0.2%,4
283545005,Gunshot wound (disorder),Anthem,Commercial,"$77,186","$77,186",$289,53.1%,267
408512008,Body mass index 40+ - severely obese (finding),Blue Cross Blue Shield,Commercial,"$77,186","$77,186",$941,88.9%,82
65966004,Fracture of forearm,Anthem,Commercial,"$77,147","$77,147",$70,46.4%,"1,097"
111287006,Tricuspid valve regurgitation (disorder),Medicare,Government,"$76,975","$76,975",$794,5.5%,97
403190006,Epidermal burn of skin (disorder),Cigna Health,Commercial,"$76,846","$76,846",$71,29.6%,"1,087"
232353008,Perennial allergic rhinitis with seasonal variation,Humana,Commercial,"$75,649","$75,649",$169,93.8%,448
403190006,Epidermal burn of skin (disorder),Aetna,Commercial,"$75,115","$75,115",$70,29.2%,"1,067"
278365007,Anticoagulant-induced bleeding (disorder),Blue Cross Blue Shield,Commercial,"$74,653","$74,653","$37,327",0.0%,2
239872002,Osteoarthritis of hip,Anthem,Commercial,"$74,149","$74,149",$240,46.6%,309
201834006,Localized  primary osteoarthritis of the hand,Anthem,Commercial,"$73,849","$73,849",$241,50.3%,306
16114001,Fracture of ankle,NO_INSURANCE,Self-Pay / Uninsured,"$73,628","$73,628",$71,99.3%,"1,042"
62479008,Acquired immune deficiency syndrome (disorder),Humana,Commercial,"$72,920","$72,920","$1,657",70.1%,44
48724000,Mitral valve regurgitation (disorder),Dual Eligible,Government,"$72,478","$72,478",$447,0.0%,162
239872002,Osteoarthritis of hip,Cigna Health,Commercial,"$72,099","$72,099",$234,63.3%,308
58150001,Fracture of clavicle,Anthem,Commercial,"$72,061","$72,061",$71,44.0%,"1,020"
263102004,Fracture subluxation of wrist,Aetna,Commercial,"$72,013","$72,013",$70,75.7%,"1,028"
90560007,Gout,UnitedHealthcare,Commercial,"$70,979","$70,979",$263,47.1%,270
359817006,Closed fracture of hip,Medicaid,Government,"$70,829","$70,829",$71,74.1%,993
403190006,Epidermal burn of skin (disorder),NO_INSURANCE,Self-Pay / Uninsured,"$70,609","$70,609",$70,100.0%,"1,003"
16114001,Fracture of ankle,Cigna Health,Commercial,"$70,596","$70,596",$70,66.9%,"1,008"
190905008,Cystic Fibrosis,NO_INSURANCE,Self-Pay / Uninsured,"$70,487","$70,487","$1,855",100.0%,38
370143000,Major depression disorder,Medicaid,Government,"$70,136","$70,136",$381,9.7%,184
1551000119108,Nonproliferative diabetic retinopathy due to type 2 diabetes mellitus (disorder),Blue Cross Blue Shield,Commercial,"$70,117","$70,117",$323,86.5%,217
403190006,Epidermal burn of skin (disorder),Anthem,Commercial,"$69,804","$69,804",$71,26.4%,990
62564004,Concussion with loss of consciousness,Humana,Commercial,"$69,648","$69,648",$73,81.0%,955
65966004,Fracture of forearm,Blue Cross Blue Shield,Commercial,"$69,579","$69,579",$72,66.5%,972
283545005,Gunshot wound (disorder),NO_INSURANCE,Self-Pay / Uninsured,"$69,549","$69,549",$286,100.0%,243
16114001,Fracture of ankle,Anthem,Commercial,"$69,263","$69,263",$70,42.6%,989
263102004,Fracture subluxation of wrist,Cigna Health,Commercial,"$69,119","$69,119",$71,68.6%,970
213150003,Kidney transplant failure and rejection (disorder),UnitedHealthcare,Commercial,"$69,042","$69,042",$544,6.1%,127
263102004,Fracture subluxation of wrist,NO_INSURANCE,Self-Pay / Uninsured,"$68,635","$68,635",$71,100.0%,973
11625007,Torus mandibularis (disorder),Dual Eligible,Government,"$67,985","$67,985","$1,942",1.8%,35
403191005,Second degree burn,Humana,Commercial,"$67,609","$67,609",$72,28.5%,938
58150001,Fracture of clavicle,UnitedHealthcare,Commercial,"$67,126","$67,126",$72,42.1%,937
16114001,Fracture of ankle,Aetna,Commercial,"$66,513","$66,513",$70,73.8%,944
1551000119108,Nonproliferative diabetic retinopathy due to type 2 diabetes mellitus (disorder),UnitedHealthcare,Commercial,"$66,371","$66,371",$395,69.3%,168
58150001,Fracture of clavicle,Blue Cross Blue Shield,Commercial,"$65,807","$65,807",$72,66.1%,919
263102004,Fracture subluxation of wrist,Anthem,Commercial,"$65,776","$65,776",$70,44.6%,933
95417003,Primary fibromyalgia syndrome,Medicaid,Government,"$65,103","$65,103",$132,39.3%,492
408512008,Body mass index 40+ - severely obese (finding),NO_INSURANCE,Self-Pay / Uninsured,"$65,091","$65,091",$784,100.0%,83
67787004,Tongue tie (disorder),UnitedHealthcare,Commercial,"$63,791","$63,791","$2,126",19.0%,30
65966004,Fracture of forearm,UnitedHealthcare,Commercial,"$63,588","$63,588",$72,40.6%,889
232353008,Perennial allergic rhinitis with seasonal variation,NO_INSURANCE,Self-Pay / Uninsured,"$63,402","$63,402",$169,100.0%,376
7200002,Alcoholism,Medicaid,Government,"$63,294","$63,294",$446,9.5%,142
62479008,Acquired immune deficiency syndrome (disorder),NO_INSURANCE,Self-Pay / Uninsured,"$63,143","$63,143","$2,177",100.0%,29
11625007,Torus mandibularis (disorder),NO_INSURANCE,Self-Pay / Uninsured,"$62,313","$62,313","$2,149",100.0%,29
93143009,Leukemia  disease (disorder),Medicare,Government,"$61,763","$61,763",$125,4.2%,494
446096008,Perennial allergic rhinitis,Cigna Health,Commercial,"$61,624","$61,624",$167,93.1%,370
359817006,Closed fracture of hip,Dual Eligible,Government,"$61,392","$61,392",$72,48.3%,850
446096008,Perennial allergic rhinitis,Humana,Commercial,"$61,331","$61,331",$157,91.9%,390
239872002,Osteoarthritis of hip,NO_INSURANCE,Self-Pay / Uninsured,"$61,289","$61,289",$243,100.0%,252
449868002,Smokes tobacco daily,Dual Eligible,Government,"$60,721","$60,721",$682,2.5%,89
263102004,Fracture subluxation of wrist,Blue Cross Blue Shield,Commercial,"$60,546","$60,546",$72,68.7%,845
16114001,Fracture of ankle,Blue Cross Blue Shield,Commercial,"$60,274","$60,274",$71,67.5%,844
232353008,Perennial allergic rhinitis with seasonal variation,Anthem,Commercial,"$59,940","$59,940",$176,87.9%,341
40275004,Contact dermatitis,Humana,Commercial,"$59,576","$59,576",$190,78.6%,314
232353008,Perennial allergic rhinitis with seasonal variation,Aetna,Commercial,"$59,341","$59,341",$162,97.1%,367
11625007,Torus mandibularis (disorder),Aetna,Commercial,"$59,281","$59,281","$1,976",24.8%,30
16114001,Fracture of ankle,UnitedHealthcare,Commercial,"$58,978","$58,978",$71,41.8%,825
403190006,Epidermal burn of skin (disorder),Dual Eligible,Government,"$58,304","$58,304",$72,48.0%,805
446096008,Perennial allergic rhinitis,Medicare,Government,"$58,015","$58,015",$92,49.6%,630
403190006,Epidermal burn of skin (disorder),Blue Cross Blue Shield,Commercial,"$58,000","$58,000",$72,26.7%,807
449868002,Smokes tobacco daily,Aetna,Commercial,"$57,759","$57,759",$434,71.9%,133
449868002,Smokes tobacco daily,Anthem,Commercial,"$57,558","$57,558",$480,65.9%,120
11625007,Torus mandibularis (disorder),Cigna Health,Commercial,"$57,310","$57,310","$1,976",28.2%,29
201834006,Localized  primary osteoarthritis of the hand,Blue Cross Blue Shield,Commercial,"$56,710","$56,710",$236,67.2%,240
263102004,Fracture subluxation of wrist,UnitedHealthcare,Commercial,"$56,575","$56,575",$72,44.3%,786
1501000119109,Proliferative diabetic retinopathy due to type II diabetes mellitus (disorder),Medicaid,Government,"$56,195","$56,195",$307,10.1%,183
232353008,Perennial allergic rhinitis with seasonal variation,Medicare,Government,"$56,156","$56,156",$88,47.3%,635
62564004,Concussion with loss of consciousness,Aetna,Commercial,"$55,485","$55,485",$70,84.4%,788
446096008,Perennial allergic rhinitis,NO_INSURANCE,Self-Pay / Uninsured,"$55,203","$55,203",$165,100.0%,334
232353008,Perennial allergic rhinitis with seasonal variation,Cigna Health,Commercial,"$54,815","$54,815",$177,91.3%,309
62564004,Concussion with loss of consciousness,Cigna Health,Commercial,"$54,427","$54,427",$71,72.1%,770
232353008,Perennial allergic rhinitis with seasonal variation,UnitedHealthcare,Commercial,"$54,401","$54,401",$155,85.6%,352
312157006,Infectious mediastinitis (disorder),Anthem,Commercial,"$54,371","$54,371",$922,12.8%,59
91861009,Acute myeloid leukemia  disease (disorder),Anthem,Commercial,"$54,211","$54,211",$986,28.4%,55
408512008,Body mass index 40+ - severely obese (finding),Medicare,Government,"$54,043","$54,043",$783,14.6%,69
233604007,Pneumonia (disorder),NO_INSURANCE,Self-Pay / Uninsured,"$53,730","$53,730","$1,143",100.0%,47
446096008,Perennial allergic rhinitis,Aetna,Commercial,"$53,561","$53,561",$159,97.7%,337
201834006,Localized  primary osteoarthritis of the hand,UnitedHealthcare,Commercial,"$53,399","$53,399",$234,52.0%,228
48724000,Mitral valve regurgitation (disorder),Aetna,Commercial,"$53,281","$53,281",$730,52.9%,73
33737001,Fracture of rib,Dual Eligible,Government,"$52,490","$52,490",$72,48.6%,731
403191005,Second degree burn,Aetna,Commercial,"$51,782","$51,782",$72,28.4%,724
124171000119105,Chronic intractable migraine without aura,Humana,Commercial,"$51,595","$51,595",$68,60.2%,763
232353008,Perennial allergic rhinitis with seasonal variation,Blue Cross Blue Shield,Commercial,"$51,385","$51,385",$150,89.0%,342
312157006,Infectious mediastinitis (disorder),Aetna,Commercial,"$51,017","$51,017",$945,5.3%,54
11625007,Torus mandibularis (disorder),Humana,Commercial,"$50,803","$50,803","$2,117",27.4%,24
446096008,Perennial allergic rhinitis,UnitedHealthcare,Commercial,"$50,662","$50,662",$148,81.9%,343
62564004,Concussion with loss of consciousness,Anthem,Commercial,"$50,321","$50,321",$71,58.3%,710
403190006,Epidermal burn of skin (disorder),UnitedHealthcare,Commercial,"$50,045","$50,045",$72,26.9%,698
403191005,Second degree burn,Cigna Health,Commercial,"$50,032","$50,032",$73,25.0%,688
312157006,Infectious mediastinitis (disorder),Cigna Health,Commercial,"$49,708","$49,708",$904,4.3%,55
312157006,Infectious mediastinitis (disorder),Humana,Commercial,"$49,614","$49,614",$919,1.1%,54
11625007,Torus mandibularis (disorder),Anthem,Commercial,"$49,326","$49,326","$1,973",18.1%,25
11625007,Torus mandibularis (disorder),Blue Cross Blue Shield,Commercial,"$49,113","$49,113","$1,965",25.5%,25
446096008,Perennial allergic rhinitis,Blue Cross Blue Shield,Commercial,"$48,621","$48,621",$157,92.5%,310
128188000,Cerebral palsy (disorder),Cigna Health,Commercial,"$48,302","$48,302",$582,81.4%,83
414667000,Meningomyelocele (disorder),Medicaid,Government,"$47,992","$47,992",$667,8.3%,72
36923009,Major depression  single episode,Medicaid,Government,"$47,892","$47,892",$229,29.1%,209
128188000,Cerebral palsy (disorder),Aetna,Commercial,"$47,518","$47,518",$587,85.4%,81
403191005,Second degree burn,Anthem,Commercial,"$47,426","$47,426",$72,27.0%,659
37849005,Congenital uterine anomaly,Dual Eligible,Government,"$47,081","$47,081","$1,569",2.2%,30
403191005,Second degree burn,NO_INSURANCE,Self-Pay / Uninsured,"$46,823","$46,823",$72,100.0%,653
62564004,Concussion with loss of consciousness,NO_INSURANCE,Self-Pay / Uninsured,"$46,484","$46,484",$71,100.0%,652
283545005,Gunshot wound (disorder),UnitedHealthcare,Commercial,"$45,849","$45,849",$287,66.6%,160
239872002,Osteoarthritis of hip,Blue Cross Blue Shield,Commercial,"$45,652","$45,652",$233,70.8%,196
370143000,Major depression disorder,Humana,Commercial,"$45,577","$45,577",$386,80.4%,118
40275004,Contact dermatitis,Cigna Health,Commercial,"$45,540","$45,540",$197,75.8%,231
283545005,Gunshot wound (disorder),Dual Eligible,Government,"$45,077","$45,077",$268,12.2%,168
446096008,Perennial allergic rhinitis,Anthem,Commercial,"$44,808","$44,808",$153,85.4%,292
312157006,Infectious mediastinitis (disorder),NO_INSURANCE,Self-Pay / Uninsured,"$43,647","$43,647",$949,100.0%,46
239872002,Osteoarthritis of hip,UnitedHealthcare,Commercial,"$43,581","$43,581",$227,45.6%,192
408512008,Body mass index 40+ - severely obese (finding),UnitedHealthcare,Commercial,"$43,331","$43,331",$722,71.9%,60
40275004,Contact dermatitis,Aetna,Commercial,"$43,314","$43,314",$193,79.7%,225
128188000,Cerebral palsy (disorder),UnitedHealthcare,Commercial,"$43,211","$43,211",$635,40.7%,68
40275004,Contact dermatitis,Anthem,Commercial,"$43,062","$43,062",$197,53.9%,219
128188000,Cerebral palsy (disorder),Humana,Commercial,"$42,750","$42,750",$668,83.4%,64
33737001,Fracture of rib,Humana,Commercial,"$42,520","$42,520",$71,45.4%,595
367498001,Seasonal allergic rhinitis,Humana,Commercial,"$41,134","$41,134",$177,97.0%,232
62479008,Acquired immune deficiency syndrome (disorder),Cigna Health,Commercial,"$41,068","$41,068","$1,580",65.2%,26
414667000,Meningomyelocele (disorder),Medicare,Government,"$41,038","$41,038",$117,30.9%,351
62564004,Concussion with loss of consciousness,Blue Cross Blue Shield,Commercial,"$40,728","$40,728",$72,71.5%,566
62564004,Concussion with loss of consciousness,UnitedHealthcare,Commercial,"$40,209","$40,209",$72,59.9%,558
7200002,Alcoholism,Aetna,Commercial,"$40,172","$40,172",$390,79.0%,103
449868002,Smokes tobacco daily,Humana,Commercial,"$39,557","$39,557",$565,84.3%,70
7200002,Alcoholism,Humana,Commercial,"$39,474","$39,474",$444,85.1%,89
128188000,Cerebral palsy (disorder),Blue Cross Blue Shield,Commercial,"$39,042","$39,042",$601,81.1%,65
262521009,Traumatic injury of spinal cord and/or vertebral column (disorder),Medicaid,Government,"$38,520","$38,520",$188,36.3%,205
262574004,Bullet wound,Medicaid,Government,"$37,934","$37,934",$87,45.0%,435
33737001,Fracture of rib,Anthem,Commercial,"$37,898","$37,898",$75,32.0%,504
69896004,Rheumatoid arthritis,Medicaid,Government,"$37,418","$37,418",$126,39.9%,296
609496007,Complication occuring during pregnancy,Dual Eligible,Government,"$36,990","$36,990","$1,608",2.2%,23
97331000119101,Macular edema and retinopathy due to type 2 diabetes mellitus (disorder),NO_INSURANCE,Self-Pay / Uninsured,"$36,880","$36,880",$355,100.0%,104
7200002,Alcoholism,Dual Eligible,Government,"$36,739","$36,739",$680,2.6%,54
403191005,Second degree burn,Blue Cross Blue Shield,Commercial,"$36,439","$36,439",$72,27.3%,509
201834006,Localized  primary osteoarthritis of the hand,Dual Eligible,Government,"$36,292","$36,292",$210,16.7%,173
62479008,Acquired immune deficiency syndrome (disorder),UnitedHealthcare,Commercial,"$36,129","$36,129","$2,007",32.3%,18
33737001,Fracture of rib,Cigna Health,Commercial,"$35,971","$35,971",$71,40.1%,510
128188000,Cerebral palsy (disorder),Anthem,Commercial,"$35,953","$35,953",$666,43.7%,54
403191005,Second degree burn,Dual Eligible,Government,"$35,947","$35,947",$77,45.3%,467
69896004,Rheumatoid arthritis,Medicare,Government,"$35,719","$35,719",$142,21.3%,252
97331000119101,Macular edema and retinopathy due to type 2 diabetes mellitus (disorder),Cigna Health,Commercial,"$35,648","$35,648",$356,95.6%,100
91861009,Acute myeloid leukemia  disease (disorder),NO_INSURANCE,Self-Pay / Uninsured,"$35,459","$35,459",$958,100.0%,37
53827007,Excessive salivation (disorder),Dual Eligible,Government,"$35,424","$35,424",$385,9.1%,92
403191005,Second degree burn,UnitedHealthcare,Commercial,"$34,856","$34,856",$72,25.1%,481
7200002,Alcoholism,Anthem,Commercial,"$34,855","$34,855",$430,58.9%,81
40275004,Contact dermatitis,NO_INSURANCE,Self-Pay / Uninsured,"$34,755","$34,755",$181,100.0%,192
449868002,Smokes tobacco daily,Cigna Health,Commercial,"$34,304","$34,304",$483,84.4%,71
33737001,Fracture of rib,NO_INSURANCE,Self-Pay / Uninsured,"$34,131","$34,131",$70,100.0%,485
33737001,Fracture of rib,Aetna,Commercial,"$33,942","$33,942",$72,52.1%,472
36923009,Major depression  single episode,Humana,Commercial,"$33,843","$33,843",$235,100.0%,144
129721000119106,Acute renal failure on dialysis (disorder),Dual Eligible,Government,"$33,743","$33,743","$11,248",0.3%,3
449868002,Smokes tobacco daily,NO_INSURANCE,Self-Pay / Uninsured,"$33,555","$33,555",$479,100.0%,70
370143000,Major depression disorder,Anthem,Commercial,"$33,383","$33,383",$371,26.3%,90
111282000,Acute respiratory insufficiency (disorder),Medicaid,Government,"$33,225","$33,225","$11,075",0.5%,3
97331000119101,Macular edema and retinopathy due to type 2 diabetes mellitus (disorder),Anthem,Commercial,"$32,720","$32,720",$341,57.8%,96
109989006,Multiple myeloma (disorder),Medicare,Government,"$32,506","$32,506",$125,4.5%,260
62564004,Concussion with loss of consciousness,Dual Eligible,Government,"$32,474","$32,474",$73,47.7%,444
7200002,Alcoholism,Blue Cross Blue Shield,Commercial,"$32,191","$32,191",$749,62.2%,43
370143000,Major depression disorder,Cigna Health,Commercial,"$31,977","$31,977",$363,76.5%,88
47505003,Posttraumatic stress disorder,NO_INSURANCE,Self-Pay / Uninsured,"$31,819","$31,819",$81,100.0%,394
62479008,Acquired immune deficiency syndrome (disorder),Blue Cross Blue Shield,Commercial,"$31,634","$31,634","$2,433",57.6%,13
97331000119101,Macular edema and retinopathy due to type 2 diabetes mellitus (disorder),Humana,Commercial,"$31,593","$31,593",$275,90.1%,115
449868002,Smokes tobacco daily,Blue Cross Blue Shield,Commercial,"$31,469","$31,469",$431,76.3%,73
47505003,Posttraumatic stress disorder,Humana,Commercial,"$31,242","$31,242",$84,75.7%,370
239872002,Osteoarthritis of hip,Dual Eligible,Government,"$30,969","$30,969",$214,16.4%,145
7200002,Alcoholism,Cigna Health,Commercial,"$30,891","$30,891",$483,75.7%,64
367498001,Seasonal allergic rhinitis,Medicare,Government,"$30,830","$30,830",$94,46.8%,327
367498001,Seasonal allergic rhinitis,Anthem,Commercial,"$30,038","$30,038",$199,81.8%,151
367498001,Seasonal allergic rhinitis,NO_INSURANCE,Self-Pay / Uninsured,"$30,015","$30,015",$173,100.0%,173
91861009,Acute myeloid leukemia  disease (disorder),Blue Cross Blue Shield,Commercial,"$29,379","$29,379",$890,78.8%,33
91861009,Acute myeloid leukemia  disease (disorder),Cigna Health,Commercial,"$29,379","$29,379",$683,71.1%,43
33737001,Fracture of rib,Blue Cross Blue Shield,Commercial,"$29,333","$29,333",$71,41.2%,411
190905008,Cystic Fibrosis,UnitedHealthcare,Commercial,"$29,088","$29,088","$1,818",29.9%,16
262521009,Traumatic injury of spinal cord and/or vertebral column (disorder),Medicare,Government,"$28,976","$28,976",$178,26.6%,163
1501000119109,Proliferative diabetic retinopathy due to type II diabetes mellitus (disorder),Aetna,Commercial,"$28,892","$28,892",$286,89.3%,101
232353008,Perennial allergic rhinitis with seasonal variation,Dual Eligible,Government,"$28,543","$28,543",$84,41.6%,339
11625007,Torus mandibularis (disorder),UnitedHealthcare,Commercial,"$28,264","$28,264","$2,019",19.4%,14
370143000,Major depression disorder,Aetna,Commercial,"$28,030","$28,030",$369,77.4%,76
47505003,Posttraumatic stress disorder,Aetna,Commercial,"$27,901","$27,901",$84,85.7%,332
60951000119105,Blindness due to type 2 diabetes mellitus (disorder),Medicare,Government,"$27,421","$27,421",$783,1.7%,35
312157006,Infectious mediastinitis (disorder),UnitedHealthcare,Commercial,"$27,373","$27,373",$883,12.2%,31
33737001,Fracture of rib,UnitedHealthcare,Commercial,"$27,074","$27,074",$72,33.6%,377
312157006,Infectious mediastinitis (disorder),Blue Cross Blue Shield,Commercial,"$26,735","$26,735",$922,0.9%,29
367498001,Seasonal allergic rhinitis,UnitedHealthcare,Commercial,"$26,675","$26,675",$159,77.9%,168
40275004,Contact dermatitis,Blue Cross Blue Shield,Commercial,"$26,486","$26,486",$189,68.9%,140
262574004,Bullet wound,Medicare,Government,"$26,404","$26,404",$88,17.1%,299
367498001,Seasonal allergic rhinitis,Blue Cross Blue Shield,Commercial,"$26,373","$26,373",$154,93.9%,171
367498001,Seasonal allergic rhinitis,Aetna,Commercial,"$26,193","$26,193",$171,93.7%,153
1501000119109,Proliferative diabetic retinopathy due to type II diabetes mellitus (disorder),Cigna Health,Commercial,"$26,110","$26,110",$353,85.4%,74
62479008,Acquired immune deficiency syndrome (disorder),Aetna,Commercial,"$25,922","$25,922","$1,728",16.1%,15
414667000,Meningomyelocele (disorder),NO_INSURANCE,Self-Pay / Uninsured,"$25,875","$25,875",$784,100.0%,33
370143000,Major depression disorder,Medicare,Government,"$25,552","$25,552",$399,6.0%,64
62479008,Acquired immune deficiency syndrome (disorder),Anthem,Commercial,"$25,340","$25,340","$1,408",35.8%,18
40275004,Contact dermatitis,UnitedHealthcare,Commercial,"$25,307","$25,307",$198,55.2%,128
278365007,Anticoagulant-induced bleeding (disorder),Medicaid,Government,"$25,250","$25,250","$6,312",0.6%,4
124171000119105,Chronic intractable migraine without aura,Blue Cross Blue Shield,Commercial,"$24,693","$24,693",$68,58.3%,362
359817006,Closed fracture of hip,Humana,Commercial,"$24,496","$24,496",$73,69.5%,337
95417003,Primary fibromyalgia syndrome,NO_INSURANCE,Self-Pay / Uninsured,"$24,408","$24,408",$153,100.0%,160
36923009,Major depression  single episode,Cigna Health,Commercial,"$24,100","$24,100",$227,100.0%,106
446096008,Perennial allergic rhinitis,Dual Eligible,Government,"$23,955","$23,955",$88,39.9%,273
7200002,Alcoholism,UnitedHealthcare,Commercial,"$23,741","$23,741",$409,71.7%,58
47505003,Posttraumatic stress disorder,Cigna Health,Commercial,"$23,524","$23,524",$86,61.7%,275
48724000,Mitral valve regurgitation (disorder),Humana,Commercial,"$23,472","$23,472",$489,76.6%,48
91861009,Acute myeloid leukemia  disease (disorder),Aetna,Commercial,"$22,934","$22,934","$1,274",80.0%,18
449868002,Smokes tobacco daily,UnitedHealthcare,Commercial,"$22,799","$22,799",$438,77.5%,52
1501000119109,Proliferative diabetic retinopathy due to type II diabetes mellitus (disorder),Anthem,Commercial,"$22,461","$22,461",$335,67.6%,67
36923009,Major depression  single episode,Anthem,Commercial,"$22,287","$22,287",$227,98.1%,98
367498001,Seasonal allergic rhinitis,Cigna Health,Commercial,"$22,253","$22,253",$143,91.6%,156
7200002,Alcoholism,NO_INSURANCE,Self-Pay / Uninsured,"$22,069","$22,069",$433,100.0%,51
97331000119101,Macular edema and retinopathy due to type 2 diabetes mellitus (disorder),Aetna,Commercial,"$22,024","$22,024",$302,75.9%,73
65710008,Acute respiratory failure (disorder),Medicare,Government,"$21,919","$21,919","$1,044",6.3%,21
370143000,Major depression disorder,Blue Cross Blue Shield,Commercial,"$21,848","$21,848",$420,72.7%,52
69896004,Rheumatoid arthritis,Humana,Commercial,"$21,819","$21,819",$139,71.0%,157
370143000,Major depression disorder,NO_INSURANCE,Self-Pay / Uninsured,"$21,396","$21,396",$382,100.0%,56
40275004,Contact dermatitis,Medicare,Government,"$20,876","$20,876",$197,26.1%,106
48724000,Mitral valve regurgitation (disorder),NO_INSURANCE,Self-Pay / Uninsured,"$20,756","$20,756",$506,100.0%,41
1501000119109,Proliferative diabetic retinopathy due to type II diabetes mellitus (disorder),Humana,Commercial,"$20,542","$20,542",$321,88.3%,64
359817006,Closed fracture of hip,Aetna,Commercial,"$20,353","$20,353",$70,69.5%,289
93143009,Leukemia  disease (disorder),Dual Eligible,Government,"$20,013","$20,013",$121,28.9%,165
24079001,Atopic dermatitis,NO_INSURANCE,Self-Pay / Uninsured,"$20,010","$20,010",$156,100.0%,128
190905008,Cystic Fibrosis,Cigna Health,Commercial,"$20,000","$20,000","$1,818",48.6%,11
262521009,Traumatic injury of spinal cord and/or vertebral column (disorder),Humana,Commercial,"$19,651","$19,651",$216,80.8%,91
48724000,Mitral valve regurgitation (disorder),Anthem,Commercial,"$19,494","$19,494",$487,43.0%,40
48724000,Mitral valve regurgitation (disorder),Cigna Health,Commercial,"$19,491","$19,491",$500,70.2%,39
124171000119105,Chronic intractable migraine without aura,UnitedHealthcare,Commercial,"$19,438","$19,438",$67,47.6%,288
359817006,Closed fracture of hip,Anthem,Commercial,"$19,435","$19,435",$72,39.9%,271
69896004,Rheumatoid arthritis,Dual Eligible,Government,"$19,280","$19,280",$153,20.9%,126
414667000,Meningomyelocele (disorder),Humana,Commercial,"$19,170","$19,170",$871,95.3%,22
190905008,Cystic Fibrosis,Anthem,Commercial,"$18,920","$18,920","$1,892",34.1%,10
69896004,Rheumatoid arthritis,Aetna,Commercial,"$18,876","$18,876",$156,70.0%,121
36923009,Major depression  single episode,Blue Cross Blue Shield,Commercial,"$18,868","$18,868",$266,100.0%,71
69896004,Rheumatoid arthritis,Anthem,Commercial,"$18,428","$18,428",$146,48.1%,126
47505003,Posttraumatic stress disorder,Anthem,Commercial,"$18,334","$18,334",$81,47.0%,225
69896004,Rheumatoid arthritis,Cigna Health,Commercial,"$17,763","$17,763",$141,69.3%,126
414667000,Meningomyelocele (disorder),Dual Eligible,Government,"$17,742","$17,742",$116,29.8%,153
95417003,Primary fibromyalgia syndrome,Anthem,Commercial,"$17,520","$17,520",$234,43.6%,75
95417003,Primary fibromyalgia syndrome,Cigna Health,Commercial,"$17,393","$17,393",$200,62.7%,87
36923009,Major depression  single episode,Aetna,Commercial,"$17,291","$17,291",$251,100.0%,69
359817006,Closed fracture of hip,NO_INSURANCE,Self-Pay / Uninsured,"$16,735","$16,735",$70,100.0%,239
359817006,Closed fracture of hip,Cigna Health,Commercial,"$16,712","$16,712",$70,64.4%,239
129574000,Postoperative myocardial infarction (disorder),Dual Eligible,Government,"$16,515","$16,515","$8,257",0.4%,2
204949001,Renal dysplasia (disorder),Medicaid,Government,"$16,161","$16,161",$462,21.7%,35
408512008,Body mass index 40+ - severely obese (finding),Dual Eligible,Government,"$16,020","$16,020",$801,2.8%,20
262574004,Bullet wound,Humana,Commercial,"$15,669","$15,669",$90,55.0%,175
262574004,Bullet wound,Cigna Health,Commercial,"$15,411","$15,411",$90,53.5%,172
86849004,Suicidal deliberate poisoning,Medicare,Government,"$15,302","$15,302","$1,530",1.5%,10
403192003,Third degree burn,Medicare,Government,"$15,248","$15,248",$72,28.7%,212
262521009,Traumatic injury of spinal cord and/or vertebral column (disorder),Cigna Health,Commercial,"$15,103","$15,103",$196,76.2%,77
95417003,Primary fibromyalgia syndrome,Aetna,Commercial,"$15,027","$15,027",$203,68.1%,74
15724005,Fracture of vertebral column without spinal cord injury,Medicaid,Government,"$14,912","$14,912",$60,72.4%,248
1501000119109,Proliferative diabetic retinopathy due to type II diabetes mellitus (disorder),NO_INSURANCE,Self-Pay / Uninsured,"$14,905","$14,905",$276,100.0%,54
359817006,Closed fracture of hip,UnitedHealthcare,Commercial,"$14,666","$14,666",$72,45.0%,205
359817006,Closed fracture of hip,Blue Cross Blue Shield,Commercial,"$14,466","$14,466",$71,71.1%,203
36923009,Major depression  single episode,NO_INSURANCE,Self-Pay / Uninsured,"$14,281","$14,281",$260,100.0%,55
414667000,Meningomyelocele (disorder),Aetna,Commercial,"$14,203","$14,203",$888,95.9%,16
367498001,Seasonal allergic rhinitis,Dual Eligible,Government,"$14,193","$14,193",$89,39.5%,160
15724005,Fracture of vertebral column without spinal cord injury,Medicare,Government,"$13,984","$13,984",$57,19.8%,246
403192003,Third degree burn,Medicaid,Government,"$13,693","$13,693",$72,69.7%,190
262521009,Traumatic injury of spinal cord and/or vertebral column (disorder),NO_INSURANCE,Self-Pay / Uninsured,"$13,628","$13,628",$203,100.0%,67
86849004,Suicidal deliberate poisoning,Aetna,Commercial,"$13,566","$13,566","$1,357",72.8%,10
200936003,Lupus erythematosus,Medicare,Government,"$13,556","$13,556",$90,18.2%,150
97331000119101,Macular edema and retinopathy due to type 2 diabetes mellitus (disorder),Blue Cross Blue Shield,Commercial,"$13,419","$13,419",$344,87.4%,39
262574004,Bullet wound,Aetna,Commercial,"$13,317","$13,317",$88,53.3%,152
262574004,Bullet wound,Anthem,Commercial,"$13,258","$13,258",$88,49.1%,150
91861009,Acute myeloid leukemia  disease (disorder),UnitedHealthcare,Commercial,"$12,933","$12,933",$862,42.9%,15
262574004,Bullet wound,NO_INSURANCE,Self-Pay / Uninsured,"$12,643","$12,643",$89,100.0%,142
370143000,Major depression disorder,UnitedHealthcare,Commercial,"$12,583","$12,583",$406,30.7%,31
1501000119109,Proliferative diabetic retinopathy due to type II diabetes mellitus (disorder),UnitedHealthcare,Commercial,"$12,430","$12,430",$345,70.8%,36
69896004,Rheumatoid arthritis,NO_INSURANCE,Self-Pay / Uninsured,"$12,144","$12,144",$148,100.0%,82
69896004,Rheumatoid arthritis,Blue Cross Blue Shield,Commercial,"$12,100","$12,100",$159,67.1%,76
262574004,Bullet wound,Blue Cross Blue Shield,Commercial,"$11,995","$11,995",$87,48.4%,138
48724000,Mitral valve regurgitation (disorder),Blue Cross Blue Shield,Commercial,"$11,962","$11,962",$498,64.7%,24
95417003,Primary fibromyalgia syndrome,Humana,Commercial,"$11,882","$11,882",$180,75.1%,66
262521009,Traumatic injury of spinal cord and/or vertebral column (disorder),Aetna,Commercial,"$11,842","$11,842",$158,87.1%,75
111287006,Tricuspid valve regurgitation (disorder),Dual Eligible,Government,"$11,508","$11,508",$460,0.0%,25
48724000,Mitral valve regurgitation (disorder),UnitedHealthcare,Commercial,"$11,451","$11,451",$458,35.4%,25
36923009,Major depression  single episode,UnitedHealthcare,Commercial,"$11,404","$11,404",$285,96.1%,40
86849004,Suicidal deliberate poisoning,Medicaid,Government,"$10,793","$10,793","$1,079",4.2%,10
97331000119101,Macular edema and retinopathy due to type 2 diabetes mellitus (disorder),UnitedHealthcare,Commercial,"$10,626","$10,626",$287,85.7%,37
262521009,Traumatic injury of spinal cord and/or vertebral column (disorder),Anthem,Commercial,"$10,548","$10,548",$173,68.6%,61
109989006,Multiple myeloma (disorder),Dual Eligible,Government,"$10,343","$10,343",$123,28.4%,84
111287006,Tricuspid valve regurgitation (disorder),Medicaid,Government,"$10,286","$10,286",$490,4.4%,21
275408006,Postoperative renal failure (disorder),NO_INSURANCE,Self-Pay / Uninsured,"$10,222","$10,222","$5,111",100.0%,2
86849004,Suicidal deliberate poisoning,Cigna Health,Commercial,"$10,043","$10,043","$1,255",58.4%,8
262521009,Traumatic injury of spinal cord and/or vertebral column (disorder),Blue Cross Blue Shield,Commercial,"$9,636","$9,636",$201,66.0%,48
86849004,Suicidal deliberate poisoning,Anthem,Commercial,"$9,610","$9,610","$1,602",32.1%,6
86849004,Suicidal deliberate poisoning,Dual Eligible,Government,"$9,522","$9,522",$952,1.8%,10
47505003,Posttraumatic stress disorder,Blue Cross Blue Shield,Commercial,"$9,022","$9,022",$84,54.0%,108
36923009,Major depression  single episode,Medicare,Government,"$8,836","$8,836",$252,27.2%,35
414667000,Meningomyelocele (disorder),Blue Cross Blue Shield,Commercial,"$8,806","$8,806",$881,69.7%,10
60951000119105,Blindness due to type 2 diabetes mellitus (disorder),Medicaid,Government,"$8,435","$8,435",$562,5.9%,15
24079001,Atopic dermatitis,Aetna,Commercial,"$8,433","$8,433",$169,86.6%,50
262521009,Traumatic injury of spinal cord and/or vertebral column (disorder),UnitedHealthcare,Commercial,"$8,269","$8,269",$207,45.4%,40
262574004,Bullet wound,Dual Eligible,Government,"$8,153","$8,153",$90,26.2%,91
65710008,Acute respiratory failure (disorder),Dual Eligible,Government,"$8,088","$8,088",$809,2.6%,10
24079001,Atopic dermatitis,Humana,Commercial,"$8,068","$8,068",$165,80.5%,49
91861009,Acute myeloid leukemia  disease (disorder),Medicare,Government,"$8,059","$8,059",$672,5.0%,12
262521009,Traumatic injury of spinal cord and/or vertebral column (disorder),Dual Eligible,Government,"$7,846","$7,846",$191,18.3%,41
287185009,Attempted suicide - cut/stab,Medicare,Government,"$7,840","$7,840","$1,960",0.0%,4
95417003,Primary fibromyalgia syndrome,Blue Cross Blue Shield,Commercial,"$7,834","$7,834",$237,49.1%,33
262574004,Bullet wound,UnitedHealthcare,Commercial,"$7,757","$7,757",$90,38.7%,86
24079001,Atopic dermatitis,UnitedHealthcare,Commercial,"$7,680","$7,680",$202,47.8%,38
414667000,Meningomyelocele (disorder),Cigna Health,Commercial,"$7,369","$7,369",$526,68.8%,14
69896004,Rheumatoid arthritis,UnitedHealthcare,Commercial,"$7,115","$7,115",$105,51.7%,68
24079001,Atopic dermatitis,Blue Cross Blue Shield,Commercial,"$7,030","$7,030",$185,72.9%,38
233604007,Pneumonia (disorder),Humana,Commercial,"$6,969","$6,969","$1,162",0.0%,6
15724005,Fracture of vertebral column without spinal cord injury,Aetna,Commercial,"$6,919","$6,919",$63,57.2%,109
93143009,Leukemia  disease (disorder),Medicaid,Government,"$6,805","$6,805",$124,39.7%,55
200936003,Lupus erythematosus,Medicaid,Government,"$6,788","$6,788",$86,36.2%,79
95417003,Primary fibromyalgia syndrome,UnitedHealthcare,Commercial,"$6,758","$6,758",$178,36.5%,38
287182007,Attempted suicide - suffocation,Medicaid,Government,"$6,747","$6,747","$1,125",3.7%,6
448813005,Sepsis caused by Pseudomonas (disorder),Medicare,Government,"$6,690","$6,690",$836,0.0%,8
24079001,Atopic dermatitis,Cigna Health,Commercial,"$6,661","$6,661",$162,75.0%,41
47505003,Posttraumatic stress disorder,UnitedHealthcare,Commercial,"$6,652","$6,652",$92,59.3%,72
15724005,Fracture of vertebral column without spinal cord injury,Humana,Commercial,"$6,588","$6,588",$55,43.5%,120
91434003,Pulmonic valve regurgitation (disorder),Medicaid,Government,"$6,525","$6,525",$466,1.2%,14
60951000119105,Blindness due to type 2 diabetes mellitus (disorder),Dual Eligible,Government,"$6,490","$6,490",$270,3.0%,24
403192003,Third degree burn,Humana,Commercial,"$6,201","$6,201",$71,14.5%,87
15724005,Fracture of vertebral column without spinal cord injury,Cigna Health,Commercial,"$6,099","$6,099",$62,39.1%,99
370143000,Major depression disorder,Dual Eligible,Government,"$6,031","$6,031",$355,6.8%,17
190905008,Cystic Fibrosis,Humana,Commercial,"$5,956","$5,956",$993,52.2%,6
287182007,Attempted suicide - suffocation,Medicare,Government,"$5,883","$5,883",$980,4.0%,6
111287006,Tricuspid valve regurgitation (disorder),Humana,Commercial,"$5,867","$5,867",$489,94.9%,12
40275004,Contact dermatitis,Dual Eligible,Government,"$5,866","$5,866",$183,19.1%,32
403192003,Third degree burn,Dual Eligible,Government,"$5,865","$5,865",$72,48.9%,82
204949001,Renal dysplasia (disorder),Humana,Commercial,"$5,788","$5,788",$827,100.0%,7
111287006,Tricuspid valve regurgitation (disorder),Aetna,Commercial,"$5,528","$5,528",$503,75.1%,11
1734006,Fracture of the vertebral column with spinal cord injury,Medicaid,Government,"$5,507","$5,507",$81,34.9%,68
287182007,Attempted suicide - suffocation,Dual Eligible,Government,"$5,408","$5,408","$2,704",0.6%,2
15724005,Fracture of vertebral column without spinal cord injury,Anthem,Commercial,"$5,320","$5,320",$66,46.8%,81
15724005,Fracture of vertebral column without spinal cord injury,NO_INSURANCE,Self-Pay / Uninsured,"$5,236","$5,236",$62,100.0%,84
287185009,Attempted suicide - cut/stab,Dual Eligible,Government,"$5,174","$5,174","$2,587",0.7%,2
403192003,Third degree burn,NO_INSURANCE,Self-Pay / Uninsured,"$5,152","$5,152",$70,100.0%,74
233604007,Pneumonia (disorder),Cigna Health,Commercial,"$5,109","$5,109","$1,022",68.9%,5
204949001,Renal dysplasia (disorder),UnitedHealthcare,Commercial,"$5,095","$5,095",$510,100.0%,10
200936003,Lupus erythematosus,Dual Eligible,Government,"$4,995","$4,995",$100,21.3%,50
410429000,Cardiac arrest (disorder),Medicare,Government,"$4,893","$4,893",$132,20.8%,37
127295002,Traumatic brain injury (disorder),Blue Cross Blue Shield,Commercial,"$4,695","$4,695",$522,24.8%,9
1734006,Fracture of the vertebral column with spinal cord injury,Medicare,Government,"$4,665","$4,665",$75,32.7%,62
414667000,Meningomyelocele (disorder),UnitedHealthcare,Commercial,"$4,588","$4,588","$2,294",30.9%,2
403192003,Third degree burn,Aetna,Commercial,"$4,526","$4,526",$70,23.6%,65
403192003,Third degree burn,Cigna Health,Commercial,"$4,492","$4,492",$70,21.3%,64
91434003,Pulmonic valve regurgitation (disorder),Medicare,Government,"$4,443","$4,443",$494,9.6%,9
403192003,Third degree burn,Blue Cross Blue Shield,Commercial,"$4,429","$4,429",$73,16.8%,61
287185009,Attempted suicide - cut/stab,Cigna Health,Commercial,"$4,416","$4,416","$1,104",100.0%,4
53827007,Excessive salivation (disorder),Medicaid,Government,"$4,396","$4,396",$366,13.6%,12
111287006,Tricuspid valve regurgitation (disorder),Anthem,Commercial,"$4,387","$4,387",$487,66.7%,9
15724005,Fracture of vertebral column without spinal cord injury,Blue Cross Blue Shield,Commercial,"$4,257","$4,257",$67,51.7%,64
86849004,Suicidal deliberate poisoning,NO_INSURANCE,Self-Pay / Uninsured,"$4,198","$4,198","$1,049",100.0%,4
24079001,Atopic dermatitis,Anthem,Commercial,"$4,025","$4,025",$149,59.7%,27
86849004,Suicidal deliberate poisoning,Blue Cross Blue Shield,Commercial,"$3,984","$3,984","$1,992",30.0%,2
204949001,Renal dysplasia (disorder),NO_INSURANCE,Self-Pay / Uninsured,"$3,922","$3,922",$560,100.0%,7
403192003,Third degree burn,Anthem,Commercial,"$3,879","$3,879",$71,18.2%,55
127295002,Traumatic brain injury (disorder),Medicaid,Government,"$3,843","$3,843","$1,281",7.8%,3
1501000119109,Proliferative diabetic retinopathy due to type II diabetes mellitus (disorder),Blue Cross Blue Shield,Commercial,"$3,825","$3,825",$273,100.0%,14
91861009,Acute myeloid leukemia  disease (disorder),Dual Eligible,Government,"$3,768","$3,768",$538,0.9%,7
86849004,Suicidal deliberate poisoning,Humana,Commercial,"$3,666","$3,666","$1,833",73.9%,2
204949001,Renal dysplasia (disorder),Blue Cross Blue Shield,Commercial,"$3,633","$3,633",$454,100.0%,8
287182007,Attempted suicide - suffocation,Aetna,Commercial,"$3,544","$3,544",$886,100.0%,4
200936003,Lupus erythematosus,Anthem,Commercial,"$3,542","$3,542",$126,58.7%,28
109989006,Multiple myeloma (disorder),Medicaid,Government,"$3,507","$3,507",$125,39.9%,28
233604007,Pneumonia (disorder),Blue Cross Blue Shield,Commercial,"$3,481","$3,481","$1,160",0.0%,3
287182007,Attempted suicide - suffocation,Anthem,Commercial,"$3,446","$3,446","$1,723",20.0%,2
15724005,Fracture of vertebral column without spinal cord injury,Dual Eligible,Government,"$3,378","$3,378",$65,46.6%,52
93143009,Leukemia  disease (disorder),NO_INSURANCE,Self-Pay / Uninsured,"$3,318","$3,318",$123,100.0%,27
287185009,Attempted suicide - cut/stab,Aetna,Commercial,"$3,260","$3,260",$815,88.4%,4
287185009,Attempted suicide - cut/stab,Blue Cross Blue Shield,Commercial,"$3,192","$3,192",$798,67.7%,4
91434003,Pulmonic valve regurgitation (disorder),NO_INSURANCE,Self-Pay / Uninsured,"$3,061","$3,061",$510,100.0%,6
403192003,Third degree burn,UnitedHealthcare,Commercial,"$2,845","$2,845",$71,16.5%,40
233604007,Pneumonia (disorder),UnitedHealthcare,Commercial,"$2,839","$2,839",$946,20.0%,3
15724005,Fracture of vertebral column without spinal cord injury,UnitedHealthcare,Commercial,"$2,836","$2,836",$58,34.4%,49
91434003,Pulmonic valve regurgitation (disorder),Cigna Health,Commercial,"$2,835","$2,835",$472,86.0%,6
1734006,Fracture of the vertebral column with spinal cord injury,Humana,Commercial,"$2,831","$2,831",$86,71.4%,33
204949001,Renal dysplasia (disorder),Aetna,Commercial,"$2,804","$2,804",$401,100.0%,7
287185009,Attempted suicide - cut/stab,Anthem,Commercial,"$2,770","$2,770","$1,385",20.0%,2
1734006,Fracture of the vertebral column with spinal cord injury,NO_INSURANCE,Self-Pay / Uninsured,"$2,587","$2,587",$89,100.0%,29
233604007,Pneumonia (disorder),Anthem,Commercial,"$2,578","$2,578",$859,65.3%,3
233604007,Pneumonia (disorder),Aetna,Commercial,"$2,525","$2,525",$631,100.0%,4
127295002,Traumatic brain injury (disorder),UnitedHealthcare,Commercial,"$2,524","$2,524",$631,77.5%,4
127295002,Traumatic brain injury (disorder),Medicare,Government,"$2,512","$2,512","$1,256",0.0%,2
200936003,Lupus erythematosus,Cigna Health,Commercial,"$2,454","$2,454",$98,60.4%,25
200936003,Lupus erythematosus,Aetna,Commercial,"$2,363","$2,363",$98,58.6%,24
111287006,Tricuspid valve regurgitation (disorder),NO_INSURANCE,Self-Pay / Uninsured,"$2,212","$2,212",$442,100.0%,5
91434003,Pulmonic valve regurgitation (disorder),Humana,Commercial,"$2,147","$2,147",$537,72.0%,4
127295002,Traumatic brain injury (disorder),Humana,Commercial,"$2,141","$2,141",$714,80.5%,3
287185009,Attempted suicide - cut/stab,Humana,Commercial,"$2,094","$2,094","$1,047",100.0%,2
448813005,Sepsis caused by Pseudomonas (disorder),Dual Eligible,Government,"$2,086","$2,086",$522,3.4%,4
127295002,Traumatic brain injury (disorder),Anthem,Commercial,"$2,078","$2,078",$416,76.1%,5
204949001,Renal dysplasia (disorder),Anthem,Commercial,"$2,047","$2,047",$409,100.0%,5
93143009,Leukemia  disease (disorder),Humana,Commercial,"$2,030","$2,030",$127,85.3%,16
91434003,Pulmonic valve regurgitation (disorder),Aetna,Commercial,"$2,002","$2,002",$500,100.0%,4
111287006,Tricuspid valve regurgitation (disorder),UnitedHealthcare,Commercial,"$1,989","$1,989",$497,80.0%,4
410429000,Cardiac arrest (disorder),Medicaid,Government,"$1,879","$1,879",$117,23.1%,16
1734006,Fracture of the vertebral column with spinal cord injury,Aetna,Commercial,"$1,874","$1,874",$94,78.4%,20
53827007,Excessive salivation (disorder),Anthem,Commercial,"$1,830","$1,830",$458,20.0%,4
93143009,Leukemia  disease (disorder),Anthem,Commercial,"$1,768","$1,768",$118,37.5%,15
287185009,Attempted suicide - cut/stab,Medicaid,Government,"$1,766","$1,766",$883,2.8%,2
91434003,Pulmonic valve regurgitation (disorder),Blue Cross Blue Shield,Commercial,"$1,747","$1,747",$437,60.3%,4
1734006,Fracture of the vertebral column with spinal cord injury,Dual Eligible,Government,"$1,737","$1,737",$91,26.7%,19
204949001,Renal dysplasia (disorder),Cigna Health,Commercial,"$1,731","$1,731",$433,100.0%,4
287182007,Attempted suicide - suffocation,Humana,Commercial,"$1,692","$1,692",$846,0.0%,2
200936003,Lupus erythematosus,NO_INSURANCE,Self-Pay / Uninsured,"$1,691","$1,691",$60,100.0%,28
53827007,Excessive salivation (disorder),UnitedHealthcare,Commercial,"$1,634","$1,634",$409,63.6%,4
127295002,Traumatic brain injury (disorder),Dual Eligible,Government,"$1,624","$1,624",$812,2.2%,2
86849004,Suicidal deliberate poisoning,UnitedHealthcare,Commercial,"$1,621","$1,621",$811,20.0%,2
93143009,Leukemia  disease (disorder),Aetna,Commercial,"$1,619","$1,619",$116,74.7%,14
1734006,Fracture of the vertebral column with spinal cord injury,Blue Cross Blue Shield,Commercial,"$1,577","$1,577",$83,63.7%,19
1734006,Fracture of the vertebral column with spinal cord injury,Cigna Health,Commercial,"$1,565","$1,565",$68,58.8%,23
93143009,Leukemia  disease (disorder),Cigna Health,Commercial,"$1,564","$1,564",$120,58.6%,13
109989006,Multiple myeloma (disorder),Aetna,Commercial,"$1,521","$1,521",$117,59.7%,13
157141000119108,Proteinuria due to type 2 diabetes mellitus (disorder),Dual Eligible,Government,"$1,469","$1,469",$367,2.6%,4
65710008,Acute respiratory failure (disorder),NO_INSURANCE,Self-Pay / Uninsured,"$1,454","$1,454","$1,454",100.0%,1
111287006,Tricuspid valve regurgitation (disorder),Cigna Health,Commercial,"$1,444","$1,444",$481,79.0%,3
1734006,Fracture of the vertebral column with spinal cord injury,UnitedHealthcare,Commercial,"$1,422","$1,422",$84,32.1%,17
127295002,Traumatic brain injury (disorder),NO_INSURANCE,Self-Pay / Uninsured,"$1,420","$1,420","$1,420",100.0%,1
91434003,Pulmonic valve regurgitation (disorder),Dual Eligible,Government,"$1,362","$1,362",$454,0.0%,3
91434003,Pulmonic valve regurgitation (disorder),Anthem,Commercial,"$1,325","$1,325",$442,44.6%,3
36923009,Major depression  single episode,Dual Eligible,Government,"$1,321","$1,321",$220,10.7%,6
76916001,Spina bifida occulta (disorder),Medicaid,Government,"$1,314","$1,314",$119,51.7%,11
200936003,Lupus erythematosus,UnitedHealthcare,Commercial,"$1,300","$1,300",$130,23.3%,10
60951000119105,Blindness due to type 2 diabetes mellitus (disorder),Cigna Health,Commercial,"$1,291","$1,291",$215,100.0%,6
157141000119108,Proteinuria due to type 2 diabetes mellitus (disorder),Medicare,Government,"$1,270","$1,270",$127,17.3%,10
1734006,Fracture of the vertebral column with spinal cord injury,Anthem,Commercial,"$1,252","$1,252",$83,70.8%,15
200936003,Lupus erythematosus,Humana,Commercial,"$1,210","$1,210",$67,71.0%,18
129574000,Postoperative myocardial infarction (disorder),NO_INSURANCE,Self-Pay / Uninsured,"$1,146","$1,146","$1,146",100.0%,1
448417001,Sepsis caused by Staphylococcus aureus,Medicare,Government,"$1,111","$1,111","$1,111",21.0%,1
278365007,Anticoagulant-induced bleeding (disorder),Humana,Commercial,"$1,043","$1,043","$1,043",0.0%,1
127295002,Traumatic brain injury (disorder),Aetna,Commercial,"$1,041","$1,041","$1,041",100.0%,1
109989006,Multiple myeloma (disorder),NO_INSURANCE,Self-Pay / Uninsured,"$1,022","$1,022",$114,100.0%,9
91434003,Pulmonic valve regurgitation (disorder),UnitedHealthcare,Commercial,"$1,010","$1,010",$505,100.0%,2
93143009,Leukemia  disease (disorder),UnitedHealthcare,Commercial,$923,$923,$132,34.8%,7
93143009,Leukemia  disease (disorder),Blue Cross Blue Shield,Commercial,$905,$905,$129,56.3%,7
111287006,Tricuspid valve regurgitation (disorder),Blue Cross Blue Shield,Commercial,$904,$904,$452,61.6%,2
53827007,Excessive salivation (disorder),Blue Cross Blue Shield,Commercial,$898,$898,$449,100.0%,2
157141000119108,Proteinuria due to type 2 diabetes mellitus (disorder),Humana,Commercial,$894,$894,$223,0.0%,4
410429000,Cardiac arrest (disorder),Dual Eligible,Government,$875,$875,$125,0.0%,7
109989006,Multiple myeloma (disorder),Humana,Commercial,$863,$863,$123,86.2%,7
410429000,Cardiac arrest (disorder),Cigna Health,Commercial,$847,$847,$141,58.9%,6
410429000,Cardiac arrest (disorder),Humana,Commercial,$739,$739,$123,77.3%,6
53827007,Excessive salivation (disorder),NO_INSURANCE,Self-Pay / Uninsured,$734,$734,$367,100.0%,2
127295002,Traumatic brain injury (disorder),Cigna Health,Commercial,$729,$729,$729,100.0%,1
414667000,Meningomyelocele (disorder),Anthem,Commercial,$728,$728,$121,53.8%,6
410429000,Cardiac arrest (disorder),Anthem,Commercial,$711,$711,$118,54.4%,6
79619009,Mitral valve stenosis (disorder),Medicare,Government,$695,$695,$139,0.0%,5
109989006,Multiple myeloma (disorder),Anthem,Commercial,$691,$691,$115,20.0%,6
60951000119105,Blindness due to type 2 diabetes mellitus (disorder),Aetna,Commercial,$689,$689,$230,40.0%,3
129574000,Postoperative myocardial infarction (disorder),Aetna,Commercial,$662,$662,$662,0.0%,1
410429000,Cardiac arrest (disorder),Aetna,Commercial,$624,$624,$125,54.2%,5
410429000,Cardiac arrest (disorder),NO_INSURANCE,Self-Pay / Uninsured,$511,$511,$128,100.0%,4
109989006,Multiple myeloma (disorder),UnitedHealthcare,Commercial,$488,$488,$122,32.2%,4
109989006,Multiple myeloma (disorder),Cigna Health,Commercial,$479,$479,$120,58.3%,4
109989006,Multiple myeloma (disorder),Blue Cross Blue Shield,Commercial,$466,$466,$117,33.2%,4
171131006,Meningocele (disorder),Medicaid,Government,$459,$459,$115,43.6%,4
410429000,Cardiac arrest (disorder),UnitedHealthcare,Commercial,$380,$380,$127,58.7%,3
76916001,Spina bifida occulta (disorder),Humana,Commercial,$353,$353,$118,66.2%,3
410429000,Cardiac arrest (disorder),Blue Cross Blue Shield,Commercial,$278,$278,$139,66.9%,2
76916001,Spina bifida occulta (disorder),Blue Cross Blue Shield,Commercial,$273,$273,$137,30.0%,2
225444004,At risk for suicide (finding),NO_INSURANCE,Self-Pay / Uninsured,$248,$248,$62,100.0%,4
171131006,Meningocele (disorder),Anthem,Commercial,$238,$238,$119,60.0%,2
171131006,Meningocele (disorder),Cigna Health,Commercial,$229,$229,$114,100.0%,2
76916001,Spina bifida occulta (disorder),UnitedHealthcare,Commercial,$226,$226,$113,20.0%,2
76916001,Spina bifida occulta (disorder),Cigna Health,Commercial,$219,$219,$109,68.2%,2
83664006,Idiopathic atrophic hypothyroidism,Medicare,Government,$171,$171,$0,26.0%,563
385486001,Postoperative complication,Medicare,Government,$157,$157,$157,0.0%,1
225444004,At risk for suicide (finding),Medicare,Government,$133,$133,$66,0.0%,2
225444004,At risk for suicide (finding),Dual Eligible,Government,$124,$124,$62,28.3%,2
200936003,Lupus erythematosus,Blue Cross Blue Shield,Commercial,$117,$117,$19,56.4%,6
76916001,Spina bifida occulta (disorder),Anthem,Commercial,$114,$114,$114,20.0%,1
171131006,Meningocele (disorder),UnitedHealthcare,Commercial,$114,$114,$114,20.0%,1
76916001,Spina bifida occulta (disorder),Aetna,Commercial,$110,$110,$110,100.0%,1
76916001,Spina bifida occulta (disorder),NO_INSURANCE,Self-Pay / Uninsured,$107,$107,$107,100.0%,1
83664006,Idiopathic atrophic hypothyroidism,Medicaid,Government,$85,$85,$0,99.7%,315
83664006,Idiopathic atrophic hypothyroidism,Dual Eligible,Government,$50,$50,$0,100.0%,194
83664006,Idiopathic atrophic hypothyroidism,Aetna,Commercial,$43,$43,$0,70.3%,139
83664006,Idiopathic atrophic hypothyroidism,Cigna Health,Commercial,$41,$41,$0,63.6%,132
83664006,Idiopathic atrophic hypothyroidism,Humana,Commercial,$39,$39,$0,70.9%,130
83664006,Idiopathic atrophic hypothyroidism,Anthem,Commercial,$33,$33,$0,46.4%,109
83664006,Idiopathic atrophic hypothyroidism,NO_INSURANCE,Self-Pay / Uninsured,$32,$32,$0,100.0%,103
83664006,Idiopathic atrophic hypothyroidism,Blue Cross Blue Shield,Commercial,$25,$25,$0,59.8%,85
83664006,Idiopathic atrophic hypothyroidism,UnitedHealthcare,Commercial,$17,$17,$0,52.7%,55
