Procedure Code,Procedure Name,Payer Name,Payer Type,Total Billed,Total Paid,Gap: Billed Minus Paid,Gap as % of Billed,Number of Claims
243085009,Oral health education (procedure),Medicaid,Government,"$357,698,447","$357,698,038",$408,0.0%,"776,394"
34043003,Dental consultation and report (procedure),NO_INSURANCE,Self-Pay / Uninsured,"$115,298,039","$115,297,631",$408,0.0%,"236,779"
1260010008,Removal of subgingival plaque and calculus from all teeth using dental instrument (procedure),NO_INSURANCE,Self-Pay / Uninsured,"$111,371,355","$111,370,947",$408,0.0%,"228,706"
185345009,Encounter for symptom,Cigna Health,Commercial,"$10,753,891","$10,753,820",$72,0.0%,"153,085"
866429,(no description on file),Humana,Commercial,$283,$283,$0,0.0%,1
52052004,Rehabilitation therapy (regime/therapy),NO_INSURANCE,Self-Pay / Uninsured,"$38,354,116","$38,354,116",$0,0.0%,"79,574"
85548006,Episiotomy,Humana,Commercial,"$32,418,162","$32,418,162",$0,0.0%,"6,028"
103750000,Sleep apnea assessment (procedure),Medicare,Government,"$142,755,117","$142,755,117",$0,0.0%,"291,882"
979494,(no description on file),Blue Cross Blue Shield,Commercial,$276,$276,$0,0.0%,1
106892,(no description on file),Humana,Commercial,"$66,208,676","$66,208,676",$0,0.0%,"135,908"
859088,(no description on file),Dual Eligible,Government,"$2,262,087","$2,262,087",$0,0.0%,"9,817"
310861008,Chlamydia antigen test,Medicare,Government,"$21,325,662","$21,325,662",$0,0.0%,"11,029"
1535362,(no description on file),Medicare,Government,"$120,042,504","$120,042,504",$0,0.0%,"466,976"
308136,(no description on file),UnitedHealthcare,Commercial,"$177,152","$177,152",$0,0.0%,"85,982"
313782,(no description on file),Medicare,Government,"$10,785,792","$10,785,792",$0,0.0%,"56,431"
49,(no description on file),Medicaid,Government,"$12,447,128","$12,447,128",$0,0.0%,"91,523"
854235,(no description on file),Medicaid,Government,"$546,495","$546,495",$0,0.0%,"44,496"
25656009,Physical examination  complete (procedure),Dual Eligible,Government,"$10,477,630","$10,477,630",$0,0.0%,"23,076"
834102,(no description on file),Humana,Commercial,"$893,756","$893,756",$0,0.0%,"4,233"
108515,(no description on file),Cigna Health,Commercial,"$2,189,483","$2,189,483",$0,0.0%,"8,482"
66348005,Childbirth,Anthem,Commercial,"$4,554,734","$4,554,734",$0,0.0%,"9,402"
65200003,Insertion of intrauterine contraceptive device,UnitedHealthcare,Commercial,"$47,162,756","$47,162,756",$0,0.0%,"5,334"
861467,(no description on file),Medicare,Government,"$607,098","$607,098",$0,0.0%,"6,194"
61746007,Taking patient vital signs (procedure),Anthem,Commercial,"$845,712","$845,712",$0,0.0%,"1,729"
834102,(no description on file),Aetna,Commercial,"$742,103","$742,103",$0,0.0%,"3,472"
904419,(no description on file),Aetna,Commercial,"$62,596","$62,596",$0,0.0%,"6,149"
993770,(no description on file),Aetna,Commercial,"$3,027,764","$3,027,764",$0,0.0%,"11,657"
162676008,Brief general examination (procedure),Aetna,Commercial,"$883,726","$883,726",$0,0.0%,"6,514"
424441002,Prenatal initial visit,Anthem,Commercial,"$2,949,535","$2,949,535",$0,0.0%,"25,230"
834102,(no description on file),Medicare,Government,"$1,509,794","$1,509,794",$0,0.0%,"7,127"
370789001,Development of individualized plan of care (procedure),Anthem,Commercial,"$2,669,501","$2,669,501",$0,0.0%,"5,473"
83,(no description on file),Aetna,Commercial,"$1,411,816","$1,411,816",$0,0.0%,"10,381"
831533,(no description on file),Medicaid,Government,"$10,412,600","$10,412,600",$0,0.0%,"13,023"
449411000124106,Admission to skilled nursing facility (procedure),Dual Eligible,Government,"$1,019,022","$1,019,022",$0,0.0%,"8,682"
979485,(no description on file),NO_INSURANCE,Self-Pay / Uninsured,"$20,665","$20,665",$0,0.0%,"3,901"
703423002,Combined chemotherapy and radiation therapy (procedure),Medicaid,Government,"$227,516,677","$227,516,677",$0,0.0%,"6,309"
859088,(no description on file),UnitedHealthcare,Commercial,"$1,169,455","$1,169,455",$0,0.0%,"4,613"
229095001,Exercise class,Aetna,Commercial,"$1,176,976","$1,176,976",$0,0.0%,"2,426"
1599803,(no description on file),Medicare,Government,"$2,668,353","$2,668,353",$0,0.0%,"4,529"
2563431,(no description on file),NO_INSURANCE,Self-Pay / Uninsured,"$671,376","$671,376",$0,0.0%,"2,727"
705129,(no description on file),Aetna,Commercial,"$535,458","$535,458",$0,0.0%,"2,808"
63332003,History AND physical examination (procedure),UnitedHealthcare,Commercial,"$1,798,129","$1,798,129",$0,0.0%,"3,580"
23745001,Documentation procedure (procedure),Anthem,Commercial,"$492,509","$492,509",$0,0.0%,"1,013"
169673001,Antenatal RhD antibody screening,Anthem,Commercial,"$3,733,039","$3,733,039",$0,0.0%,"1,974"
133899007,Postoperative care (regime/therapy),Blue Cross Blue Shield,Commercial,"$1,130,391","$1,130,391",$0,0.0%,"2,207"
309097,(no description on file),UnitedHealthcare,Commercial,"$990,222","$990,222",$0,0.0%,"1,321"
63697000,Cardiopulmonary bypass operation (procedure),Blue Cross Blue Shield,Commercial,"$246,399","$246,399",$0,0.0%,488
79345008,Excision of maxillary torus palatinus (procedure),Medicare,Government,"$1,220,912","$1,220,912",$0,0.0%,"2,494"
54550000,Electroencephalogram (procedure),UnitedHealthcare,Commercial,"$2,720,861","$2,720,861",$0,0.0%,288
895996,(no description on file),Cigna Health,Commercial,"$4,032,024","$4,032,024",$0,0.0%,"15,492"
32485007,Hospital admission (procedure),Cigna Health,Commercial,"$390,546","$390,546",$0,0.0%,"3,361"
1870230,(no description on file),Aetna,Commercial,"$280,058","$280,058",$0,0.0%,"1,284"
386478007,Triage emergency center (procedure),Cigna Health,Commercial,"$872,240","$872,240",$0,0.0%,"1,790"
1860480,(no description on file),UnitedHealthcare,Commercial,"$1,970","$1,970",$0,0.0%,64
410538000,Scheduling (procedure),NO_INSURANCE,Self-Pay / Uninsured,"$513,794","$513,794",$0,0.0%,"1,057"
80146002,Appendectomy,Cigna Health,Commercial,"$5,960,059","$5,960,059",$0,0.0%,490
14736009,History and physical examination with evaluation and management of patient (procedure),UnitedHealthcare,Commercial,"$640,904","$640,904",$0,0.0%,"1,274"
302761001,Walking exercise test (procedure),Humana,Commercial,"$681,556","$681,556",$0,0.0%,"1,352"
1856546,(no description on file),Blue Cross Blue Shield,Commercial,"$31,269","$31,269",$0,0.0%,"1,410"
1433873,(no description on file),Medicaid,Government,"$305,559","$305,559",$0,0.0%,"1,307"
223495004,Preparation of patient for procedure (regime/therapy),UnitedHealthcare,Commercial,"$314,754","$314,754",$0,0.0%,630
807283,(no description on file),NO_INSURANCE,Self-Pay / Uninsured,"$34,484","$34,484",$0,0.0%,"1,586"
26212005,Replacement of aortic valve (procedure),Medicare,Government,"$214,395","$214,395",$0,0.0%,437
313191000,Injection of epinephrine (procedure),UnitedHealthcare,Commercial,"$1,460,136","$1,460,136",$0,0.0%,582
24623002,Screening mammography (procedure),Cigna Health,Commercial,"$20,727","$20,727",$0,0.0%,171
772071006,Referral to dentist (procedure),Cigna Health,Commercial,"$28,880","$28,880",$0,0.0%,59
367494004,Premature birth of newborn (finding),Blue Cross Blue Shield,Commercial,"$116,329","$116,329",$0,0.0%,229
713024005,Plain X-ray of wrist region (procedure),Aetna,Commercial,"$154,582","$154,582",$0,0.0%,291
180207008,Intravenous blood transfusion of packed cells (procedure),Blue Cross Blue Shield,Commercial,"$841,785","$841,785",$0,0.0%,375
234262008,Excision of axillary lymph node (procedure),Medicaid,Government,"$111,085","$111,085",$0,0.0%,101
91602002,Thoracentesis (procedure),Anthem,Commercial,"$385,310","$385,310",$0,0.0%,28
197379,(no description on file),Cigna Health,Commercial,"$3,315","$3,315",$0,0.0%,14
979471,(no description on file),Medicare,Government,"$33,219","$33,219",$0,0.0%,127
15081005,Pulmonary rehabilitation (regime/therapy),Aetna,Commercial,"$528,217","$528,217",$0,0.0%,264
310261,(no description on file),Medicare,Government,"$1,924,594","$1,924,594",$0,0.0%,156
2001499,(no description on file),NO_INSURANCE,Self-Pay / Uninsured,"$50,688","$50,688",$0,0.0%,518
312853008,Medical records review (procedure),Cigna Health,Commercial,"$36,830","$36,830",$0,0.0%,75
1997015,(no description on file),Anthem,Commercial,"$35,964","$35,964",$0,0.0%,134
866436,(no description on file),Humana,Commercial,"$10,745","$10,745",$0,0.0%,43
310436,(no description on file),Cigna Health,Commercial,"$4,855","$4,855",$0,0.0%,117
713024005,Plain X-ray of wrist region (procedure),Dual Eligible,Government,"$72,159","$72,159",$0,0.0%,142
597195,(no description on file),NO_INSURANCE,Self-Pay / Uninsured,$29,$29,$0,0.0%,27
446987006,Determination of susceptibility of Human immunodeficiency virus 1 to panel of antiretroviral drugs using genotypic technique (procedure),UnitedHealthcare,Commercial,"$12,667","$12,667",$0,0.0%,28
171121004,Human immunodeficiency virus screening (procedure),NO_INSURANCE,Self-Pay / Uninsured,"$21,234","$21,234",$0,0.0%,44
122548005,Biopsy of breast (procedure),UnitedHealthcare,Commercial,"$583,456","$583,456",$0,0.0%,152
445912000,Excision of fallopian tube and surgical removal of ectopic pregnancy,Blue Cross Blue Shield,Commercial,"$902,716","$902,716",$0,0.0%,118
1536148,(no description on file),Cigna Health,Commercial,"$24,549","$24,549",$0,0.0%,92
313398001,Hepatitis antibody test (procedure),Medicare,Government,"$9,110","$9,110",$0,0.0%,18
165355002,Patient informed - test result (situation),Medicare,Government,"$67,992","$67,992",$0,0.0%,136
80146002,Appendectomy,Dual Eligible,Government,"$1,504,556","$1,504,556",$0,0.0%,141
749196,(no description on file),UnitedHealthcare,Commercial,"$31,061","$31,061",$0,0.0%,123
309078,(no description on file),NO_INSURANCE,Self-Pay / Uninsured,"$10,913","$10,913",$0,0.0%,43
349199,(no description on file),Medicare,Government,"$18,008","$18,008",$0,0.0%,74
141962,(no description on file),UnitedHealthcare,Commercial,"$20,055","$20,055",$0,0.0%,77
311353,(no description on file),Dual Eligible,Government,"$13,782","$13,782",$0,0.0%,60
446987006,Determination of susceptibility of Human immunodeficiency virus 1 to panel of antiretroviral drugs using genotypic technique (procedure),Cigna Health,Commercial,"$23,903","$23,903",$0,0.0%,49
854905,(no description on file),Medicare,Government,"$5,721","$5,721",$0,0.0%,22
108219001,Physician visit with evaluation AND/OR management service (procedure),Aetna,Commercial,"$2,272","$2,272",$0,0.0%,19
387685009,Surgical manipulation of shoulder joint,Anthem,Commercial,"$901,536","$901,536",$0,0.0%,56
418891003,Computed tomography of chest and abdomen,UnitedHealthcare,Commercial,"$390,580","$390,580",$0,0.0%,53
197905,(no description on file),NO_INSURANCE,Self-Pay / Uninsured,"$1,614","$1,614",$0,0.0%,7
856457,(no description on file),Dual Eligible,Government,"$2,587","$2,587",$0,0.0%,11
167252002,Urine pregnancy test (procedure),Anthem,Commercial,"$8,915","$8,915",$0,0.0%,16
801095,(no description on file),UnitedHealthcare,Commercial,"$1,413","$1,413",$0,0.0%,5
429609002,Lung volume reduction surgery (procedure),Anthem,Commercial,"$245,611","$245,611",$0,0.0%,9
200346,(no description on file),UnitedHealthcare,Commercial,"$5,721","$5,721",$0,0.0%,22
180030006,Amputation of right foot,Anthem,Commercial,"$169,384","$169,384",$0,0.0%,9
113120007,Interstitial brachytherapy (procedure),Dual Eligible,Government,"$135,063","$135,063",$0,0.0%,8
225415001,Close observation (regime/therapy),Cigna Health,Commercial,"$2,669","$2,669",$0,0.0%,6
349353,(no description on file),Medicaid,Government,"$3,067","$3,067",$0,0.0%,13
349201,(no description on file),UnitedHealthcare,Commercial,$339,$339,$0,0.0%,2
859426,(no description on file),Medicare,Government,$757,$757,$0,0.0%,3
1373463,(no description on file),Anthem,Commercial,"$17,519","$17,519",$0,0.0%,3
896762,(no description on file),Anthem,Commercial,$470,$470,$0,0.0%,2
856448,(no description on file),Blue Cross Blue Shield,Commercial,$522,$522,$0,0.0%,2
861646,(no description on file),Blue Cross Blue Shield,Commercial,$308,$308,$0,0.0%,1
709640007,Doppler ultrasonography of renal vein (procedure),UnitedHealthcare,Commercial,$484,$484,$0,0.0%,1
1373463,(no description on file),Aetna,Commercial,"$15,337","$15,337",$0,0.0%,2
33879002,Administration of vaccine to produce active immunity (procedure),Aetna,Commercial,"$15,376,592","$15,376,592",$0,0.0%,"131,453"
225362009,Dental care (regime/therapy),Medicare,Government,"$456,461,554","$456,461,554",$0,0.0%,"933,303"
183460006,Obstetric emergency hospital admission,Medicaid,Government,"$8,285,689","$8,285,689",$0,0.0%,"66,125"
310798,(no description on file),Medicaid,Government,"$511,432","$511,432",$0,0.0%,"524,741"
424619006,Prenatal visit,Aetna,Commercial,"$12,971,024","$12,971,024",$0,0.0%,"109,275"
630208,(no description on file),Aetna,Commercial,"$6,379,445","$6,379,445",$0,0.0%,"24,504"
979464,(no description on file),UnitedHealthcare,Commercial,$261,$261,$0,0.0%,1
207,(no description on file),Medicaid,Government,"$22,407,360","$22,407,360",$0,0.0%,"164,747"
243063003,Postoperative procedure education (procedure),Humana,Commercial,"$681,556","$681,556",$0,0.0%,"1,352"
106892,(no description on file),Anthem,Commercial,"$59,130,694","$59,130,694",$0,0.0%,"119,201"
715252007,Depression screening using Patient Health Questionnaire Nine Item score (procedure),Aetna,Commercial,"$2,416","$2,416",$0,0.0%,"50,441"
305336008,Admission to hospice (procedure),Dual Eligible,Government,"$1,490,339","$1,490,339",$0,0.0%,"12,257"
183452005,Emergency hospital admission (procedure),Medicaid,Government,"$993,835","$993,835",$0,0.0%,"13,506"
173291009,Simple extraction of tooth (procedure),Medicaid,Government,"$11,493,259","$11,493,259",$0,0.0%,"24,958"
386478007,Triage emergency center (procedure),Medicaid,Government,"$3,322,827","$3,322,827",$0,0.0%,"7,150"
410770002,Administration of anesthesia for procedure (procedure),Medicare,Government,"$3,792,184","$3,792,184",$0,0.0%,"7,731"
212,(no description on file),Blue Cross Blue Shield,Commercial,"$416,840","$416,840",$0,0.0%,"3,065"
895996,(no description on file),Blue Cross Blue Shield,Commercial,"$2,964,915","$2,964,915",$0,0.0%,"11,645"
76746007,Cardiovascular stress testing (procedure),Medicare,Government,"$629,664","$629,664",$0,0.0%,"1,287"
290045001,Kitchen practice,Cigna Health,Commercial,"$707,245","$707,245",$0,0.0%,"1,448"
2103182,(no description on file),Dual Eligible,Government,"$29,481","$29,481",$0,0.0%,"2,845"
225386006,Pre-discharge assessment (procedure),Medicare,Government,"$13,738,635","$13,738,635",$0,0.0%,"28,038"
389221,(no description on file),Cigna Health,Commercial,"$285,542","$285,542",$0,0.0%,"5,555"
10,(no description on file),Anthem,Commercial,"$2,593,384","$2,593,384",$0,0.0%,"19,069"
854252,(no description on file),Blue Cross Blue Shield,Commercial,"$70,956","$70,956",$0,0.0%,"4,109"
117010004,Urine culture,Anthem,Commercial,"$32,116,523","$32,116,523",$0,0.0%,"16,835"
133899007,Postoperative care (regime/therapy),NO_INSURANCE,Self-Pay / Uninsured,"$1,356,217","$1,356,217",$0,0.0%,"2,606"
542347,(no description on file),Dual Eligible,Government,$259,$259,$0,0.0%,"1,694"
183478001,Emergency hospital admission for asthma,Aetna,Commercial,"$264,742","$264,742",$0,0.0%,"2,191"
855332,(no description on file),Aetna,Commercial,"$19,632","$19,632",$0,0.0%,"1,720"
104435004,Screening for occult blood in feces (procedure),Medicaid,Government,"$27,095,792","$27,095,792",$0,0.0%,"5,004"
314098000,Rubella screening test (procedure),Blue Cross Blue Shield,Commercial,"$2,434,730","$2,434,730",$0,0.0%,"4,784"
308283009,Discharge from hospital (procedure),Aetna,Commercial,"$1,406,835","$1,406,835",$0,0.0%,"2,790"
304531008,Treatment side effects education (procedure),Medicare,Government,"$443,326","$443,326",$0,0.0%,901
71493000,Transfusion of packed red blood cells (procedure),Cigna Health,Commercial,"$1,410,970","$1,410,970",$0,0.0%,"1,045"
409023009,Professional / ancillary services care (regime/therapy),Blue Cross Blue Shield,Commercial,"$9,143,408","$9,143,408",$0,0.0%,"3,410"
168594001,Clavicle X-ray,Medicaid,Government,"$1,953,985","$1,953,985",$0,0.0%,"4,195"
54550000,Electroencephalogram (procedure),Blue Cross Blue Shield,Commercial,"$2,893,887","$2,893,887",$0,0.0%,300
351136,(no description on file),Dual Eligible,Government,"$945,579","$945,579",$0,0.0%,"4,134"
90470006,Prostatectomy,Medicaid,Government,"$1,132,275","$1,132,275",$0,0.0%,181
1870230,(no description on file),Anthem,Commercial,"$251,752","$251,752",$0,0.0%,"1,183"
1505002,Hospital admission for isolation (procedure),Cigna Health,Commercial,"$215,498","$215,498",$0,0.0%,"1,786"
165829005,Gonorrhea infection titer test (procedure),Medicare,Government,"$21,184,896","$21,184,896",$0,0.0%,"11,029"
757594,(no description on file),Blue Cross Blue Shield,Commercial,"$3,691,803","$3,691,803",$0,0.0%,"4,228"
439708006,Home visit (procedure),NO_INSURANCE,Self-Pay / Uninsured,"$226,199","$226,199",$0,0.0%,"1,809"
1648755,(no description on file),NO_INSURANCE,Self-Pay / Uninsured,"$419,568","$419,568",$0,0.0%,"1,628"
542347,(no description on file),Medicaid,Government,$370,$370,$0,0.0%,"2,460"
745752,(no description on file),Aetna,Commercial,"$2,036,579","$2,036,579",$0,0.0%,"7,801"
1049504,(no description on file),Blue Cross Blue Shield,Commercial,"$2,608,158","$2,608,158",$0,0.0%,"10,212"
1870230,(no description on file),NO_INSURANCE,Self-Pay / Uninsured,"$282,149","$282,149",$0,0.0%,"1,358"
25656009,Physical examination  complete (procedure),Humana,Commercial,"$229,391","$229,391",$0,0.0%,459
1290407002,Plain X-ray of knee region (procedure),UnitedHealthcare,Commercial,"$121,922","$121,922",$0,0.0%,236
71493000,Transfusion of packed red blood cells (procedure),Humana,Commercial,"$1,567,056","$1,567,056",$0,0.0%,"1,125"
1263416007,Removal of intrauterine contraceptive device (procedure),Aetna,Commercial,"$729,442","$729,442",$0,0.0%,"1,401"
23745001,Documentation procedure (procedure),NO_INSURANCE,Self-Pay / Uninsured,"$488,103","$488,103",$0,0.0%,999
855332,(no description on file),UnitedHealthcare,Commercial,"$9,601","$9,601",$0,0.0%,962
60027007,Radiography of wrist (procedure),NO_INSURANCE,Self-Pay / Uninsured,"$328,073","$328,073",$0,0.0%,688
713024005,Plain X-ray of wrist region (procedure),Blue Cross Blue Shield,Commercial,"$151,901","$151,901",$0,0.0%,295
1648756,(no description on file),Cigna Health,Commercial,"$40,489","$40,489",$0,0.0%,148
392021009,Lumpectomy of breast (procedure),Anthem,Commercial,"$4,607,409","$4,607,409",$0,0.0%,144
2003249,(no description on file),NO_INSURANCE,Self-Pay / Uninsured,"$89,042","$89,042",$0,0.0%,340
698354004,Magnetic resonance imaging for measurement of brain volume (procedure),NO_INSURANCE,Self-Pay / Uninsured,"$1,033,303","$1,033,303",$0,0.0%,97
483438,(no description on file),Medicaid,Government,"$1,689","$1,689",$0,0.0%,82
45595009,Laparoscopic Removal of Gall Bladder,Dual Eligible,Government,"$546,804","$546,804",$0,0.0%,128
1536144,(no description on file),Aetna,Commercial,"$12,290","$12,290",$0,0.0%,43
26212005,Replacement of aortic valve (procedure),UnitedHealthcare,Commercial,"$15,152","$15,152",$0,0.0%,31
205532,(no description on file),Medicaid,Government,"$71,415","$71,415",$0,0.0%,81
205326,(no description on file),Medicare,Government,"$10,836","$10,836",$0,0.0%,44
313191000,Injection of epinephrine (procedure),Blue Cross Blue Shield,Commercial,"$1,505,850","$1,505,850",$0,0.0%,596
24623002,Screening mammography (procedure),Blue Cross Blue Shield,Commercial,"$14,181","$14,181",$0,0.0%,120
197884,(no description on file),Medicaid,Government,"$24,466","$24,466",$0,0.0%,109
1723208,(no description on file),Humana,Commercial,$877,$877,$0,0.0%,304
33,(no description on file),Blue Cross Blue Shield,Commercial,"$18,632","$18,632",$0,0.0%,137
727762,(no description on file),Medicare,Government,"$28,314","$28,314",$0,0.0%,136
483438,(no description on file),Dual Eligible,Government,"$9,647","$9,647",$0,0.0%,426
15081005,Pulmonary rehabilitation (regime/therapy),Anthem,Commercial,"$589,550","$589,550",$0,0.0%,291
417511005,Referral to home health care service (procedure),NO_INSURANCE,Self-Pay / Uninsured,"$48,373","$48,373",$0,0.0%,98
866514,(no description on file),Dual Eligible,Government,"$43,742","$43,742",$0,0.0%,186
47505003,posttraumatic stress disorder,Dual Eligible,Government,"$19,630","$19,630",$0,0.0%,161
1290407002,Plain X-ray of knee region (procedure),NO_INSURANCE,Self-Pay / Uninsured,"$133,770","$133,770",$0,0.0%,258
171121004,Human immunodeficiency virus screening (procedure),Aetna,Commercial,"$22,249","$22,249",$0,0.0%,45
58390007,Allogeneic bone marrow transplantation (procedure),Dual Eligible,Government,"$10,044","$10,044",$0,0.0%,23
999999,(no description on file),Cigna Health,Commercial,"$20,595","$20,595",$0,0.0%,82
252480006,Simple walk test (procedure),NO_INSURANCE,Self-Pay / Uninsured,"$25,804","$25,804",$0,0.0%,53
165355002,Patient informed - test result (situation),Blue Cross Blue Shield,Commercial,"$73,799","$73,799",$0,0.0%,146
180325003,Direct current cardioversion (procedure),Anthem,Commercial,"$1,224,077","$1,224,077",$0,0.0%,52
310261,(no description on file),Dual Eligible,Government,"$411,144","$411,144",$0,0.0%,36
349199,(no description on file),Cigna Health,Commercial,"$3,820","$3,820",$0,0.0%,14
859747,(no description on file),Dual Eligible,Government,"$10,313","$10,313",$0,0.0%,48
42839003,Repair of myelomeningocele (procedure),Medicaid,Government,"$4,299","$4,299",$0,0.0%,9
187,(no description on file),Anthem,Commercial,"$5,168","$5,168",$0,0.0%,38
200064,(no description on file),Blue Cross Blue Shield,Commercial,"$8,531","$8,531",$0,0.0%,23
387685009,Surgical manipulation of shoulder joint,NO_INSURANCE,Self-Pay / Uninsured,"$776,888","$776,888",$0,0.0%,47
751616,(no description on file),Medicaid,Government,"$3,267","$3,267",$0,0.0%,15
399217008,Cardioassist by aortic balloon pump (procedure),Aetna,Commercial,"$18,455","$18,455",$0,0.0%,37
859747,(no description on file),Cigna Health,Commercial,"$5,422","$5,422",$0,0.0%,19
199885,(no description on file),Medicaid,Government,"$4,519","$4,519",$0,0.0%,18
1809104,(no description on file),Humana,Commercial,"$1,307","$1,307",$0,0.0%,251
384692006,Intracavitary brachytherapy (procedure),Medicaid,Government,"$256,267","$256,267",$0,0.0%,14
617320,(no description on file),Aetna,Commercial,"$2,450","$2,450",$0,0.0%,9
305411003,Admission to thoracic surgery department,Aetna,Commercial,"$1,739","$1,739",$0,0.0%,15
198188,(no description on file),Medicare,Government,"$3,425","$3,425",$0,0.0%,13
596926,(no description on file),Cigna Health,Commercial,$89,$89,$0,0.0%,4
751623,(no description on file),Medicaid,Government,"$1,458","$1,458",$0,0.0%,7
859753,(no description on file),Medicaid,Government,"$1,045","$1,045",$0,0.0%,5
225415001,Close observation (regime/therapy),UnitedHealthcare,Commercial,"$1,617","$1,617",$0,0.0%,3
827075,(no description on file),Cigna Health,Commercial,$565,$565,$0,0.0%,2
860518,(no description on file),UnitedHealthcare,Commercial,$380,$380,$0,0.0%,2
213432,(no description on file),UnitedHealthcare,Commercial,$233,$233,$0,0.0%,1
308429,(no description on file),NO_INSURANCE,Self-Pay / Uninsured,$209,$209,$0,0.0%,1
861356,(no description on file),UnitedHealthcare,Commercial,$283,$283,$0,0.0%,1
282755,(no description on file),Dual Eligible,Government,$283,$283,$0,0.0%,1
314076,(no description on file),Humana,Commercial,"$378,569","$378,569",$0,0.0%,"209,206"
198440,(no description on file),Cigna Health,Commercial,$871,$871,$0,0.0%,"23,553"
44608003,Blood group typing (procedure),Medicaid,Government,"$105,580,879","$105,580,879",$0,0.0%,"58,044"
454711000124102,Depression screening using Patient Health Questionnaire Two-Item score (procedure),NO_INSURANCE,Self-Pay / Uninsured,"$10,398","$10,398",$0,0.0%,"225,981"
308283009,Discharge from hospital (procedure),Blue Cross Blue Shield,Commercial,"$1,034,970","$1,034,970",$0,0.0%,"2,041"
117010004,Urine culture,Medicare,Government,"$21,204,253","$21,204,253",$0,0.0%,"11,029"
265764009,Renal dialysis (procedure),NO_INSURANCE,Self-Pay / Uninsured,"$448,090,747","$448,090,747",$0,0.0%,"595,625"
52,(no description on file),UnitedHealthcare,Commercial,"$1,215,024","$1,215,024",$0,0.0%,"8,934"
762993000,Assessment using Morse Fall Scale (procedure),Cigna Health,Commercial,"$219,345","$219,345",$0,0.0%,"4,789"
448337001,Telemedicine consultation with patient,Cigna Health,Commercial,"$413,787","$413,787",$0,0.0%,"4,137"
197604,(no description on file),Medicare,Government,"$132,982,330","$132,982,330",$0,0.0%,"101,876"
433236007,Transthoracic echocardiography (procedure),Medicare,Government,"$5,000,205","$5,000,205",$0,0.0%,"9,944"
831533,(no description on file),Humana,Commercial,"$5,076,077","$5,076,077",$0,0.0%,"5,723"
71651007,Mammography (procedure),Dual Eligible,Government,"$1,742,639","$1,742,639",$0,0.0%,"15,815"
449214001,Transfer to stepdown unit (procedure),Humana,Commercial,"$424,395","$424,395",$0,0.0%,573
849574,(no description on file),Blue Cross Blue Shield,Commercial,"$1,399,910","$1,399,910",$0,0.0%,"5,924"
44608003,Blood group typing (procedure),Medicare,Government,"$37,629,285","$37,629,285",$0,0.0%,"19,631"
71493000,Transfusion of packed red blood cells (procedure),Medicaid,Government,"$3,388,835","$3,388,835",$0,0.0%,"2,688"
896001,(no description on file),Blue Cross Blue Shield,Commercial,"$1,494,800","$1,494,800",$0,0.0%,"5,861"
167271000,Urine protein test,Anthem,Commercial,"$31,914,193","$31,914,193",$0,0.0%,"16,835"
308335008,Patient encounter procedure,NO_INSURANCE,Self-Pay / Uninsured,"$10,657,557","$10,657,557",$0,0.0%,"90,135"
228557008,Cognitive and behavioral therapy (regime/therapy),Blue Cross Blue Shield,Commercial,"$74,127,007","$74,127,007",$0,0.0%,"7,420"
1535362,(no description on file),Blue Cross Blue Shield,Commercial,"$22,391,339","$22,391,339",$0,0.0%,"87,000"
10383002,Counseling for termination of pregnancy,Medicare,Government,"$1,457,757","$1,457,757",$0,0.0%,"2,949"
398171003,Hearing examination (procedure),Medicaid,Government,"$7,185,598","$7,185,598",$0,0.0%,"2,631"
868187001,Assessment using Car  Relax  Alone  Forget  Friends  Trouble Screening Test (procedure),UnitedHealthcare,Commercial,"$2,897","$2,897",$0,0.0%,"25,639"
21,(no description on file),NO_INSURANCE,Self-Pay / Uninsured,"$1,419,704","$1,419,704",$0,0.0%,"10,439"
831533,(no description on file),UnitedHealthcare,Commercial,"$2,554,649","$2,554,649",$0,0.0%,"2,883"
44608003,Blood group typing (procedure),Dual Eligible,Government,"$11,734,270","$11,734,270",$0,0.0%,"6,568"
284053004,Tooth socket procedure (procedure),Medicare,Government,"$3,011,176","$3,011,176",$0,0.0%,"6,178"
397821002,Patient transfer to intensive care unit (procedure),NO_INSURANCE,Self-Pay / Uninsured,"$119,110","$119,110",$0,0.0%,977
433236007,Transthoracic echocardiography (procedure),Cigna Health,Commercial,"$914,453","$914,453",$0,0.0%,"1,877"
228557008,Cognitive and behavioral therapy (regime/therapy),Humana,Commercial,"$98,277,350","$98,277,350",$0,0.0%,"9,815"
904419,(no description on file),Anthem,Commercial,"$47,503","$47,503",$0,0.0%,"4,679"
197319,(no description on file),Dual Eligible,Government,"$83,814","$83,814",$0,0.0%,310
162676008,Brief general examination (procedure),Anthem,Commercial,"$884,144","$884,144",$0,0.0%,"6,438"
1719286,(no description on file),Cigna Health,Commercial,$178,$178,$0,0.0%,"1,568"
65677008,Pulmonary catheterization with Swan-Ganz catheter (procedure),Anthem,Commercial,"$493,109","$493,109",$0,0.0%,"1,014"
392091000,Care regimes assessment (procedure),Medicaid,Government,"$1,499,852","$1,499,852",$0,0.0%,"2,733"
183478001,Emergency hospital admission for asthma,Blue Cross Blue Shield,Commercial,"$229,303","$229,303",$0,0.0%,"1,754"
14736009,History and physical examination with evaluation and management of patient (procedure),Anthem,Commercial,"$845,712","$845,712",$0,0.0%,"1,729"
763302001,Assessment using Alcohol Use Disorders Identification Test - Consumption (procedure),UnitedHealthcare,Commercial,"$3,275","$3,275",$0,0.0%,"80,284"
835603,(no description on file),Aetna,Commercial,"$4,134,681","$4,134,681",$0,0.0%,"15,879"
314098000,Rubella screening test (procedure),Aetna,Commercial,"$2,736,137","$2,736,137",$0,0.0%,"5,277"
473231009,Renal disorder medication review (procedure),Blue Cross Blue Shield,Commercial,"$1,359,902","$1,359,902",$0,0.0%,"2,720"
21,(no description on file),Cigna Health,Commercial,"$1,358,912","$1,358,912",$0,0.0%,"9,992"
197319,(no description on file),NO_INSURANCE,Self-Pay / Uninsured,"$52,594","$52,594",$0,0.0%,188
170838006,Allergic disorder follow-up assessment,Medicare,Government,"$235,633","$235,633",$0,0.0%,"1,988"
386478007,Triage emergency center (procedure),UnitedHealthcare,Commercial,"$640,904","$640,904",$0,0.0%,"1,274"
33195004,External beam radiation therapy procedure (procedure),Cigna Health,Commercial,"$2,508,339","$2,508,339",$0,0.0%,"2,618"
866412,(no description on file),Humana,Commercial,"$774,174","$774,174",$0,0.0%,"3,014"
305351004,Admission to intensive care unit (procedure),Anthem,Commercial,"$20,187,207","$20,187,207",$0,0.0%,728
290045001,Kitchen practice,NO_INSURANCE,Self-Pay / Uninsured,"$1,063,903","$1,063,903",$0,0.0%,"2,210"
15220000,Laboratory test (procedure),Cigna Health,Commercial,"$316,399","$316,399",$0,0.0%,652
61746007,Taking patient vital signs (procedure),Humana,Commercial,"$1,191,221","$1,191,221",$0,0.0%,"2,365"
1225002,Upper arm X-ray,NO_INSURANCE,Self-Pay / Uninsured,"$382,014","$382,014",$0,0.0%,807
33,(no description on file),NO_INSURANCE,Self-Pay / Uninsured,"$57,800","$57,800",$0,0.0%,425
238100,(no description on file),Medicare,Government,$196,$196,$0,0.0%,228
617296,(no description on file),UnitedHealthcare,Commercial,"$68,082","$68,082",$0,0.0%,264
234336002,Hemopoietic stem cell transplant (procedure),Medicare,Government,"$130,242","$130,242",$0,0.0%,264
106258,(no description on file),Aetna,Commercial,"$50,924","$50,924",$0,0.0%,259
316744009,Office Visit,NO_INSURANCE,Self-Pay / Uninsured,"$14,222","$14,222",$0,0.0%,206
252480006,Simple walk test (procedure),Medicaid,Government,"$89,355","$89,355",$0,0.0%,195
312938,(no description on file),Dual Eligible,Government,$148,$148,$0,0.0%,84
617310,(no description on file),NO_INSURANCE,Self-Pay / Uninsured,"$15,779","$15,779",$0,0.0%,61
170838006,Allergic disorder follow-up assessment,Cigna Health,Commercial,"$101,899","$101,899",$0,0.0%,869
713021002,Plain X-ray of pelvis (procedure),Anthem,Commercial,"$35,691","$35,691",$0,0.0%,70
197591,(no description on file),Cigna Health,Commercial,"$1,240","$1,240",$0,0.0%,124
763228001,Assessment using Canadian Study of Health and Aging Clinical Frailty Scale (procedure),Anthem,Commercial,"$29,775","$29,775",$0,0.0%,64
241055006,Mammogram - symptomatic (procedure),Humana,Commercial,"$15,942","$15,942",$0,0.0%,137
314077,(no description on file),Anthem,Commercial,"$52,023","$52,023",$0,0.0%,199
252559,(no description on file),Medicaid,Government,"$19,911","$19,911",$0,0.0%,87
617311,(no description on file),Cigna Health,Commercial,"$26,091","$26,091",$0,0.0%,106
371361000119107,Comprehensive metabolic panel (procedure),NO_INSURANCE,Self-Pay / Uninsured,"$77,817","$77,817",$0,0.0%,161
866511,(no description on file),Medicare,Government,"$32,667","$32,667",$0,0.0%,129
966524,(no description on file),Cigna Health,Commercial,"$31,113","$31,113",$0,0.0%,130
562508,(no description on file),Cigna Health,Commercial,"$24,275","$24,275",$0,0.0%,93
171122006,Hepatitis B screening (procedure),Humana,Commercial,"$22,748","$22,748",$0,0.0%,44
866924,(no description on file),Anthem,Commercial,"$13,759","$13,759",$0,0.0%,51
69031006,Excision of breast tissue (procedure),NO_INSURANCE,Self-Pay / Uninsured,"$310,882","$310,882",$0,0.0%,88
200031,(no description on file),Medicare,Government,"$54,560","$54,560",$0,0.0%,198
709010006,Liaising with referral source (procedure),Humana,Commercial,"$35,824","$35,824",$0,0.0%,71
104308009,Serologic test for Toxoplasma gondii (procedure),NO_INSURANCE,Self-Pay / Uninsured,"$17,310","$17,310",$0,0.0%,37
171128005,Venereal disease screening (procedure),Blue Cross Blue Shield,Commercial,"$15,389","$15,389",$0,0.0%,31
413107006,Hepatitis C screening (procedure),Cigna Health,Commercial,"$23,903","$23,903",$0,0.0%,49
26212005,Replacement of aortic valve (procedure),NO_INSURANCE,Self-Pay / Uninsured,"$22,917","$22,917",$0,0.0%,47
313002,(no description on file),Aetna,Commercial,$113,$113,$0,0.0%,61
113120007,Interstitial brachytherapy (procedure),Cigna Health,Commercial,"$182,461","$182,461",$0,0.0%,10
197904,(no description on file),Aetna,Commercial,"$3,413","$3,413",$0,0.0%,14
979468,(no description on file),Aetna,Commercial,"$2,482","$2,482",$0,0.0%,8
225297008,Care planning and problem solving actions (procedure),Humana,Commercial,"$22,748","$22,748",$0,0.0%,44
866514,(no description on file),UnitedHealthcare,Commercial,"$9,425","$9,425",$0,0.0%,35
856535,(no description on file),Medicare,Government,"$7,767","$7,767",$0,0.0%,33
711018006,Assessment of social support (procedure),Anthem,Commercial,"$18,676","$18,676",$0,0.0%,37
414088005,Emergency coronary artery bypass graft (procedure),Cigna Health,Commercial,"$18,789","$18,789",$0,0.0%,39
167995008,Sputum microscopy (procedure),Aetna,Commercial,"$111,229","$111,229",$0,0.0%,22
904481,(no description on file),Dual Eligible,Government,"$7,531","$7,531",$0,0.0%,32
317150,(no description on file),Blue Cross Blue Shield,Commercial,"$29,172","$29,172",$0,0.0%,118
165355002,Patient informed - test result (situation),Medicaid,Government,"$105,623","$105,623",$0,0.0%,229
177765008,Opening of chest (procedure),Humana,Commercial,"$7,307","$7,307",$0,0.0%,14
856980,(no description on file),NO_INSURANCE,Self-Pay / Uninsured,$206,$206,$0,0.0%,11
725351001,Transcatheter aortic valve replacement (procedure),Anthem,Commercial,"$4,664","$4,664",$0,0.0%,10
686924,(no description on file),Anthem,Commercial,"$2,652","$2,652",$0,0.0%,9
205326,(no description on file),Blue Cross Blue Shield,Commercial,$769,$769,$0,0.0%,3
727762,(no description on file),Aetna,Commercial,"$2,635","$2,635",$0,0.0%,13
896766,(no description on file),Dual Eligible,Government,$940,$940,$0,0.0%,4
387713003,Surgical procedure (procedure),NO_INSURANCE,Self-Pay / Uninsured,$224,$224,$0,0.0%,2
858813,(no description on file),Cigna Health,Commercial,$568,$568,$0,0.0%,3
9002005,Manual testing of muscle function (procedure),Aetna,Commercial,"$1,478","$1,478",$0,0.0%,3
864706,(no description on file),Anthem,Commercial,$281,$281,$0,0.0%,1
864706,(no description on file),Dual Eligible,Government,$209,$209,$0,0.0%,1
306237005,Referral to palliative care service (procedure),Humana,Commercial,$496,$496,$0,0.0%,1
617314,(no description on file),Aetna,Commercial,$250,$250,$0,0.0%,1
630208,(no description on file),Humana,Commercial,"$7,319,675","$7,319,675",$0,0.0%,"28,533"
274788003,Examination of gingivae (procedure),Dual Eligible,Government,"$149,965,646","$149,965,646",$0,0.0%,"330,987"
162673000,General examination of patient (procedure),Anthem,Commercial,"$35,970,617","$35,970,617",$0,0.0%,"278,339"
183460006,Obstetric emergency hospital admission,NO_INSURANCE,Self-Pay / Uninsured,"$1,770,302","$1,770,302",$0,0.0%,"14,589"
1860491,(no description on file),Aetna,Commercial,"$4,103,847","$4,103,847",$0,0.0%,"15,901"
261352009,Face mask (physical object),Cigna Health,Commercial,"$23,104","$23,104",$0,0.0%,"10,363"
33367005,Angiography of coronary artery (procedure),Medicare,Government,"$11,216,735","$11,216,735",$0,0.0%,"22,908"
456191000124101,Postoperative care for dental procedure (regime/therapy),Medicare,Government,"$86,704,722","$86,704,722",$0,0.0%,"172,990"
183460006,Obstetric emergency hospital admission,Humana,Commercial,"$3,089,150","$3,089,150",$0,0.0%,"23,174"
62,(no description on file),Medicare,Government,"$1,369,384","$1,369,384",$0,0.0%,"10,069"
90226004,Cytopathology procedure  preparation of smear  genital source,Cigna Health,Commercial,"$32,908,551","$32,908,551",$0,0.0%,"17,332"
114,(no description on file),Anthem,Commercial,"$2,756,312","$2,756,312",$0,0.0%,"20,267"
703423002,Combined chemotherapy and radiation therapy (procedure),Dual Eligible,Government,"$773,645,530","$773,645,530",$0,0.0%,"14,621"
234745004,Take oral or dental impression (procedure),NO_INSURANCE,Self-Pay / Uninsured,"$2,810,619","$2,810,619",$0,0.0%,"5,769"
1269321004,Fitting of denture (procedure),UnitedHealthcare,Commercial,"$1,789,667","$1,789,667",$0,0.0%,"3,546"
90226004,Cytopathology procedure  preparation of smear  genital source,UnitedHealthcare,Commercial,"$23,257,464","$23,257,464",$0,0.0%,"11,897"
745752,(no description on file),Blue Cross Blue Shield,Commercial,"$1,468,957","$1,468,957",$0,0.0%,"5,792"
84100007,History taking (procedure),Blue Cross Blue Shield,Commercial,"$2,608,879","$2,608,879",$0,0.0%,"5,182"
71493000,Transfusion of packed red blood cells (procedure),Anthem,Commercial,"$1,220,519","$1,220,519",$0,0.0%,892
183801001,Inpatient stay 3 days,Humana,Commercial,$170,$170,$0,0.0%,1
206905,(no description on file),Anthem,Commercial,"$8,014,461","$8,014,461",$0,0.0%,"30,419"
21,(no description on file),UnitedHealthcare,Commercial,"$1,521,704","$1,521,704",$0,0.0%,"11,189"
52,(no description on file),Medicare,Government,"$1,904,680","$1,904,680",$0,0.0%,"14,005"
849574,(no description on file),Medicare,Government,"$4,835,404","$4,835,404",$0,0.0%,"20,557"
993770,(no description on file),Dual Eligible,Government,"$5,297,004","$5,297,004",$0,0.0%,"23,318"
243063003,Postoperative procedure education (procedure),Medicare,Government,"$3,666,417","$3,666,417",$0,0.0%,"7,477"
857005,(no description on file),Anthem,Commercial,"$20,599","$20,599",$0,0.0%,919
237001001,Augmentation of labor,Medicaid,Government,"$22,381,561","$22,381,561",$0,0.0%,"6,017"
183478001,Emergency hospital admission for asthma,Medicare,Government,"$635,720","$635,720",$0,0.0%,"5,106"
314098000,Rubella screening test (procedure),NO_INSURANCE,Self-Pay / Uninsured,"$2,251,857","$2,251,857",$0,0.0%,"4,316"
84478008,Occupational therapy (regime/therapy),Dual Eligible,Government,"$10,103,664","$10,103,664",$0,0.0%,"10,148"
67879005,History and physical examination  limited (procedure),Humana,Commercial,"$4,003,711","$4,003,711",$0,0.0%,"7,907"
2123111,(no description on file),Anthem,Commercial,"$13,239,906","$13,239,906",$0,0.0%,"8,623"
305342007,Admission to ward (procedure),Dual Eligible,Government,"$462,287","$462,287",$0,0.0%,"2,755"
896001,(no description on file),NO_INSURANCE,Self-Pay / Uninsured,"$1,901,745","$1,901,745",$0,0.0%,"7,540"
1998774,(no description on file),NO_INSURANCE,Self-Pay / Uninsured,"$394,595","$394,595",$0,0.0%,"1,562"
308646001,Death Certification,Anthem,Commercial,"$119,285","$119,285",$0,0.0%,935
896209,(no description on file),Anthem,Commercial,"$695,571","$695,571",$0,0.0%,"1,152"
1049221,(no description on file),Anthem,Commercial,"$37,392","$37,392",$0,0.0%,"3,706"
284053004,Tooth socket procedure (procedure),Humana,Commercial,"$963,087","$963,087",$0,0.0%,"1,910"
311700,(no description on file),Anthem,Commercial,$239,$239,$0,0.0%,"1,072"
23745001,Documentation procedure (procedure),UnitedHealthcare,Commercial,"$314,754","$314,754",$0,0.0%,630
24832002,Closed reduction of mandibular fracture (procedure),Aetna,Commercial,"$103,587","$103,587",$0,0.0%,212
308182,(no description on file),Dual Eligible,Government,"$97,733","$97,733",$0,0.0%,956
415070008,Percutaneous coronary intervention (procedure),Humana,Commercial,"$47,193,950","$47,193,950",$0,0.0%,"2,265"
311555007,Speech and language therapy regime (regime/therapy),Aetna,Commercial,"$2,465,943","$2,465,943",$0,0.0%,"2,704"
415300000,Review of systems (procedure),NO_INSURANCE,Self-Pay / Uninsured,"$356,673","$356,673",$0,0.0%,"4,933"
223484005,Discussion about treatment (procedure),Anthem,Commercial,"$45,051","$45,051",$0,0.0%,448
410401003,Nursing care/supplementary surveillance (regime/therapy),Aetna,Commercial,"$49,070,616","$49,070,616",$0,0.0%,"5,309"
308182,(no description on file),Anthem,Commercial,"$155,042","$155,042",$0,0.0%,"1,292"
23745001,Documentation procedure (procedure),Humana,Commercial,"$623,935","$623,935",$0,0.0%,"1,235"
19490002,Ankle X-ray,Aetna,Commercial,"$347,064","$347,064",$0,0.0%,735
65575008,Biopsy of prostate,Aetna,Commercial,"$484,152","$484,152",$0,0.0%,196
1860154,(no description on file),Anthem,Commercial,"$413,004","$413,004",$0,0.0%,"2,772"
1361048,(no description on file),NO_INSURANCE,Self-Pay / Uninsured,"$82,931","$82,931",$0,0.0%,323
65588006,Premature birth of newborn,Anthem,Commercial,"$248,776","$248,776",$0,0.0%,528
133900002,Intraoperative care (regime/therapy),Medicare,Government,"$601,117","$601,117",$0,0.0%,"1,219"
1809104,(no description on file),NO_INSURANCE,Self-Pay / Uninsured,"$1,372","$1,372",$0,0.0%,257
311700,(no description on file),NO_INSURANCE,Self-Pay / Uninsured,$232,$232,$0,0.0%,"1,051"
43075005,Partial resection of colon,Humana,Commercial,"$8,750,542","$8,750,542",$0,0.0%,365
966524,(no description on file),Dual Eligible,Government,"$143,067","$143,067",$0,0.0%,597
108290001,Radiation oncology AND/OR radiotherapy (procedure),NO_INSURANCE,Self-Pay / Uninsured,"$36,731,266","$36,731,266",$0,0.0%,385
713021002,Plain X-ray of pelvis (procedure),Blue Cross Blue Shield,Commercial,"$36,922","$36,922",$0,0.0%,72
185316007,Indirect encounter (procedure),Medicaid,Government,"$28,625","$28,625",$0,0.0%,229
204892,(no description on file),Blue Cross Blue Shield,Commercial,"$2,076","$2,076",$0,0.0%,109
197887,(no description on file),Medicaid,Government,"$10,893","$10,893",$0,0.0%,50
90470006,Prostatectomy,Anthem,Commercial,"$462,403","$462,403",$0,0.0%,65
185316007,Indirect encounter (procedure),Blue Cross Blue Shield,Commercial,"$18,250","$18,250",$0,0.0%,146
316744009,Office Visit,Medicaid,Government,"$33,703","$33,703",$0,0.0%,467
306206005,Referral to service (procedure),NO_INSURANCE,Self-Pay / Uninsured,"$154,316","$154,316",$0,0.0%,319
833135,(no description on file),Dual Eligible,Government,"$70,136","$70,136",$0,0.0%,332
609588000,Total knee replacement,Medicaid,Government,"$383,424","$383,424",$0,0.0%,25
122856003,Oral examination (procedure),NO_INSURANCE,Self-Pay / Uninsured,"$159,805","$159,805",$0,0.0%,326
447759004,Brachytherapy of breast (procedure),Medicare,Government,"$1,202,479","$1,202,479",$0,0.0%,67
1997015,(no description on file),Aetna,Commercial,"$33,432","$33,432",$0,0.0%,132
85765000,Fiberoptic bronchoscopy (procedure),Anthem,Commercial,"$226,772","$226,772",$0,0.0%,27
23933004,Excision of lingual frenum (procedure),Dual Eligible,Government,"$64,099","$64,099",$0,0.0%,140
1747691,(no description on file),Cigna Health,Commercial,"$17,835","$17,835",$0,0.0%,62
234262008,Excision of axillary lymph node (procedure),Anthem,Commercial,"$57,570","$57,570",$0,0.0%,47
483438,(no description on file),Cigna Health,Commercial,$116,$116,$0,0.0%,3
47505003,posttraumatic stress disorder,Cigna Health,Commercial,"$4,141","$4,141",$0,0.0%,34
349200,(no description on file),Blue Cross Blue Shield,Commercial,"$1,451","$1,451",$0,0.0%,6
1657981,(no description on file),Aetna,Commercial,"$9,944","$9,944",$0,0.0%,28
2284960,(no description on file),Anthem,Commercial,"$1,035","$1,035",$0,0.0%,140
434363004,Human epidermal growth factor receptor 2 gene detection by fluorescence in situ hybridization (procedure),UnitedHealthcare,Commercial,"$293,660","$293,660",$0,0.0%,152
76464004,Hospital admission  for observation (procedure),Blue Cross Blue Shield,Commercial,"$12,246","$12,246",$0,0.0%,96
2119714,(no description on file),Aetna,Commercial,"$30,988","$30,988",$0,0.0%,31
352001,(no description on file),Medicare,Government,"$4,717","$4,717",$0,0.0%,20
183976008,Operative procedure planned (situation),NO_INSURANCE,Self-Pay / Uninsured,"$32,249","$32,249",$0,0.0%,67
58828004,Application of dressing  sterile (procedure),Aetna,Commercial,"$32,292","$32,292",$0,0.0%,68
43060002,Intravenous injection (procedure),Medicaid,Government,"$12,952","$12,952",$0,0.0%,29
310436,(no description on file),Aetna,Commercial,"$6,149","$6,149",$0,0.0%,118
15081005,Pulmonary rehabilitation (regime/therapy),Blue Cross Blue Shield,Commercial,"$223,428","$223,428",$0,0.0%,104
74857009,Hospital admission  short-term  24 hours,Medicare,Government,"$23,981","$23,981",$0,0.0%,10
167995008,Sputum microscopy (procedure),Humana,Commercial,"$152,400","$152,400",$0,0.0%,26
38102005,Open Removal of Gall Bladder,Blue Cross Blue Shield,Commercial,"$155,890","$155,890",$0,0.0%,8
113076002,Oral Glucose Tolerance Test,Dual Eligible,Government,"$5,928","$5,928",$0,0.0%,33
476350,(no description on file),Medicare,Government,"$1,127","$1,127",$0,0.0%,4
236931002,Methotrexate injection into tubal pregnancy,Humana,Commercial,"$689,604","$689,604",$0,0.0%,266
1657981,(no description on file),Medicaid,Government,"$26,633","$26,633",$0,0.0%,78
898372,(no description on file),Medicare,Government,"$3,850","$3,850",$0,0.0%,15
609588000,Total knee replacement,Humana,Commercial,"$283,736","$283,736",$0,0.0%,17
1664986,(no description on file),Anthem,Commercial,"$3,171","$3,171",$0,0.0%,11
88848003,Psychiatric follow-up,Medicare,Government,"$1,527","$1,527",$0,0.0%,10
856535,(no description on file),Cigna Health,Commercial,"$2,122","$2,122",$0,0.0%,9
122460008,Reexploration procedure (procedure),UnitedHealthcare,Commercial,"$4,890","$4,890",$0,0.0%,9
200345,(no description on file),Blue Cross Blue Shield,Commercial,$509,$509,$0,0.0%,2
858813,(no description on file),Aetna,Commercial,$418,$418,$0,0.0%,2
351875,(no description on file),Cigna Health,Commercial,$872,$872,$0,0.0%,3
979470,(no description on file),Medicaid,Government,$522,$522,$0,0.0%,2
856556,(no description on file),Cigna Health,Commercial,$209,$209,$0,0.0%,1
385186005,Enema,UnitedHealthcare,Commercial,$296,$296,$0,0.0%,1
1483744,(no description on file),Medicare,Government,$209,$209,$0,0.0%,1
583214,(no description on file),Medicaid,Government,"$51,732","$51,732",$0,0.0%,"16,739"
310798,(no description on file),Medicare,Government,"$1,359,415","$1,359,415",$0,0.0%,"1,236,671"
261352009,Face mask (physical object),Medicare,Government,"$39,750","$39,750",$0,0.0%,"17,919"
424619006,Prenatal visit,Cigna Health,Commercial,"$13,617,792","$13,617,792",$0,0.0%,"115,141"
169553002,Insertion of subcutaneous contraceptive,Medicaid,Government,"$175,466,875","$175,466,875",$0,0.0%,"21,578"
64544008,Gingivectomy or gingivoplasty  per tooth (procedure),NO_INSURANCE,Self-Pay / Uninsured,"$15,972,142","$15,972,142",$0,0.0%,"32,751"
54550000,Electroencephalogram (procedure),Medicaid,Government,"$12,919,835","$12,919,835",$0,0.0%,"1,420"
268556000,Urine screening for glucose,Medicaid,Government,"$111,722,644","$111,722,644",$0,0.0%,"60,600"
5880005,Physical examination procedure (procedure),NO_INSURANCE,Self-Pay / Uninsured,"$17,585,234","$17,585,234",$0,0.0%,"35,782"
243670,(no description on file),Medicaid,Government,"$243,080","$243,080",$0,0.0%,"1,375"
1256042007,Restoration of tooth with coverage of all cusps using dental filling material (procedure),Medicare,Government,"$45,838,017","$45,838,017",$0,0.0%,"93,706"
745752,(no description on file),UnitedHealthcare,Commercial,"$1,232,649","$1,232,649",$0,0.0%,"4,869"
441550005,Urinalysis with reflex to microscopy and culture (procedure),Medicaid,Government,"$13,248,440","$13,248,440",$0,0.0%,"21,359"
270427003,Patient-initiated encounter,Cigna Health,Commercial,"$359,619","$359,619",$0,0.0%,"5,101"
834061,(no description on file),Medicaid,Government,"$3,445,465","$3,445,465",$0,0.0%,"17,497"
370995009,Health risks education (procedure),Humana,Commercial,"$1,081","$1,081",$0,0.0%,"7,338"
198440,(no description on file),Anthem,Commercial,$783,$783,$0,0.0%,"21,082"
269828009,Syphilis infectious titer test (procedure),Dual Eligible,Government,"$6,923,715","$6,923,715",$0,0.0%,"3,811"
226719,(no description on file),Dual Eligible,Government,"$2,267,089","$2,267,089",$0,0.0%,"9,731"
140,(no description on file),NO_INSURANCE,Self-Pay / Uninsured,"$44,031,224","$44,031,224",$0,0.0%,"323,759"
310325,(no description on file),Medicare,Government,$190,$190,$0,0.0%,629
389221,(no description on file),NO_INSURANCE,Self-Pay / Uninsured,"$208,473","$208,473",$0,0.0%,"4,141"
50849002,Emergency room admission (procedure),UnitedHealthcare,Commercial,"$3,965,679","$3,965,679",$0,0.0%,"30,502"
15081005,Pulmonary rehabilitation (regime/therapy),Dual Eligible,Government,"$40,838,209","$40,838,209",$0,0.0%,"21,233"
252160004,Standard pregnancy test,NO_INSURANCE,Self-Pay / Uninsured,"$113,366,139","$113,366,139",$0,0.0%,"22,726"
897685,(no description on file),Medicaid,Government,"$1,425,541","$1,425,541",$0,0.0%,"6,234"
73761001,Colonoscopy,Humana,Commercial,"$233,595,796","$233,595,796",$0,0.0%,"20,532"
449381000124108,Discharge from skilled nursing facility (procedure),NO_INSURANCE,Self-Pay / Uninsured,"$1,537,078","$1,537,078",$0,0.0%,"3,235"
313782,(no description on file),NO_INSURANCE,Self-Pay / Uninsured,"$4,186,849","$4,186,849",$0,0.0%,"21,712"
314231,(no description on file),Blue Cross Blue Shield,Commercial,"$9,560","$9,560",$0,0.0%,"13,072"
197604,(no description on file),UnitedHealthcare,Commercial,"$1,120,524","$1,120,524",$0,0.0%,845
386394001,Pregnancy termination care,Aetna,Commercial,"$3,183,454","$3,183,454",$0,0.0%,"4,772"
1998774,(no description on file),Medicaid,Government,"$1,089,165","$1,089,165",$0,0.0%,"4,779"
866412,(no description on file),NO_INSURANCE,Self-Pay / Uninsured,"$543,646","$543,646",$0,0.0%,"2,119"
14736009,History and physical examination with evaluation and management of patient (procedure),Blue Cross Blue Shield,Commercial,"$681,357","$681,357",$0,0.0%,"1,346"
386053000,Evaluation procedure (procedure),Dual Eligible,Government,"$1,262,618","$1,262,618",$0,0.0%,"2,773"
896209,(no description on file),Humana,Commercial,"$663,582","$663,582",$0,0.0%,"1,142"
705129,(no description on file),Anthem,Commercial,"$488,013","$488,013",$0,0.0%,"2,532"
14736009,History and physical examination with evaluation and management of patient (procedure),Aetna,Commercial,"$883,118","$883,118",$0,0.0%,"1,824"
302761001,Walking exercise test (procedure),Dual Eligible,Government,"$1,046,845","$1,046,845",$0,0.0%,"2,321"
1656356,(no description on file),Dual Eligible,Government,"$359,280","$359,280",$0,0.0%,"1,581"
14736009,History and physical examination with evaluation and management of patient (procedure),Dual Eligible,Government,"$614,050","$614,050",$0,0.0%,"1,340"
127783003,Spirometry (procedure),Humana,Commercial,"$11,089,430","$11,089,430",$0,0.0%,"1,479"
305336008,Admission to hospice (procedure),Aetna,Commercial,"$60,311","$60,311",$0,0.0%,490
115,(no description on file),UnitedHealthcare,Commercial,"$763,096","$763,096",$0,0.0%,"5,611"
386516004,Anticipatory guidance (procedure),Dual Eligible,Government,$408,$408,$0,0.0%,"6,740"
306185001,Referral to cardiac surgery service (procedure),Dual Eligible,Government,"$1,266,599","$1,266,599",$0,0.0%,"2,784"
448337001,Telemedicine consultation with patient,Aetna,Commercial,"$418,714","$418,714",$0,0.0%,"4,121"
310417005,Certification procedure (procedure),Medicaid,Government,"$1,105,775","$1,105,775",$0,0.0%,"2,443"
305342007,Admission to ward (procedure),Cigna Health,Commercial,"$165,100","$165,100",$0,0.0%,"1,346"
243670,(no description on file),Humana,Commercial,"$104,913","$104,913",$0,0.0%,537
410538000,Scheduling (procedure),Aetna,Commercial,"$626,062","$626,062",$0,0.0%,"1,302"
434363004,Human epidermal growth factor receptor 2 gene detection by fluorescence in situ hybridization (procedure),Humana,Commercial,"$608,180","$608,180",$0,0.0%,325
180207008,Intravenous blood transfusion of packed cells (procedure),Medicare,Government,"$830,503","$830,503",$0,0.0%,378
315124004,Human immunodeficiency virus viral load (procedure),Dual Eligible,Government,"$713,736","$713,736",$0,0.0%,"1,557"
15220000,Laboratory test (procedure),Humana,Commercial,"$333,120","$333,120",$0,0.0%,667
306206005,Referral to service (procedure),Medicaid,Government,"$534,494","$534,494",$0,0.0%,"1,177"
42825003,Cannulation (procedure),Aetna,Commercial,"$356,431","$356,431",$0,0.0%,740
2001499,(no description on file),Blue Cross Blue Shield,Commercial,"$46,891","$46,891",$0,0.0%,504
426701000119108,Ultrasonography of abdomen  right upper quadrant and epigastrium,Medicaid,Government,"$101,677","$101,677",$0,0.0%,222
1536144,(no description on file),Humana,Commercial,"$16,909","$16,909",$0,0.0%,96
200064,(no description on file),Medicare,Government,"$54,704","$54,704",$0,0.0%,135
33,(no description on file),Humana,Commercial,"$32,504","$32,504",$0,0.0%,239
854228,(no description on file),Medicaid,Government,"$1,109","$1,109",$0,0.0%,82
1014678,(no description on file),Medicare,Government,"$16,426","$16,426",$0,0.0%,28
316744009,Office Visit,Blue Cross Blue Shield,Commercial,"$1,207","$1,207",$0,0.0%,16
19589009,Radiography of mandible (procedure),NO_INSURANCE,Self-Pay / Uninsured,"$147,811","$147,811",$0,0.0%,302
204892,(no description on file),Medicaid,Government,"$8,749","$8,749",$0,0.0%,558
167252002,Urine pregnancy test (procedure),Aetna,Commercial,"$10,891","$10,891",$0,0.0%,22
22523008,Vasectomy,Cigna Health,Commercial,"$3,147,937","$3,147,937",$0,0.0%,256
301882004,Placement of aortic cross clamp (procedure),UnitedHealthcare,Commercial,"$202,547","$202,547",$0,0.0%,404
26763009,Controlled ventilation procedure and therapy  initiation and management (procedure),Blue Cross Blue Shield,Commercial,"$271,505","$271,505",$0,0.0%,76
242754,(no description on file),Medicaid,Government,"$5,175","$5,175",$0,0.0%,23
426701000119108,Ultrasonography of abdomen  right upper quadrant and epigastrium,Blue Cross Blue Shield,Commercial,"$24,586","$24,586",$0,0.0%,48
197319,(no description on file),UnitedHealthcare,Commercial,"$43,324","$43,324",$0,0.0%,134
418023006,Computed tomography of chest  abdomen and pelvis (procedure),Medicaid,Government,"$106,406","$106,406",$0,0.0%,233
309078,(no description on file),Blue Cross Blue Shield,Commercial,"$13,066","$13,066",$0,0.0%,49
727711,(no description on file),Blue Cross Blue Shield,Commercial,"$19,078","$19,078",$0,0.0%,122
404909007,Injection of botulinum toxin (procedure),Medicare,Government,"$25,658","$25,658",$0,0.0%,55
234262008,Excision of axillary lymph node (procedure),Blue Cross Blue Shield,Commercial,"$44,507","$44,507",$0,0.0%,33
312384001,Multidisciplinary assessment (procedure),NO_INSURANCE,Self-Pay / Uninsured,"$31,797","$31,797",$0,0.0%,66
185316007,Indirect encounter (procedure),NO_INSURANCE,Self-Pay / Uninsured,"$7,000","$7,000",$0,0.0%,56
313398001,Hepatitis antibody test (procedure),Medicaid,Government,"$15,612","$15,612",$0,0.0%,30
399217008,Cardioassist by aortic balloon pump (procedure),Dual Eligible,Government,"$27,429","$27,429",$0,0.0%,60
199224,(no description on file),Medicaid,Government,"$17,644","$17,644",$0,0.0%,48
866924,(no description on file),Aetna,Commercial,"$16,460","$16,460",$0,0.0%,66
116861002,Transfusion of fresh frozen plasma (procedure),NO_INSURANCE,Self-Pay / Uninsured,"$84,984","$84,984",$0,0.0%,163
76746007,Cardiovascular stress testing (procedure),Aetna,Commercial,"$78,083","$78,083",$0,0.0%,161
238100,(no description on file),UnitedHealthcare,Commercial,$18,$18,$0,0.0%,21
904475,(no description on file),Aetna,Commercial,"$6,191","$6,191",$0,0.0%,23
311354,(no description on file),Cigna Health,Commercial,"$8,976","$8,976",$0,0.0%,37
898356,(no description on file),Medicare,Government,"$5,064","$5,064",$0,0.0%,18
709979004,Doppler ultrasonography of artery (procedure),Medicaid,Government,"$12,800","$12,800",$0,0.0%,28
1732136,(no description on file),NO_INSURANCE,Self-Pay / Uninsured,$109,$109,$0,0.0%,75
423475008,Heart failure education (procedure),Anthem,Commercial,"$51,259","$51,259",$0,0.0%,107
413107006,Hepatitis C screening (procedure),Blue Cross Blue Shield,Commercial,"$15,389","$15,389",$0,0.0%,31
365853002,Imaging finding (finding),Medicaid,Government,"$12,932","$12,932",$0,0.0%,25
316744009,Office Visit,Cigna Health,Commercial,"$1,421","$1,421",$0,0.0%,20
310385,(no description on file),Anthem,Commercial,$72,$72,$0,0.0%,46
396487001,Sentinel lymph node biopsy (procedure),UnitedHealthcare,Commercial,"$229,125","$229,125",$0,0.0%,20
854916,(no description on file),Medicaid,Government,"$2,340","$2,340",$0,0.0%,11
859424,(no description on file),Anthem,Commercial,"$2,160","$2,160",$0,0.0%,8
180030006,Amputation of right foot,Dual Eligible,Government,"$345,957","$345,957",$0,0.0%,18
773996000,Transcatheter aortic valve implantation (procedure),Humana,Commercial,"$2,885","$2,885",$0,0.0%,5
861646,(no description on file),Humana,Commercial,$641,$641,$0,0.0%,2
1791701,(no description on file),UnitedHealthcare,Commercial,$3,$3,$0,0.0%,8
898342,(no description on file),Aetna,Commercial,$945,$945,$0,0.0%,4
854916,(no description on file),Dual Eligible,Government,$679,$679,$0,0.0%,3
233174007,Cardiac pacemaker procedure (procedure),Aetna,Commercial,$928,$928,$0,0.0%,2
1155885007,Repair of aortic valve (procedure),Cigna Health,Commercial,"$1,028","$1,028",$0,0.0%,2
200284,(no description on file),Blue Cross Blue Shield,Commercial,$283,$283,$0,0.0%,1
1155885007,Repair of aortic valve (procedure),Dual Eligible,Government,$904,$904,$0,0.0%,2
200285,(no description on file),Blue Cross Blue Shield,Commercial,$261,$261,$0,0.0%,1
898723,(no description on file),Cigna Health,Commercial,$308,$308,$0,0.0%,1
180256009,Subcutaneous immunotherapy,Medicaid,Government,"$2,526,036,278","$2,526,036,278",$0,0.0%,"233,568"
1664463,(no description on file),Dual Eligible,Government,"$28,629,227","$28,629,227",$0,0.0%,"126,886"
28163009,Skin test for tuberculosis  Tine test (procedure),Humana,Commercial,"$47,457,816","$47,457,816",$0,0.0%,"24,148"
90226004,Cytopathology procedure  preparation of smear  genital source,NO_INSURANCE,Self-Pay / Uninsured,"$28,223,236","$28,223,236",$0,0.0%,"14,787"
171207006,Depression screening (procedure),NO_INSURANCE,Self-Pay / Uninsured,"$17,558,486","$17,558,486",$0,0.0%,"359,213"
43,(no description on file),Medicare,Government,"$1,476,416","$1,476,416",$0,0.0%,"10,856"
206905,(no description on file),Medicaid,Government,"$20,964,722","$20,964,722",$0,0.0%,"91,714"
265764009,Renal dialysis (procedure),Humana,Commercial,"$367,537,084","$367,537,084",$0,0.0%,"464,889"
243085009,Oral health education (procedure),Cigna Health,Commercial,"$126,624,900","$126,624,900",$0,0.0%,"261,054"
1860491,(no description on file),Dual Eligible,Government,"$7,000,578","$7,000,578",$0,0.0%,"30,794"
269828009,Syphilis infectious titer test (procedure),Blue Cross Blue Shield,Commercial,"$25,565,954","$25,565,954",$0,0.0%,"12,956"
439740005,Postoperative follow-up visit (procedure),Blue Cross Blue Shield,Commercial,"$485,284","$485,284",$0,0.0%,"4,067"
114,(no description on file),Medicare,Government,"$1,651,040","$1,651,040",$0,0.0%,"12,140"
835603,(no description on file),Medicaid,Government,"$9,849,072","$9,849,072",$0,0.0%,"43,151"
757594,(no description on file),Aetna,Commercial,"$5,296,691","$5,296,691",$0,0.0%,"5,826"
399014008,Administration of diphtheria  pertussis  and tetanus vaccine,Cigna Health,Commercial,"$31,183,180","$31,183,180",$0,0.0%,"12,932"
14768001,Peripheral blood smear interpretation,Humana,Commercial,"$4,193,674","$4,193,674",$0,0.0%,"8,275"
33367005,Angiography of coronary artery (procedure),Medicaid,Government,"$4,058,832","$4,058,832",$0,0.0%,"8,943"
223487003,Discussion about options (procedure),Humana,Commercial,"$164,122","$164,122",$0,0.0%,327
748962,(no description on file),Blue Cross Blue Shield,Commercial,"$2,719,174","$2,719,174",$0,0.0%,"3,036"
3,(no description on file),Anthem,Commercial,"$1,303,832","$1,303,832",$0,0.0%,"9,587"
1049625,(no description on file),Anthem,Commercial,"$6,839,824","$6,839,824",$0,0.0%,"25,815"
583214,(no description on file),Medicare,Government,"$623,638","$623,638",$0,0.0%,"175,989"
711446003,Transplantation of kidney regime (regime/therapy),Humana,Commercial,"$4,299,258","$4,299,258",$0,0.0%,"5,185"
1740467,(no description on file),Medicaid,Government,$905,$905,$0,0.0%,"3,694"
311700,(no description on file),Medicare,Government,"$1,594","$1,594",$0,0.0%,"7,270"
896001,(no description on file),Humana,Commercial,"$2,435,109","$2,435,109",$0,0.0%,"9,688"
415300000,Review of systems (procedure),Cigna Health,Commercial,"$475,962","$475,962",$0,0.0%,"6,633"
198014,(no description on file),Anthem,Commercial,"$60,477","$60,477",$0,0.0%,227
1290459008,Plain X-ray of ankle region (procedure),NO_INSURANCE,Self-Pay / Uninsured,"$150,949","$150,949",$0,0.0%,288
183519002,Referral to cardiology service (procedure),Humana,Commercial,"$2,461,749","$2,461,749",$0,0.0%,"4,896"
415300000,Review of systems (procedure),Aetna,Commercial,"$468,356","$468,356",$0,0.0%,"6,514"
63332003,History AND physical examination (procedure),Cigna Health,Commercial,"$2,657,040","$2,657,040",$0,0.0%,"5,459"
713026007,Plain X-ray of humerus (procedure),Medicare,Government,"$890,541","$890,541",$0,0.0%,"1,689"
453131000124105,Videotelephony encounter (procedure),Humana,Commercial,"$187,375","$187,375",$0,0.0%,"1,499"
583214,(no description on file),Cigna Health,Commercial,"$12,474","$12,474",$0,0.0%,"3,525"
308182,(no description on file),Medicare,Government,"$319,934","$319,934",$0,0.0%,"2,833"
10,(no description on file),Dual Eligible,Government,"$172,312","$172,312",$0,0.0%,"1,267"
8290005,Induced cardioplegia (procedure),Medicaid,Government,"$875,822","$875,822",$0,0.0%,"1,923"
308182,(no description on file),UnitedHealthcare,Commercial,"$108,686","$108,686",$0,0.0%,914
168594001,Clavicle X-ray,Anthem,Commercial,"$511,151","$511,151",$0,0.0%,"1,046"
64544008,Gingivectomy or gingivoplasty  per tooth (procedure),UnitedHealthcare,Commercial,"$11,422,391","$11,422,391",$0,0.0%,"22,730"
32485007,Hospital admission (procedure),Humana,Commercial,"$502,912","$502,912",$0,0.0%,"4,170"
410770002,Administration of anesthesia for procedure (procedure),Medicaid,Government,"$1,578,762","$1,578,762",$0,0.0%,"3,472"
1269321004,Fitting of denture (procedure),Aetna,Commercial,"$3,098,708","$3,098,708",$0,0.0%,"6,396"
9564003,Complete blood count with white cell differential  automated (procedure),UnitedHealthcare,Commercial,"$549,160","$549,160",$0,0.0%,"1,099"
749762,(no description on file),Blue Cross Blue Shield,Commercial,"$2,770,931","$2,770,931",$0,0.0%,"3,151"
223484005,Discussion about treatment (procedure),Medicaid,Government,"$105,022","$105,022",$0,0.0%,968
308646001,Death Certification,UnitedHealthcare,Commercial,"$68,909","$68,909",$0,0.0%,515
386478007,Triage emergency center (procedure),Humana,Commercial,"$1,191,221","$1,191,221",$0,0.0%,"2,365"
1740467,(no description on file),Cigna Health,Commercial,$384,$384,$0,0.0%,"1,403"
302761001,Walking exercise test (procedure),NO_INSURANCE,Self-Pay / Uninsured,"$555,266","$555,266",$0,0.0%,"1,138"
855812,(no description on file),Medicaid,Government,"$330,806","$330,806",$0,0.0%,"1,456"
54550000,Electroencephalogram (procedure),Humana,Commercial,"$3,697,390","$3,697,390",$0,0.0%,386
25656009,Physical examination  complete (procedure),Cigna Health,Commercial,"$232,093","$232,093",$0,0.0%,479
198335,(no description on file),Dual Eligible,Government,"$164,864","$164,864",$0,0.0%,720
854255,(no description on file),Dual Eligible,Government,"$24,518","$24,518",$0,0.0%,112
699253003,Surgical manipulation of joint of knee,UnitedHealthcare,Commercial,"$9,609,873","$9,609,873",$0,0.0%,574
165355002,Patient informed - test result (situation),UnitedHealthcare,Commercial,"$66,076","$66,076",$0,0.0%,132
234687006,Grafting of periodontal bone defect (procedure),Cigna Health,Commercial,"$348,304","$348,304",$0,0.0%,720
200096,(no description on file),Medicare,Government,"$13,833","$13,833",$0,0.0%,54
749196,(no description on file),Aetna,Commercial,"$53,183","$53,183",$0,0.0%,206
58776007,Autologous bone marrow transplant (procedure),Medicaid,Government,"$13,075","$13,075",$0,0.0%,28
408919008,Psychosocial care (regime/therapy),Anthem,Commercial,"$120,318","$120,318",$0,0.0%,253
37729005,Patient transfer  in-hospital (procedure),Medicaid,Government,"$102,951","$102,951",$0,0.0%,224
443497002,Excision of sentinel lymph node (procedure),Aetna,Commercial,"$487,984","$487,984",$0,0.0%,43
1290459008,Plain X-ray of ankle region (procedure),Aetna,Commercial,"$122,999","$122,999",$0,0.0%,236
1571000087109,Ultrasonography of bilateral breasts (procedure),UnitedHealthcare,Commercial,"$46,488","$46,488",$0,0.0%,122
2047241,(no description on file),Dual Eligible,Government,"$17,999","$17,999",$0,0.0%,265
309845,(no description on file),Humana,Commercial,$3,$3,$0,0.0%,35
24623002,Screening mammography (procedure),Dual Eligible,Government,"$21,519","$21,519",$0,0.0%,203
225338004,Risk assessment (procedure),Blue Cross Blue Shield,Commercial,"$118,327","$118,327",$0,0.0%,235
236931002,Methotrexate injection into tubal pregnancy,UnitedHealthcare,Commercial,"$355,904","$355,904",$0,0.0%,145
305340004,Admission to long stay hospital,Medicaid,Government,"$103,929","$103,929",$0,0.0%,223
398171003,Hearing examination (procedure),Anthem,Commercial,"$1,689,849","$1,689,849",$0,0.0%,602
1116635,(no description on file),Cigna Health,Commercial,"$64,002","$64,002",$0,0.0%,246
241834,(no description on file),Medicaid,Government,"$14,493","$14,493",$0,0.0%,142
698354004,Magnetic resonance imaging for measurement of brain volume (procedure),Humana,Commercial,"$1,208,969","$1,208,969",$0,0.0%,124
180207008,Intravenous blood transfusion of packed cells (procedure),Anthem,Commercial,"$1,012,083","$1,012,083",$0,0.0%,451
1601380,(no description on file),Medicaid,Government,"$53,770","$53,770",$0,0.0%,98
212446,(no description on file),Dual Eligible,Government,"$7,398","$7,398",$0,0.0%,33
141962,(no description on file),Dual Eligible,Government,"$12,275","$12,275",$0,0.0%,51
429609002,Lung volume reduction surgery (procedure),Medicaid,Government,"$2,028,697","$2,028,697",$0,0.0%,61
65546002,Extraction of wisdom tooth,Blue Cross Blue Shield,Commercial,"$2,019,014","$2,019,014",$0,0.0%,176
200619008,Comprehensive interview and evaluation (procedure),NO_INSURANCE,Self-Pay / Uninsured,"$47,911","$47,911",$0,0.0%,98
243150007,Assist control ventilation (regime/therapy),NO_INSURANCE,Self-Pay / Uninsured,"$105,635","$105,635",$0,0.0%,29
311353,(no description on file),Humana,Commercial,"$3,439","$3,439",$0,0.0%,13
1734919,(no description on file),Humana,Commercial,"$87,385","$87,385",$0,0.0%,181
426701000119108,Ultrasonography of abdomen  right upper quadrant and epigastrium,UnitedHealthcare,Commercial,"$21,307","$21,307",$0,0.0%,43
749196,(no description on file),Humana,Commercial,"$51,532","$51,532",$0,0.0%,200
349491,(no description on file),Medicaid,Government,"$5,577","$5,577",$0,0.0%,20
38102005,Open Removal of Gall Bladder,Cigna Health,Commercial,"$465,712","$465,712",$0,0.0%,21
403875,(no description on file),NO_INSURANCE,Self-Pay / Uninsured,"$3,594","$3,594",$0,0.0%,15
386510005,Amputation care (regime/therapy),Medicaid,Government,"$14,344","$14,344",$0,0.0%,31
1361226,(no description on file),Aetna,Commercial,"$17,033","$17,033",$0,0.0%,68
88848003,Psychiatric follow-up,Anthem,Commercial,$646,$646,$0,0.0%,5
717778001,Mouth care (regime/therapy),NO_INSURANCE,Self-Pay / Uninsured,"$5,097","$5,097",$0,0.0%,11
233174007,Cardiac pacemaker procedure (procedure),Medicare,Government,"$23,324","$23,324",$0,0.0%,45
305425002,Admission to neurosurgical department,Humana,Commercial,"$7,653","$7,653",$0,0.0%,15
241834,(no description on file),Cigna Health,Commercial,"$1,938","$1,938",$0,0.0%,14
1155885007,Repair of aortic valve (procedure),Medicaid,Government,"$2,311","$2,311",$0,0.0%,5
854901,(no description on file),NO_INSURANCE,Self-Pay / Uninsured,$852,$852,$0,0.0%,3
1789958,(no description on file),Medicaid,Government,$429,$429,$0,0.0%,2
312615,(no description on file),UnitedHealthcare,Commercial,$88,$88,$0,0.0%,5
856457,(no description on file),UnitedHealthcare,Commercial,"$1,415","$1,415",$0,0.0%,5
854905,(no description on file),Blue Cross Blue Shield,Commercial,$668,$668,$0,0.0%,3
854901,(no description on file),Medicaid,Government,$723,$723,$0,0.0%,3
725351001,Transcatheter aortic valve replacement (procedure),UnitedHealthcare,Commercial,"$1,313","$1,313",$0,0.0%,3
205305,(no description on file),Anthem,Commercial,$679,$679,$0,0.0%,3
1191222,(no description on file),Blue Cross Blue Shield,Commercial,$209,$209,$0,0.0%,1
32413006,Transplantation of heart (procedure),Aetna,Commercial,$408,$408,$0,0.0%,1
979471,(no description on file),UnitedHealthcare,Commercial,$620,$620,$0,0.0%,3
205304,(no description on file),Humana,Commercial,$261,$261,$0,0.0%,1
710824005,Assessment of health and social care needs (procedure),Medicare,Government,"$1,012,902,998","$1,012,902,998",$0,0.0%,"2,075,706"
241046008,Dental X-ray bitewing (procedure),NO_INSURANCE,Self-Pay / Uninsured,"$58,319,992","$58,319,992",$0,0.0%,"119,760"
106892,(no description on file),UnitedHealthcare,Commercial,"$32,609,312","$32,609,312",$0,0.0%,"67,151"
185345009,Encounter for symptom,NO_INSURANCE,Self-Pay / Uninsured,"$9,238,391","$9,238,391",$0,0.0%,"130,347"
5880005,Physical examination procedure (procedure),Humana,Commercial,"$30,576,080","$30,576,080",$0,0.0%,"60,122"
308192,(no description on file),Anthem,Commercial,"$674,550","$674,550",$0,0.0%,"4,005"
10383002,Counseling for termination of pregnancy,Blue Cross Blue Shield,Commercial,"$1,986,831","$1,986,831",$0,0.0%,"3,913"
713106006,Screening for drug abuse (procedure),Dual Eligible,Government,"$9,822","$9,822",$0,0.0%,"173,602"
3802001,Dental application of desensitizing medicament (procedure),Anthem,Commercial,"$21,358,800","$21,358,800",$0,0.0%,"42,686"
308335008,Patient encounter procedure,Humana,Commercial,"$16,363,457","$16,363,457",$0,0.0%,"136,092"
997488,(no description on file),Medicaid,Government,"$1,167,819","$1,167,819",$0,0.0%,"2,028"
866148006,Screening for domestic abuse (procedure),Cigna Health,Commercial,"$31,000","$31,000",$0,0.0%,"137,128"
399208008,Plain chest X-ray (procedure),Aetna,Commercial,"$69,241,730","$69,241,730",$0,0.0%,"6,968"
308335008,Patient encounter procedure,Dual Eligible,Government,"$3,325,110","$3,325,110",$0,0.0%,"27,610"
314231,(no description on file),Humana,Commercial,"$17,129","$17,129",$0,0.0%,"23,194"
315639002,Initial patient assessment (procedure),Dual Eligible,Government,"$11,117,842","$11,117,842",$0,0.0%,"24,474"
16335031000119103,High resolution computed tomography of chest without contrast (procedure),Dual Eligible,Government,"$4,353,065","$4,353,065",$0,0.0%,"5,524"
185317003,Telephone encounter (procedure),Aetna,Commercial,"$51,734","$51,734",$0,0.0%,690
57617002,Urine specimen collection (procedure),Anthem,Commercial,"$2,757,824","$2,757,824",$0,0.0%,"5,629"
1736854,(no description on file),Dual Eligible,Government,"$27,493,379","$27,493,379",$0,0.0%,"70,066"
162673000,General examination of patient (procedure),Medicaid,Government,"$91,520,337","$91,520,337",$0,0.0%,"741,362"
698314001,Consultation for treatment,Anthem,Commercial,"$7,049,833","$7,049,833",$0,0.0%,"61,436"
856987,(no description on file),Dual Eligible,Government,"$2,926,300","$2,926,300",$0,0.0%,"59,847"
993770,(no description on file),NO_INSURANCE,Self-Pay / Uninsured,"$3,397,919","$3,397,919",$0,0.0%,"13,558"
121,(no description on file),NO_INSURANCE,Self-Pay / Uninsured,"$1,648,864","$1,648,864",$0,0.0%,"12,124"
866924,(no description on file),Medicare,Government,"$166,837","$166,837",$0,0.0%,651
762998009,Assessment using New York Heart Association Classification (procedure),Medicaid,Government,"$527,039","$527,039",$0,0.0%,"1,157"
710839006,Assessment of cardiac status using monitoring device (procedure),Anthem,Commercial,"$273,129","$273,129",$0,0.0%,562
443529005,Detection of chromosomal aneuploidy in prenatal amniotic fluid specimen using fluorescence in situ hybridization screening technique (procedure),Blue Cross Blue Shield,Commercial,"$25,593,030","$25,593,030",$0,0.0%,"12,959"
748962,(no description on file),NO_INSURANCE,Self-Pay / Uninsured,"$3,114,619","$3,114,619",$0,0.0%,"3,478"
14736009,History and physical examination with evaluation and management of patient (procedure),Medicaid,Government,"$3,322,827","$3,322,827",$0,0.0%,"7,150"
370789001,Development of individualized plan of care (procedure),Cigna Health,Commercial,"$2,847,682","$2,847,682",$0,0.0%,"5,858"
19589009,Radiography of mandible (procedure),Medicare,Government,"$265,904","$265,904",$0,0.0%,538
854235,(no description on file),Blue Cross Blue Shield,Commercial,"$143,471","$143,471",$0,0.0%,"10,667"
225338004,Risk assessment (procedure),Cigna Health,Commercial,"$214,491","$214,491",$0,0.0%,440
67879005,History and physical examination  limited (procedure),UnitedHealthcare,Commercial,"$2,136,859","$2,136,859",$0,0.0%,"4,260"
699253003,Surgical manipulation of joint of knee,Medicaid,Government,"$39,423,031","$39,423,031",$0,0.0%,"2,613"
896209,(no description on file),UnitedHealthcare,Commercial,"$346,137","$346,137",$0,0.0%,620
430701006,Resuscitation using intravenous fluid (procedure),Blue Cross Blue Shield,Commercial,"$324,714","$324,714",$0,0.0%,344
410006001,Digital examination of rectum,Anthem,Commercial,"$460,195","$460,195",$0,0.0%,891
133899007,Postoperative care (regime/therapy),Cigna Health,Commercial,"$1,584,818","$1,584,818",$0,0.0%,"3,206"
1856546,(no description on file),Medicaid,Government,"$116,142","$116,142",$0,0.0%,"5,798"
270427003,Patient-initiated encounter,Blue Cross Blue Shield,Commercial,"$282,064","$282,064",$0,0.0%,"3,913"
2047241,(no description on file),Humana,Commercial,"$19,796","$19,796",$0,0.0%,257
1225002,Upper arm X-ray,Cigna Health,Commercial,"$404,445","$404,445",$0,0.0%,855
302497006,Hemodialysis (procedure),Medicare,Government,"$126,877,768","$126,877,768",$0,0.0%,674
8,(no description on file),Humana,Commercial,"$2,828,256","$2,828,256",$0,0.0%,"20,796"
117015009,Throat culture (procedure),Cigna Health,Commercial,"$28,923,460","$28,923,460",$0,0.0%,"15,138"
288086009,Suture open wound,Humana,Commercial,"$80,062,002","$80,062,002",$0,0.0%,"8,852"
274031008,Rectal polypectomy,UnitedHealthcare,Commercial,"$12,779,736","$12,779,736",$0,0.0%,"1,265"
389221,(no description on file),Medicare,Government,"$200,312","$200,312",$0,0.0%,"3,943"
392247006,Insertion of catheter into artery (procedure),Dual Eligible,Government,"$1,047,364","$1,047,364",$0,0.0%,"2,318"
252482003,Stair-climbing test (procedure),Aetna,Commercial,"$618,681","$618,681",$0,0.0%,"1,286"
223470000,Discussion about signs and symptoms (procedure),Aetna,Commercial,"$3,376,777","$3,376,777",$0,0.0%,"6,950"
386394001,Pregnancy termination care,Anthem,Commercial,"$3,230,477","$3,230,477",$0,0.0%,"4,766"
445988008,Assessment using health assessment questionnaire (procedure),Dual Eligible,Government,"$170,204","$170,204",$0,0.0%,376
1807513,(no description on file),NO_INSURANCE,Self-Pay / Uninsured,"$3,366","$3,366",$0,0.0%,522
106258,(no description on file),Dual Eligible,Government,"$277,968","$277,968",$0,0.0%,"1,581"
68254000,Removal of intrauterine device,Dual Eligible,Government,"$7,335,324","$7,335,324",$0,0.0%,901
308192,(no description on file),Dual Eligible,Government,"$126,450","$126,450",$0,0.0%,728
311700,(no description on file),Cigna Health,Commercial,$275,$275,$0,0.0%,"1,263"
997488,(no description on file),NO_INSURANCE,Self-Pay / Uninsured,"$255,784","$255,784",$0,0.0%,422
241055006,Mammogram - symptomatic (procedure),Blue Cross Blue Shield,Commercial,"$9,915","$9,915",$0,0.0%,84
234687006,Grafting of periodontal bone defect (procedure),Aetna,Commercial,"$319,883","$319,883",$0,0.0%,659
979480,(no description on file),Anthem,Commercial,"$10,069","$10,069",$0,0.0%,35
746763,(no description on file),Cigna Health,Commercial,"$41,822","$41,822",$0,0.0%,160
1791701,(no description on file),NO_INSURANCE,Self-Pay / Uninsured,$11,$11,$0,0.0%,23
365853002,Imaging finding (finding),NO_INSURANCE,Self-Pay / Uninsured,"$11,245","$11,245",$0,0.0%,21
452331000124102,Review of imaging finding (procedure),NO_INSURANCE,Self-Pay / Uninsured,"$21,004","$21,004",$0,0.0%,46
122856003,Oral examination (procedure),Cigna Health,Commercial,"$207,355","$207,355",$0,0.0%,424
447759004,Brachytherapy of breast (procedure),Dual Eligible,Government,"$317,089","$317,089",$0,0.0%,19
312384001,Multidisciplinary assessment (procedure),Medicaid,Government,"$111,281","$111,281",$0,0.0%,243
966529,(no description on file),Anthem,Commercial,"$4,130","$4,130",$0,0.0%,21
12719002,Platelet transfusion (procedure),Medicaid,Government,"$144,699","$144,699",$0,0.0%,312
1946840,(no description on file),Blue Cross Blue Shield,Commercial,"$5,935","$5,935",$0,0.0%,25
1723208,(no description on file),UnitedHealthcare,Commercial,$368,$368,$0,0.0%,134
308460,(no description on file),Cigna Health,Commercial,$22,$22,$0,0.0%,43
308460,(no description on file),Anthem,Commercial,$57,$57,$0,0.0%,113
898690,(no description on file),Medicaid,Government,"$1,350","$1,350",$0,0.0%,6
999998,(no description on file),Medicaid,Government,"$21,817","$21,817",$0,0.0%,90
177157003,Spontaneous breech delivery,Blue Cross Blue Shield,Commercial,"$211,107","$211,107",$0,0.0%,32
199224,(no description on file),NO_INSURANCE,Self-Pay / Uninsured,"$10,635","$10,635",$0,0.0%,27
197887,(no description on file),Humana,Commercial,"$5,160","$5,160",$0,0.0%,20
197886,(no description on file),Dual Eligible,Government,"$7,171","$7,171",$0,0.0%,33
238100,(no description on file),Blue Cross Blue Shield,Commercial,$20,$20,$0,0.0%,25
1091392,(no description on file),Medicare,Government,"$178,697","$178,697",$0,0.0%,81
200096,(no description on file),Dual Eligible,Government,"$5,077","$5,077",$0,0.0%,23
197885,(no description on file),Aetna,Commercial,"$3,775","$3,775",$0,0.0%,15
198211,(no description on file),NO_INSURANCE,Self-Pay / Uninsured,"$6,154","$6,154",$0,0.0%,25
859747,(no description on file),NO_INSURANCE,Self-Pay / Uninsured,"$4,353","$4,353",$0,0.0%,17
185316007,Indirect encounter (procedure),Dual Eligible,Government,"$2,625","$2,625",$0,0.0%,21
2284960,(no description on file),UnitedHealthcare,Commercial,$368,$368,$0,0.0%,60
373786007,Reasons for treatment delay (finding),Cigna Health,Commercial,"$8,499","$8,499",$0,0.0%,17
709979004,Doppler ultrasonography of artery (procedure),Aetna,Commercial,"$3,950","$3,950",$0,0.0%,8
562508,(no description on file),Blue Cross Blue Shield,Commercial,"$19,337","$19,337",$0,0.0%,75
13569004,Transfusion of plasma (procedure),Dual Eligible,Government,"$27,156","$27,156",$0,0.0%,14
197884,(no description on file),UnitedHealthcare,Commercial,"$4,299","$4,299",$0,0.0%,16
205532,(no description on file),NO_INSURANCE,Self-Pay / Uninsured,"$6,512","$6,512",$0,0.0%,7
316744009,Office Visit,UnitedHealthcare,Commercial,"$1,268","$1,268",$0,0.0%,18
304532001,Treatment failure risk education (procedure),Humana,Commercial,"$1,869","$1,869",$0,0.0%,4
866419,(no description on file),Aetna,Commercial,$901,$901,$0,0.0%,4
304532001,Treatment failure risk education (procedure),Blue Cross Blue Shield,Commercial,$992,$992,$0,0.0%,2
1373463,(no description on file),Humana,Commercial,"$20,091","$20,091",$0,0.0%,2
200345,(no description on file),UnitedHealthcare,Commercial,$541,$541,$0,0.0%,2
854908,(no description on file),UnitedHealthcare,Commercial,$220,$220,$0,0.0%,1
1190766,(no description on file),Cigna Health,Commercial,$209,$209,$0,0.0%,1
827075,(no description on file),Blue Cross Blue Shield,Commercial,$283,$283,$0,0.0%,1
1260010008,Removal of subgingival plaque and calculus from all teeth using dental instrument (procedure),Medicaid,Government,"$355,367,554","$355,367,554",$0,0.0%,"771,332"
849574,(no description on file),Cigna Health,Commercial,"$2,076,580","$2,076,580",$0,0.0%,"8,661"
245314,(no description on file),Medicaid,Government,"$705,723","$705,723",$0,0.0%,"10,474"
904419,(no description on file),Dual Eligible,Government,"$1,432,613","$1,432,613",$0,0.0%,"159,603"
3802001,Dental application of desensitizing medicament (procedure),Medicare,Government,"$83,694,605","$83,694,605",$0,0.0%,"166,815"
1535362,(no description on file),Medicaid,Government,"$89,210,420","$89,210,420",$0,0.0%,"385,425"
10,(no description on file),Medicaid,Government,"$16,189,304","$16,189,304",$0,0.0%,"119,039"
108515,(no description on file),Blue Cross Blue Shield,Commercial,"$1,489,971","$1,489,971",$0,0.0%,"5,845"
104326007,Measurement of Varicella-zoster virus antibody,UnitedHealthcare,Commercial,"$23,266,671","$23,266,671",$0,0.0%,"11,848"
371883000,Outpatient procedure,Aetna,Commercial,"$6,037,976","$6,037,976",$0,0.0%,"51,555"
252160004,Standard pregnancy test,Humana,Commercial,"$196,526,867","$196,526,867",$0,0.0%,"37,994"
763302001,Assessment using Alcohol Use Disorders Identification Test - Consumption (procedure),Blue Cross Blue Shield,Commercial,"$4,727","$4,727",$0,0.0%,"88,453"
1256042007,Restoration of tooth with coverage of all cusps using dental filling material (procedure),Anthem,Commercial,"$11,676,571","$11,676,571",$0,0.0%,"23,936"
31208007,Medical induction of labor,NO_INSURANCE,Self-Pay / Uninsured,"$8,775,572","$8,775,572",$0,0.0%,"2,486"
31676001,Human immunodeficiency virus antigen test,Anthem,Commercial,"$31,981,476","$31,981,476",$0,0.0%,"16,835"
169553002,Insertion of subcutaneous contraceptive,Humana,Commercial,"$89,746,359","$89,746,359",$0,0.0%,"10,099"
1665060,(no description on file),Medicare,Government,"$2,095,035","$2,095,035",$0,0.0%,"8,095"
183452005,Emergency hospital admission (procedure),Medicare,Government,"$147,946","$147,946",$0,0.0%,"2,071"
978950,(no description on file),Anthem,Commercial,"$3,675,345","$3,675,345",$0,0.0%,"4,015"
410006001,Digital examination of rectum,Humana,Commercial,"$493,862","$493,862",$0,0.0%,"1,017"
18946005,Epidural anesthesia,Cigna Health,Commercial,"$4,605,112","$4,605,112",$0,0.0%,"2,391"
28163009,Skin test for tuberculosis  Tine test (procedure),Medicaid,Government,"$99,110,778","$99,110,778",$0,0.0%,"54,630"
315124004,Human immunodeficiency virus viral load (procedure),NO_INSURANCE,Self-Pay / Uninsured,"$1,084,327","$1,084,327",$0,0.0%,"2,211"
370789001,Development of individualized plan of care (procedure),Dual Eligible,Government,"$11,117,842","$11,117,842",$0,0.0%,"24,474"
896001,(no description on file),Cigna Health,Commercial,"$2,056,252","$2,056,252",$0,0.0%,"7,968"
14768001,Peripheral blood smear interpretation,NO_INSURANCE,Self-Pay / Uninsured,"$2,429,495","$2,429,495",$0,0.0%,"4,949"
351109,(no description on file),Cigna Health,Commercial,"$3,224,221","$3,224,221",$0,0.0%,"12,484"
389221,(no description on file),UnitedHealthcare,Commercial,"$174,734","$174,734",$0,0.0%,"3,512"
856987,(no description on file),Aetna,Commercial,"$1,748,719","$1,748,719",$0,0.0%,"32,332"
301807007,Removal of subcutaneous contraceptive,Cigna Health,Commercial,"$49,595,166","$49,595,166",$0,0.0%,"5,810"
284053004,Tooth socket procedure (procedure),Cigna Health,Commercial,"$801,674","$801,674",$0,0.0%,"1,651"
301882004,Placement of aortic cross clamp (procedure),Dual Eligible,Government,"$649,320","$649,320",$0,0.0%,"1,442"
223484005,Discussion about treatment (procedure),Aetna,Commercial,"$48,886","$48,886",$0,0.0%,489
698560000,Referral to sleep apnea clinic (procedure),Medicaid,Government,"$1,181,349","$1,181,349",$0,0.0%,"2,578"
210098006,Domiciliary or rest home patient evaluation and management,Medicare,Government,"$658,277","$658,277",$0,0.0%,"5,603"
349094,(no description on file),Humana,Commercial,"$1,971,077","$1,971,077",$0,0.0%,"7,805"
370789001,Development of individualized plan of care (procedure),UnitedHealthcare,Commercial,"$1,906,434","$1,906,434",$0,0.0%,"3,787"
308283009,Discharge from hospital (procedure),Cigna Health,Commercial,"$1,424,696","$1,424,696",$0,0.0%,"2,840"
1796676,(no description on file),Humana,Commercial,"$332,117","$332,117",$0,0.0%,"1,292"
440546007,Discussion about pregnancy (procedure),Cigna Health,Commercial,"$1,159,191","$1,159,191",$0,0.0%,"2,370"
397821002,Patient transfer to intensive care unit (procedure),Aetna,Commercial,"$138,882","$138,882",$0,0.0%,"1,163"
127783003,Spirometry (procedure),UnitedHealthcare,Commercial,"$5,072,360","$5,072,360",$0,0.0%,701
710839006,Assessment of cardiac status using monitoring device (procedure),NO_INSURANCE,Self-Pay / Uninsured,"$259,575","$259,575",$0,0.0%,533
91251008,Physical therapy procedure (regime/therapy),Aetna,Commercial,"$4,700,079","$4,700,079",$0,0.0%,"3,639"
979492,(no description on file),NO_INSURANCE,Self-Pay / Uninsured,"$237,494","$237,494",$0,0.0%,932
305428000,Admission to orthopedic department,UnitedHealthcare,Commercial,"$578,119","$578,119",$0,0.0%,"1,150"
1808217,(no description on file),Humana,Commercial,$370,$370,$0,0.0%,"1,392"
1659149,(no description on file),Anthem,Commercial,"$7,482","$7,482",$0,0.0%,794
74016001,Knee X-ray,Anthem,Commercial,"$346,871","$346,871",$0,0.0%,729
23745001,Documentation procedure (procedure),Blue Cross Blue Shield,Commercial,"$357,600","$357,600",$0,0.0%,709
302761001,Walking exercise test (procedure),Aetna,Commercial,"$618,681","$618,681",$0,0.0%,"1,286"
252482003,Stair-climbing test (procedure),UnitedHealthcare,Commercial,"$342,929","$342,929",$0,0.0%,685
418891003,Computed tomography of chest and abdomen,NO_INSURANCE,Self-Pay / Uninsured,"$826,265","$826,265",$0,0.0%,90
772071006,Referral to dentist (procedure),Dual Eligible,Government,"$170,204","$170,204",$0,0.0%,376
979480,(no description on file),Medicare,Government,"$128,039","$128,039",$0,0.0%,500
76464004,Hospital admission  for observation (procedure),Medicare,Government,"$39,437","$39,437",$0,0.0%,315
414088005,Emergency coronary artery bypass graft (procedure),Humana,Commercial,"$23,647","$23,647",$0,0.0%,48
311034,(no description on file),Medicaid,Government,"$137,898","$137,898",$0,0.0%,609
302497006,Hemodialysis (procedure),NO_INSURANCE,Self-Pay / Uninsured,"$8,338,909","$8,338,909",$0,0.0%,48
433114000,Human epidermal growth factor receptor 2 gene detection by immunohistochemistry (procedure),Cigna Health,Commercial,"$72,640","$72,640",$0,0.0%,312
1734919,(no description on file),Cigna Health,Commercial,"$82,266","$82,266",$0,0.0%,186
241834,(no description on file),NO_INSURANCE,Self-Pay / Uninsured,"$3,650","$3,650",$0,0.0%,43
999999,(no description on file),Humana,Commercial,"$25,896","$25,896",$0,0.0%,97
183856001,Referral to hypertension clinic,Dual Eligible,Government,"$85,784","$85,784",$0,0.0%,186
198031,(no description on file),Aetna,Commercial,"$3,965","$3,965",$0,0.0%,63
198240,(no description on file),NO_INSURANCE,Self-Pay / Uninsured,"$100,670","$100,670",$0,0.0%,132
33,(no description on file),Anthem,Commercial,"$27,200","$27,200",$0,0.0%,200
308460,(no description on file),Medicare,Government,$84,$84,$0,0.0%,186
445912000,Excision of fallopian tube and surgical removal of ectopic pregnancy,Dual Eligible,Government,"$324,978","$324,978",$0,0.0%,45
476556,(no description on file),Cigna Health,Commercial,"$128,955","$128,955",$0,0.0%,480
443497002,Excision of sentinel lymph node (procedure),UnitedHealthcare,Commercial,"$249,731","$249,731",$0,0.0%,20
261962,(no description on file),Medicare,Government,"$10,774","$10,774",$0,0.0%,37
33633005,Prescription of drug (procedure),Medicare,Government,"$34,855","$34,855",$0,0.0%,71
1721613,(no description on file),Dual Eligible,Government,"$12,110","$12,110",$0,0.0%,53
108290001,Radiation oncology AND/OR radiotherapy (procedure),Humana,Commercial,"$19,673,430","$19,673,430",$0,0.0%,221
439708006,Home visit (procedure),Blue Cross Blue Shield,Commercial,"$9,757","$9,757",$0,0.0%,85
746815,(no description on file),Medicare,Government,"$33,457","$33,457",$0,0.0%,124
310061009,Gynecology service (qualifier value),UnitedHealthcare,Commercial,"$5,788","$5,788",$0,0.0%,49
854255,(no description on file),Anthem,Commercial,"$8,012","$8,012",$0,0.0%,29
198014,(no description on file),NO_INSURANCE,Self-Pay / Uninsured,"$53,199","$53,199",$0,0.0%,190
1656356,(no description on file),Blue Cross Blue Shield,Commercial,"$9,010","$9,010",$0,0.0%,33
854228,(no description on file),Cigna Health,Commercial,$195,$195,$0,0.0%,13
979468,(no description on file),Dual Eligible,Government,"$6,513","$6,513",$0,0.0%,29
1999667,(no description on file),UnitedHealthcare,Commercial,"$22,647","$22,647",$0,0.0%,84
1599803,(no description on file),Aetna,Commercial,"$4,260","$4,260",$0,0.0%,7
997501,(no description on file),Anthem,Commercial,"$39,758","$39,758",$0,0.0%,58
61594008,Microbial culture (procedure),Humana,Commercial,"$27,964","$27,964",$0,0.0%,56
35025007,Manual pelvic examination (procedure),Aetna,Commercial,"$17,130","$17,130",$0,0.0%,121
711018006,Assessment of social support (procedure),Dual Eligible,Government,"$17,229","$17,229",$0,0.0%,39
167252002,Urine pregnancy test (procedure),NO_INSURANCE,Self-Pay / Uninsured,"$7,443","$7,443",$0,0.0%,16
409066002,Education  guidance and counseling (procedure),Humana,Commercial,"$22,748","$22,748",$0,0.0%,44
313077009,Human immunodeficiency virus counseling (procedure),UnitedHealthcare,Commercial,"$12,259","$12,259",$0,0.0%,25
854901,(no description on file),Medicare,Government,"$5,191","$5,191",$0,0.0%,18
90407005,Evaluation of psychiatric state of patient,Medicare,Government,"$2,020","$2,020",$0,0.0%,10
745791,(no description on file),Dual Eligible,Government,"$10,171","$10,171",$0,0.0%,36
232965003,Implantation of ventricular assist device (procedure),Humana,Commercial,"$5,886","$5,886",$0,0.0%,12
1789958,(no description on file),Medicare,Government,"$11,554","$11,554",$0,0.0%,46
855812,(no description on file),Blue Cross Blue Shield,Commercial,"$74,451","$74,451",$0,0.0%,286
445528004,Treatment changed (situation),Medicaid,Government,"$6,431","$6,431",$0,0.0%,14
1737466,(no description on file),Cigna Health,Commercial,"$10,618","$10,618",$0,0.0%,40
483438,(no description on file),NO_INSURANCE,Self-Pay / Uninsured,$657,$657,$0,0.0%,24
229069003,Posture training (procedure),Humana,Commercial,"$4,189","$4,189",$0,0.0%,8
43060002,Intravenous injection (procedure),NO_INSURANCE,Self-Pay / Uninsured,"$4,109","$4,109",$0,0.0%,8
200285,(no description on file),Cigna Health,Commercial,"$1,299","$1,299",$0,0.0%,5
854901,(no description on file),Anthem,Commercial,"$1,002","$1,002",$0,0.0%,4
197887,(no description on file),Cigna Health,Commercial,"$3,214","$3,214",$0,0.0%,13
898372,(no description on file),NO_INSURANCE,Self-Pay / Uninsured,$736,$736,$0,0.0%,3
709979004,Doppler ultrasonography of artery (procedure),Blue Cross Blue Shield,Commercial,"$3,699","$3,699",$0,0.0%,7
116863004,Transfusion of red blood cells (procedure),UnitedHealthcare,Commercial,"$2,768","$2,768",$0,0.0%,5
609588000,Total knee replacement,Blue Cross Blue Shield,Commercial,"$88,236","$88,236",$0,0.0%,6
1656351,(no description on file),Dual Eligible,Government,$466,$466,$0,0.0%,2
177765008,Opening of chest (procedure),NO_INSURANCE,Self-Pay / Uninsured,"$2,306","$2,306",$0,0.0%,5
234336002,Hemopoietic stem cell transplant (procedure),Anthem,Commercial,$431,$431,$0,0.0%,1
212389,(no description on file),Medicare,Government,$276,$276,$0,0.0%,1
234817001,Insertion of oral appliance for the handicapped (procedure),Humana,Commercial,$601,$601,$0,0.0%,1
1114085,(no description on file),Aetna,Commercial,$7,$7,$0,0.0%,1
859749,(no description on file),Dual Eligible,Government,$233,$233,$0,0.0%,1
233174007,Cardiac pacemaker procedure (procedure),UnitedHealthcare,Commercial,$918,$918,$0,0.0%,2
1260009003,Removal of supragingival plaque and calculus from all teeth using dental instrument (procedure),Aetna,Commercial,"$123,484,515","$123,484,515",$0,0.0%,"254,452"
185349003,Encounter for check up (procedure),Medicare,Government,"$132,948,388","$132,948,388",$0,0.0%,"1,873,756"
430193006,Medication Reconciliation (procedure),Anthem,Commercial,"$132,781,719","$132,781,719",$0,0.0%,"281,161"
1260009003,Removal of supragingival plaque and calculus from all teeth using dental instrument (procedure),Cigna Health,Commercial,"$125,817,719","$125,817,719",$0,0.0%,"259,391"
390906007,Follow-up encounter (procedure),Dual Eligible,Government,"$6,928,258","$6,928,258",$0,0.0%,"96,001"
856987,(no description on file),Humana,Commercial,"$1,941,248","$1,941,248",$0,0.0%,"35,165"
83,(no description on file),NO_INSURANCE,Self-Pay / Uninsured,"$1,420,112","$1,420,112",$0,0.0%,"10,442"
223470000,Discussion about signs and symptoms (procedure),NO_INSURANCE,Self-Pay / Uninsured,"$2,909,934","$2,909,934",$0,0.0%,"5,951"
133899007,Postoperative care (regime/therapy),Dual Eligible,Government,"$3,096,937","$3,096,937",$0,0.0%,"2,428"
209387,(no description on file),Medicare,Government,"$45,183,622","$45,183,622",$0,0.0%,"175,717"
121,(no description on file),Cigna Health,Commercial,"$2,242,776","$2,242,776",$0,0.0%,"16,491"
8,(no description on file),Medicaid,Government,"$12,618,896","$12,618,896",$0,0.0%,"92,786"
314076,(no description on file),Blue Cross Blue Shield,Commercial,"$201,381","$201,381",$0,0.0%,"111,185"
225158009,Auscultation of the fetal heart,UnitedHealthcare,Commercial,"$534,543,127","$534,543,127",$0,0.0%,"103,425"
305336008,Admission to hospice (procedure),Medicare,Government,"$4,315,706","$4,315,706",$0,0.0%,"34,447"
424619006,Prenatal visit,UnitedHealthcare,Commercial,"$11,826,854","$11,826,854",$0,0.0%,"98,466"
395142003,Allergy screening test,Medicaid,Government,"$6,879,161","$6,879,161",$0,0.0%,"14,683"
1049504,(no description on file),NO_INSURANCE,Self-Pay / Uninsured,"$4,049,063","$4,049,063",$0,0.0%,"16,108"
583214,(no description on file),UnitedHealthcare,Commercial,"$7,353","$7,353",$0,0.0%,"2,028"
305411003,Admission to thoracic surgery department,Medicare,Government,"$166,890","$166,890",$0,0.0%,"1,350"
51116004,Passive immunization (procedure),Aetna,Commercial,"$11,473,940","$11,473,940",$0,0.0%,"4,661"
47758006,Hepatitis B Surface Antigen Measurement,Medicare,Government,"$21,235,917","$21,235,917",$0,0.0%,"11,029"
854252,(no description on file),Dual Eligible,Government,"$151,459","$151,459",$0,0.0%,"10,059"
2103182,(no description on file),Medicare,Government,"$90,899","$90,899",$0,0.0%,"7,779"
966222,(no description on file),Dual Eligible,Government,$50,$50,$0,0.0%,194
371908008,Oxygen administration by mask (procedure),UnitedHealthcare,Commercial,"$6,839,962","$6,839,962",$0,0.0%,"1,545"
855332,(no description on file),Cigna Health,Commercial,"$16,991","$16,991",$0,0.0%,"1,575"
1269321004,Fitting of denture (procedure),Humana,Commercial,"$3,604,576","$3,604,576",$0,0.0%,"7,137"
1729584,(no description on file),Blue Cross Blue Shield,Commercial,"$31,410","$31,410",$0,0.0%,290
198335,(no description on file),Cigna Health,Commercial,"$258,635","$258,635",$0,0.0%,986
744842,(no description on file),Humana,Commercial,"$78,995","$78,995",$0,0.0%,299
310417005,Certification procedure (procedure),Dual Eligible,Government,"$5,558,389","$5,558,389",$0,0.0%,"12,243"
63332003,History AND physical examination (procedure),Humana,Commercial,"$3,311,468","$3,311,468",$0,0.0%,"6,558"
1728805,(no description on file),Dual Eligible,Government,"$232,223","$232,223",$0,0.0%,"1,025"
757594,(no description on file),Humana,Commercial,"$6,811,972","$6,811,972",$0,0.0%,"7,652"
33,(no description on file),Dual Eligible,Government,"$1,801,592","$1,801,592",$0,0.0%,"13,247"
895996,(no description on file),UnitedHealthcare,Commercial,"$2,332,297","$2,332,297",$0,0.0%,"9,004"
183460006,Obstetric emergency hospital admission,UnitedHealthcare,Commercial,"$1,511,380","$1,511,380",$0,0.0%,"11,391"
395142003,Allergy screening test,Medicare,Government,"$2,094,973","$2,094,973",$0,0.0%,"4,272"
91251008,Physical therapy procedure (regime/therapy),NO_INSURANCE,Self-Pay / Uninsured,"$4,515,579","$4,515,579",$0,0.0%,"3,722"
269828009,Syphilis infectious titer test (procedure),NO_INSURANCE,Self-Pay / Uninsured,"$27,208,171","$27,208,171",$0,0.0%,"14,275"
745752,(no description on file),Medicaid,Government,"$5,334,102","$5,334,102",$0,0.0%,"22,878"
51116004,Passive immunization (procedure),Dual Eligible,Government,"$3,857,892","$3,857,892",$0,0.0%,"1,702"
71651007,Mammography (procedure),Medicaid,Government,"$256,761","$256,761",$0,0.0%,"2,311"
237001001,Augmentation of labor,Cigna Health,Commercial,"$3,926,603","$3,926,603",$0,0.0%,"1,018"
173291009,Simple extraction of tooth (procedure),Cigna Health,Commercial,"$4,014,006","$4,014,006",$0,0.0%,"8,296"
1998774,(no description on file),Blue Cross Blue Shield,Commercial,"$217,653","$217,653",$0,0.0%,835
228557008,Cognitive and behavioral therapy (regime/therapy),Cigna Health,Commercial,"$65,949,089","$65,949,089",$0,0.0%,"6,842"
1807513,(no description on file),Cigna Health,Commercial,"$5,698","$5,698",$0,0.0%,870
1263416007,Removal of intrauterine contraceptive device (procedure),NO_INSURANCE,Self-Pay / Uninsured,"$545,251","$545,251",$0,0.0%,"1,039"
866412,(no description on file),Anthem,Commercial,"$671,351","$671,351",$0,0.0%,"2,558"
1736854,(no description on file),Anthem,Commercial,"$1,593,689","$1,593,689",$0,0.0%,"3,676"
233553003,Vascular cannula removal (procedure),Anthem,Commercial,"$317,380","$317,380",$0,0.0%,652
167271000,Urine protein test,Blue Cross Blue Shield,Commercial,"$25,515,107","$25,515,107",$0,0.0%,"12,956"
711069006,Coordination of care plan (procedure),Medicare,Government,"$4,438,036","$4,438,036",$0,0.0%,"9,058"
242969,(no description on file),Dual Eligible,Government,"$7,700","$7,700",$0,0.0%,"2,941"
616830,(no description on file),Medicaid,Government,"$2,314,746","$2,314,746",$0,0.0%,"10,021"
312961,(no description on file),Medicaid,Government,"$1,993,050","$1,993,050",$0,0.0%,"7,245"
748962,(no description on file),Medicare,Government,"$2,910,950","$2,910,950",$0,0.0%,"3,206"
170837001,Allergic disorder initial assessment,Dual Eligible,Government,"$139,950","$139,950",$0,0.0%,"1,182"
1998774,(no description on file),UnitedHealthcare,Commercial,"$235,685","$235,685",$0,0.0%,933
232717009,Coronary artery bypass grafting (procedure),Anthem,Commercial,"$23,107,119","$23,107,119",$0,0.0%,591
252482003,Stair-climbing test (procedure),Humana,Commercial,"$681,556","$681,556",$0,0.0%,"1,352"
1732136,(no description on file),Anthem,Commercial,$123,$123,$0,0.0%,82
168594001,Clavicle X-ray,Dual Eligible,Government,"$719,298","$719,298",$0,0.0%,"1,579"
185389009,Follow-up visit (procedure),Dual Eligible,Government,"$365,951","$365,951",$0,0.0%,"5,057"
313002,(no description on file),Medicare,Government,$735,$735,$0,0.0%,407
744842,(no description on file),Anthem,Commercial,"$77,402","$77,402",$0,0.0%,281
11466000,Cesarean section,Aetna,Commercial,"$11,804,453","$11,804,453",$0,0.0%,"1,484"
865098,(no description on file),Humana,Commercial,"$534,326","$534,326",$0,0.0%,541
70536003,Transplant of kidney (procedure),Blue Cross Blue Shield,Commercial,"$268,422","$268,422",$0,0.0%,537
223487003,Discussion about options (procedure),Cigna Health,Commercial,"$150,358","$150,358",$0,0.0%,311
106258,(no description on file),Medicaid,Government,"$176,344","$176,344",$0,0.0%,"1,008"
392247006,Insertion of catheter into artery (procedure),Cigna Health,Commercial,"$600,232","$600,232",$0,0.0%,"1,250"
966222,(no description on file),Humana,Commercial,$39,$39,$0,0.0%,130
232717009,Coronary artery bypass grafting (procedure),Blue Cross Blue Shield,Commercial,"$19,149,280","$19,149,280",$0,0.0%,459
310436,(no description on file),Anthem,Commercial,"$4,797","$4,797",$0,0.0%,108
1790099,(no description on file),NO_INSURANCE,Self-Pay / Uninsured,$743,$743,$0,0.0%,246
1665060,(no description on file),UnitedHealthcare,Commercial,"$171,468","$171,468",$0,0.0%,669
562508,(no description on file),Medicaid,Government,"$68,224","$68,224",$0,0.0%,298
310417005,Certification procedure (procedure),Anthem,Commercial,"$220,669","$220,669",$0,0.0%,459
1747691,(no description on file),Anthem,Commercial,"$24,632","$24,632",$0,0.0%,90
242754,(no description on file),Medicare,Government,"$22,249","$22,249",$0,0.0%,78
997488,(no description on file),Cigna Health,Commercial,"$189,166","$189,166",$0,0.0%,317
301884003,Removal of aortic cross clamp (procedure),Aetna,Commercial,"$356,431","$356,431",$0,0.0%,740
1728805,(no description on file),NO_INSURANCE,Self-Pay / Uninsured,"$77,005","$77,005",$0,0.0%,299
24832002,Closed reduction of mandibular fracture (procedure),NO_INSURANCE,Self-Pay / Uninsured,"$73,840","$73,840",$0,0.0%,151
733863009,Assessment of readiness for self-management (procedure),Medicaid,Government,"$60,446","$60,446",$0,0.0%,130
311354,(no description on file),Medicaid,Government,"$26,250","$26,250",$0,0.0%,113
3457005,Patient referral (procedure),Humana,Commercial,"$24,630","$24,630",$0,0.0%,48
18286008,Catheter ablation of tissue of heart (procedure),Medicaid,Government,"$277,951","$277,951",$0,0.0%,39
1732136,(no description on file),UnitedHealthcare,Commercial,$64,$64,$0,0.0%,43
88039007,Transplant of lung (procedure),Dual Eligible,Government,"$22,675,563","$22,675,563",$0,0.0%,170
198031,(no description on file),Medicare,Government,"$9,494","$9,494",$0,0.0%,141
698354004,Magnetic resonance imaging for measurement of brain volume (procedure),Anthem,Commercial,"$898,231","$898,231",$0,0.0%,89
617310,(no description on file),Medicaid,Government,"$54,936","$54,936",$0,0.0%,240
698560000,Referral to sleep apnea clinic (procedure),UnitedHealthcare,Commercial,"$332,554","$332,554",$0,0.0%,660
410410006,Screening surveillance (regime/therapy),Humana,Commercial,"$13,880","$13,880",$0,0.0%,117
859751,(no description on file),Dual Eligible,Government,"$8,813","$8,813",$0,0.0%,39
709506004,Assessment of readiness for disclosure of health status (procedure),Cigna Health,Commercial,"$23,903","$23,903",$0,0.0%,49
317150,(no description on file),NO_INSURANCE,Self-Pay / Uninsured,"$61,138","$61,138",$0,0.0%,237
60027007,Radiography of wrist (procedure),UnitedHealthcare,Commercial,"$272,172","$272,172",$0,0.0%,551
242754,(no description on file),Humana,Commercial,"$30,447","$30,447",$0,0.0%,115
608139,(no description on file),Anthem,Commercial,"$16,633","$16,633",$0,0.0%,119
1656356,(no description on file),Humana,Commercial,"$11,492","$11,492",$0,0.0%,43
709506004,Assessment of readiness for disclosure of health status (procedure),UnitedHealthcare,Commercial,"$12,667","$12,667",$0,0.0%,28
252559,(no description on file),Aetna,Commercial,"$8,420","$8,420",$0,0.0%,32
259255,(no description on file),Cigna Health,Commercial,$311,$311,$0,0.0%,24
241615005,Magnetic resonance imaging of breast (procedure),Blue Cross Blue Shield,Commercial,"$67,986","$67,986",$0,0.0%,50
979092,(no description on file),Anthem,Commercial,$80,$80,$0,0.0%,259
105376000,Transesophageal echocardiography (procedure),Aetna,Commercial,"$27,193","$27,193",$0,0.0%,57
182777000,Monitoring of patient (regime/therapy),Humana,Commercial,"$19,877","$19,877",$0,0.0%,38
26212005,Replacement of aortic valve (procedure),Blue Cross Blue Shield,Commercial,"$14,370","$14,370",$0,0.0%,29
303653007,Computed tomography of head (procedure),Medicaid,Government,"$17,098","$17,098",$0,0.0%,37
197886,(no description on file),Medicare,Government,"$23,999","$23,999",$0,0.0%,93
313212,(no description on file),Medicaid,Government,"$6,896","$6,896",$0,0.0%,30
686924,(no description on file),Dual Eligible,Government,"$8,565","$8,565",$0,0.0%,38
309845,(no description on file),Anthem,Commercial,$4,$4,$0,0.0%,37
859751,(no description on file),Humana,Commercial,"$7,020","$7,020",$0,0.0%,27
979468,(no description on file),Medicaid,Government,"$3,899","$3,899",$0,0.0%,17
858817,(no description on file),Medicaid,Government,"$3,199","$3,199",$0,0.0%,15
312617,(no description on file),NO_INSURANCE,Self-Pay / Uninsured,"$4,122","$4,122",$0,0.0%,571
562508,(no description on file),Anthem,Commercial,"$27,272","$27,272",$0,0.0%,100
200349,(no description on file),Blue Cross Blue Shield,Commercial,"$3,397","$3,397",$0,0.0%,14
113120007,Interstitial brachytherapy (procedure),Humana,Commercial,"$182,756","$182,756",$0,0.0%,10
854255,(no description on file),Blue Cross Blue Shield,Commercial,"$6,419","$6,419",$0,0.0%,25
197379,(no description on file),Anthem,Commercial,"$2,473","$2,473",$0,0.0%,10
904475,(no description on file),Blue Cross Blue Shield,Commercial,"$3,382","$3,382",$0,0.0%,12
476350,(no description on file),NO_INSURANCE,Self-Pay / Uninsured,$617,$617,$0,0.0%,2
200094,(no description on file),Dual Eligible,Government,$494,$494,$0,0.0%,2
197885,(no description on file),Anthem,Commercial,"$4,299","$4,299",$0,0.0%,17
417511005,Referral to home health care service (procedure),Aetna,Commercial,"$3,875","$3,875",$0,0.0%,8
198182,(no description on file),Blue Cross Blue Shield,Commercial,$440,$440,$0,0.0%,2
861356,(no description on file),Dual Eligible,Government,"$1,928","$1,928",$0,0.0%,8
88039007,Transplant of lung (procedure),Aetna,Commercial,"$1,007,544","$1,007,544",$0,0.0%,7
1483744,(no description on file),Humana,Commercial,"$1,180","$1,180",$0,0.0%,5
58776007,Autologous bone marrow transplant (procedure),Cigna Health,Commercial,"$1,518","$1,518",$0,0.0%,3
751623,(no description on file),Humana,Commercial,$796,$796,$0,0.0%,3
672149,(no description on file),Dual Eligible,Government,$48,$48,$0,0.0%,1
885219,(no description on file),Humana,Commercial,$283,$283,$0,0.0%,1
306237005,Referral to palliative care service (procedure),NO_INSURANCE,Self-Pay / Uninsured,$408,$408,$0,0.0%,1
858804,(no description on file),NO_INSURANCE,Self-Pay / Uninsured,$220,$220,$0,0.0%,1
1114085,(no description on file),Anthem,Commercial,$12,$12,$0,0.0%,2
1114085,(no description on file),Blue Cross Blue Shield,Commercial,$5,$5,$0,0.0%,1
1656351,(no description on file),Blue Cross Blue Shield,Commercial,$276,$276,$0,0.0%,1
1190766,(no description on file),Medicaid,Government,$283,$283,$0,0.0%,1
103697008,Patient referral for dental care (procedure),Medicaid,Government,"$52,942,141","$52,942,141",$0,0.0%,"803,097"
65200003,Insertion of intrauterine contraceptive device,Humana,Commercial,"$95,776,531","$95,776,531",$0,0.0%,"10,599"
73761001,Colonoscopy,Medicare,Government,"$982,147,124","$982,147,124",$0,0.0%,"88,441"
710841007,Assessment of anxiety (procedure),NO_INSURANCE,Self-Pay / Uninsured,"$8,770,843","$8,770,843",$0,0.0%,"216,786"
252160004,Standard pregnancy test,Aetna,Commercial,"$136,024,202","$136,024,202",$0,0.0%,"27,333"
106892,(no description on file),Cigna Health,Commercial,"$67,137,468","$67,137,468",$0,0.0%,"137,097"
385763009,Hospice care (regime/therapy),Dual Eligible,Government,"$119,669,462","$119,669,462",$0,0.0%,"12,388"
269828009,Syphilis infectious titer test (procedure),Humana,Commercial,"$47,923,912","$47,923,912",$0,0.0%,"24,148"
108515,(no description on file),Dual Eligible,Government,"$4,873,378","$4,873,378",$0,0.0%,"21,514"
698314001,Consultation for treatment,Blue Cross Blue Shield,Commercial,"$5,442,677","$5,442,677",$0,0.0%,"46,070"
104326007,Measurement of Varicella-zoster virus antibody,Medicaid,Government,"$99,155,450","$99,155,450",$0,0.0%,"54,630"
268533009,Sterilization education (procedure),Aetna,Commercial,"$678,591","$678,591",$0,0.0%,"1,402"
314077,(no description on file),Medicare,Government,"$4,346,790","$4,346,790",$0,0.0%,"16,843"
630208,(no description on file),NO_INSURANCE,Self-Pay / Uninsured,"$6,221,994","$6,221,994",$0,0.0%,"24,414"
389221,(no description on file),Aetna,Commercial,"$261,161","$261,161",$0,0.0%,"5,183"
104375008,Hepatitis C antibody  confirmatory test,NO_INSURANCE,Self-Pay / Uninsured,"$27,064,679","$27,064,679",$0,0.0%,"14,275"
395123002,Urine screening test for diabetes,Cigna Health,Commercial,"$32,712,048","$32,712,048",$0,0.0%,"17,216"
395142003,Allergy screening test,Blue Cross Blue Shield,Commercial,"$1,444,443","$1,444,443",$0,0.0%,"2,896"
113,(no description on file),Anthem,Commercial,"$5,383,832","$5,383,832",$0,0.0%,"39,587"
855332,(no description on file),Medicaid,Government,"$65,621","$65,621",$0,0.0%,"6,824"
46706006,Replacement of contraceptive intrauterine device,NO_INSURANCE,Self-Pay / Uninsured,"$20,977,357","$20,977,357",$0,0.0%,"2,407"
1431987,(no description on file),Cigna Health,Commercial,"$388,310","$388,310",$0,0.0%,"1,587"
449411000124106,Admission to skilled nursing facility (procedure),NO_INSURANCE,Self-Pay / Uninsured,"$401,896","$401,896",$0,0.0%,"3,234"
223470000,Discussion about signs and symptoms (procedure),Dual Eligible,Government,"$1,876,278","$1,876,278",$0,0.0%,"4,112"
473231009,Renal disorder medication review (procedure),Humana,Commercial,"$2,155,506","$2,155,506",$0,0.0%,"4,302"
305408004,Admission to surgical department,Blue Cross Blue Shield,Commercial,"$173,799","$173,799",$0,0.0%,"1,302"
748879,(no description on file),Aetna,Commercial,"$3,655,748","$3,655,748",$0,0.0%,"4,029"
392247006,Insertion of catheter into artery (procedure),Medicare,Government,"$3,592,418","$3,592,418",$0,0.0%,"7,327"
386053000,Evaluation procedure (procedure),Cigna Health,Commercial,"$2,513,684","$2,513,684",$0,0.0%,"5,152"
208,(no description on file),Humana,Commercial,"$12,265,024","$12,265,024",$0,0.0%,"90,181"
301884003,Removal of aortic cross clamp (procedure),Medicare,Government,"$2,220,239","$2,220,239",$0,0.0%,"4,524"
305428000,Admission to orthopedic department,NO_INSURANCE,Self-Pay / Uninsured,"$646,824","$646,824",$0,0.0%,"1,331"
34043003,Dental consultation and report (procedure),UnitedHealthcare,Commercial,"$83,068,038","$83,068,038",$0,0.0%,"165,318"
993770,(no description on file),Medicare,Government,"$16,724,676","$16,724,676",$0,0.0%,"65,602"
114,(no description on file),Medicaid,Government,"$10,860,416","$10,860,416",$0,0.0%,"79,856"
243063003,Postoperative procedure education (procedure),Aetna,Commercial,"$619,089","$619,089",$0,0.0%,"1,287"
306706006,Discharge to ward (procedure),Medicare,Government,"$3,780,829","$3,780,829",$0,0.0%,"7,705"
198440,(no description on file),UnitedHealthcare,Commercial,$485,$485,$0,0.0%,"13,239"
232717009,Coronary artery bypass grafting (procedure),Medicaid,Government,"$66,074,122","$66,074,122",$0,0.0%,"1,766"
301884003,Removal of aortic cross clamp (procedure),Blue Cross Blue Shield,Commercial,"$246,895","$246,895",$0,0.0%,489
115,(no description on file),NO_INSURANCE,Self-Pay / Uninsured,"$702,848","$702,848",$0,0.0%,"5,168"
56876005,Drug rehabilitation and detoxification,NO_INSURANCE,Self-Pay / Uninsured,"$760,198","$760,198",$0,0.0%,"6,418"
392091000,Care regimes assessment (procedure),Dual Eligible,Government,"$867,258","$867,258",$0,0.0%,"1,603"
197541,(no description on file),Cigna Health,Commercial,"$16,594","$16,594",$0,0.0%,89
1790099,(no description on file),Cigna Health,Commercial,$735,$735,$0,0.0%,251
1796676,(no description on file),Aetna,Commercial,"$321,696","$321,696",$0,0.0%,"1,246"
1505002,Hospital admission for isolation (procedure),NO_INSURANCE,Self-Pay / Uninsured,"$173,610","$173,610",$0,0.0%,"1,412"
133899007,Postoperative care (regime/therapy),Aetna,Commercial,"$1,492,701","$1,492,701",$0,0.0%,"3,020"
212,(no description on file),Dual Eligible,Government,"$354,824","$354,824",$0,0.0%,"2,609"
234687006,Grafting of periodontal bone defect (procedure),Medicaid,Government,"$826,197","$826,197",$0,0.0%,"1,803"
616830,(no description on file),Cigna Health,Commercial,"$958,523","$958,523",$0,0.0%,"3,631"
308192,(no description on file),Medicare,Government,"$217,046","$217,046",$0,0.0%,"1,331"
410410006,Screening surveillance (regime/therapy),Aetna,Commercial,"$26,649","$26,649",$0,0.0%,229
302761001,Walking exercise test (procedure),Cigna Health,Commercial,"$615,958","$615,958",$0,0.0%,"1,283"
26604007,Complete blood count (procedure),Humana,Commercial,"$244,324","$244,324",$0,0.0%,488
306206005,Referral to service (procedure),Blue Cross Blue Shield,Commercial,"$131,797","$131,797",$0,0.0%,260
236974004,Instrumental delivery,Medicaid,Government,"$29,428,942","$29,428,942",$0,0.0%,"4,928"
308646001,Death Certification,Dual Eligible,Government,"$821,277","$821,277",$0,0.0%,"6,748"
714812005,Induced termination of pregnancy,NO_INSURANCE,Self-Pay / Uninsured,"$37,843,012","$37,843,012",$0,0.0%,"4,396"
65200003,Insertion of intrauterine contraceptive device,Medicare,Government,"$52,251,035","$52,251,035",$0,0.0%,"6,048"
52765003,Intubation,UnitedHealthcare,Commercial,"$285,235","$285,235",$0,0.0%,705
1605257,(no description on file),Humana,Commercial,"$2,717,969","$2,717,969",$0,0.0%,"2,627"
428830000,Pretransplant evaluation of kidney recipient (procedure),Aetna,Commercial,"$385,556","$385,556",$0,0.0%,798
305351004,Admission to intensive care unit (procedure),Aetna,Commercial,"$21,826,938","$21,826,938",$0,0.0%,739
386478007,Triage emergency center (procedure),Aetna,Commercial,"$883,118","$883,118",$0,0.0%,"1,824"
232717009,Coronary artery bypass grafting (procedure),NO_INSURANCE,Self-Pay / Uninsured,"$23,634,595","$23,634,595",$0,0.0%,592
226719,(no description on file),UnitedHealthcare,Commercial,"$120,997","$120,997",$0,0.0%,503
8290005,Induced cardioplegia (procedure),Cigna Health,Commercial,"$356,849","$356,849",$0,0.0%,745
1740467,(no description on file),Humana,Commercial,$416,$416,$0,0.0%,"1,493"
308646001,Death Certification,Humana,Commercial,"$137,339","$137,339",$0,0.0%,"1,035"
1665060,(no description on file),Blue Cross Blue Shield,Commercial,"$191,023","$191,023",$0,0.0%,743
305432006,Admission to surgical transplant department (procedure),Cigna Health,Commercial,"$94,735","$94,735",$0,0.0%,788
309362,(no description on file),UnitedHealthcare,Commercial,"$1,241,204","$1,241,204",$0,0.0%,"1,526"
9564003,Complete blood count with white cell differential  automated (procedure),Blue Cross Blue Shield,Commercial,"$663,313","$663,313",$0,0.0%,"1,334"
183856001,Referral to hypertension clinic,Cigna Health,Commercial,"$165,959","$165,959",$0,0.0%,347
234687006,Grafting of periodontal bone defect (procedure),Dual Eligible,Government,"$370,816","$370,816",$0,0.0%,823
76164006,Biopsy of colon,Anthem,Commercial,"$2,069,948","$2,069,948",$0,0.0%,192
43075005,Partial resection of colon,Anthem,Commercial,"$7,074,135","$7,074,135",$0,0.0%,313
212033,(no description on file),Humana,Commercial,"$151,775","$151,775",$0,0.0%,596
2003249,(no description on file),Aetna,Commercial,"$98,130","$98,130",$0,0.0%,357
19589009,Radiography of mandible (procedure),Cigna Health,Commercial,"$208,839","$208,839",$0,0.0%,426
197319,(no description on file),Anthem,Commercial,"$60,075","$60,075",$0,0.0%,193
180178009,Continuous subcutaneous infusion of insulin (procedure),Dual Eligible,Government,"$209,202","$209,202",$0,0.0%,460
752899,(no description on file),Humana,Commercial,"$81,347","$81,347",$0,0.0%,124
308971,(no description on file),NO_INSURANCE,Self-Pay / Uninsured,"$123,546","$123,546",$0,0.0%,103
476556,(no description on file),UnitedHealthcare,Commercial,"$35,375","$35,375",$0,0.0%,141
752899,(no description on file),Anthem,Commercial,"$75,535","$75,535",$0,0.0%,113
308251003,Admission to clinical oncology department (procedure),Dual Eligible,Government,"$30,355","$30,355",$0,0.0%,249
241834,(no description on file),Aetna,Commercial,"$2,766","$2,766",$0,0.0%,27
772071006,Referral to dentist (procedure),Anthem,Commercial,"$29,775","$29,775",$0,0.0%,64
859424,(no description on file),Aetna,Commercial,"$1,473","$1,473",$0,0.0%,6
179632003,Closed reduction of dislocation of temporomandibular joint (procedure),Blue Cross Blue Shield,Commercial,"$64,549","$64,549",$0,0.0%,126
187,(no description on file),Dual Eligible,Government,"$4,896","$4,896",$0,0.0%,36
212033,(no description on file),Blue Cross Blue Shield,Commercial,"$81,546","$81,546",$0,0.0%,313
198039,(no description on file),Cigna Health,Commercial,"$123,725","$123,725",$0,0.0%,478
212446,(no description on file),Humana,Commercial,"$19,051","$19,051",$0,0.0%,74
312938,(no description on file),Anthem,Commercial,$40,$40,$0,0.0%,21
171128005,Venereal disease screening (procedure),Medicaid,Government,"$60,446","$60,446",$0,0.0%,130
23183008,Excision of lingual torus (procedure),Blue Cross Blue Shield,Commercial,"$21,506","$21,506",$0,0.0%,44
763138,(no description on file),Dual Eligible,Government,"$6,485","$6,485",$0,0.0%,28
305411003,Admission to thoracic surgery department,Medicaid,Government,"$12,788","$12,788",$0,0.0%,103
171126009,Tuberculosis screening (procedure),Medicare,Government,"$34,309","$34,309",$0,0.0%,74
763228001,Assessment using Canadian Study of Health and Aging Clinical Frailty Scale (procedure),Cigna Health,Commercial,"$28,880","$28,880",$0,0.0%,59
200243,(no description on file),UnitedHealthcare,Commercial,$44,$44,$0,0.0%,100
314077,(no description on file),Aetna,Commercial,"$79,929","$79,929",$0,0.0%,299
1373463,(no description on file),Medicare,Government,"$220,441","$220,441",$0,0.0%,18
116861002,Transfusion of fresh frozen plasma (procedure),Blue Cross Blue Shield,Commercial,"$53,168","$53,168",$0,0.0%,95
596926,(no description on file),Medicaid,Government,"$1,295","$1,295",$0,0.0%,56
445912000,Excision of fallopian tube and surgical removal of ectopic pregnancy,Cigna Health,Commercial,"$1,317,317","$1,317,317",$0,0.0%,181
866427,(no description on file),Blue Cross Blue Shield,Commercial,"$5,246","$5,246",$0,0.0%,22
18286008,Catheter ablation of tissue of heart (procedure),Anthem,Commercial,"$122,137","$122,137",$0,0.0%,14
856569,(no description on file),Medicaid,Government,"$2,248","$2,248",$0,0.0%,10
596926,(no description on file),NO_INSURANCE,Self-Pay / Uninsured,$520,$520,$0,0.0%,24
200064,(no description on file),Dual Eligible,Government,"$15,304","$15,304",$0,0.0%,44
205305,(no description on file),Blue Cross Blue Shield,Commercial,$718,$718,$0,0.0%,3
365853002,Imaging finding (finding),Humana,Commercial,"$12,361","$12,361",$0,0.0%,24
856457,(no description on file),Cigna Health,Commercial,"$3,065","$3,065",$0,0.0%,12
88039007,Transplant of lung (procedure),Cigna Health,Commercial,"$1,311,375","$1,311,375",$0,0.0%,6
866924,(no description on file),UnitedHealthcare,Commercial,"$10,470","$10,470",$0,0.0%,42
403875,(no description on file),Dual Eligible,Government,"$1,695","$1,695",$0,0.0%,6
763138,(no description on file),Anthem,Commercial,"$3,070","$3,070",$0,0.0%,10
1946840,(no description on file),Humana,Commercial,"$8,114","$8,114",$0,0.0%,35
866436,(no description on file),UnitedHealthcare,Commercial,"$9,473","$9,473",$0,0.0%,40
205305,(no description on file),Humana,Commercial,$798,$798,$0,0.0%,3
90407005,Evaluation of psychiatric state of patient,Anthem,Commercial,$879,$879,$0,0.0%,5
979464,(no description on file),Dual Eligible,Government,"$2,063","$2,063",$0,0.0%,9
261962,(no description on file),Medicaid,Government,"$1,781","$1,781",$0,0.0%,8
306237005,Referral to palliative care service (procedure),Medicaid,Government,"$2,781","$2,781",$0,0.0%,6
18286008,Catheter ablation of tissue of heart (procedure),UnitedHealthcare,Commercial,"$63,489","$63,489",$0,0.0%,10
854901,(no description on file),Cigna Health,Commercial,$517,$517,$0,0.0%,2
898719,(no description on file),Anthem,Commercial,$993,$993,$0,0.0%,4
979464,(no description on file),Anthem,Commercial,$641,$641,$0,0.0%,2
385892002,Mental health screening (procedure),Blue Cross Blue Shield,Commercial,$325,$325,$0,0.0%,10
856980,(no description on file),UnitedHealthcare,Commercial,$61,$61,$0,0.0%,5
896027,(no description on file),Dual Eligible,Government,$627,$627,$0,0.0%,3
42839003,Repair of myelomeningocele (procedure),Blue Cross Blue Shield,Commercial,$904,$904,$0,0.0%,2
86964003,Sweat Test,Cigna Health,Commercial,$575,$575,$0,0.0%,2
232967006,Implantation of left ventricular assist device (procedure),Medicaid,Government,$408,$408,$0,0.0%,1
672149,(no description on file),UnitedHealthcare,Commercial,$48,$48,$0,0.0%,1
387607004,Construction of diverting colostomy,NO_INSURANCE,Self-Pay / Uninsured,"$32,189","$32,189",$0,0.0%,2
166001,Behavioral therapy (regime/therapy),Aetna,Commercial,$496,$496,$0,0.0%,1
1656346,(no description on file),Cigna Health,Commercial,$516,$516,$0,0.0%,2
476350,(no description on file),UnitedHealthcare,Commercial,$130,$130,$0,0.0%,1
171207006,Depression screening (procedure),Dual Eligible,Government,"$5,575,074","$5,575,074",$0,0.0%,"587,202"
103697008,Patient referral for dental care (procedure),UnitedHealthcare,Commercial,"$11,597,498","$11,597,498",$0,0.0%,"164,940"
225362009,Dental care (regime/therapy),Anthem,Commercial,"$117,288,633","$117,288,633",$0,0.0%,"240,934"
245134,(no description on file),Blue Cross Blue Shield,Commercial,"$3,092,117","$3,092,117",$0,0.0%,"12,042"
763302001,Assessment using Alcohol Use Disorders Identification Test - Consumption (procedure),Anthem,Commercial,"$8,973","$8,973",$0,0.0%,"122,661"
314231,(no description on file),Medicare,Government,"$151,500","$151,500",$0,0.0%,"206,996"
182813001,Emergency treatment (procedure),Medicaid,Government,"$3,390,250","$3,390,250",$0,0.0%,"27,615"
860975,(no description on file),Cigna Health,Commercial,"$233,190","$233,190",$0,0.0%,"30,308"
281789004,Antibiotic therapy (procedure),Humana,Commercial,"$4,353,948","$4,353,948",$0,0.0%,"8,651"
243085009,Oral health education (procedure),NO_INSURANCE,Self-Pay / Uninsured,"$112,084,098","$112,084,098",$0,0.0%,"230,177"
349094,(no description on file),Medicaid,Government,"$4,632,864","$4,632,864",$0,0.0%,"20,045"
281789004,Antibiotic therapy (procedure),Dual Eligible,Government,"$1,870,120","$1,870,120",$0,0.0%,"4,099"
710841007,Assessment of anxiety (procedure),Cigna Health,Commercial,"$9,144,599","$9,144,599",$0,0.0%,"245,848"
169690007,Rubella screening,Blue Cross Blue Shield,Commercial,"$15,977,374","$15,977,374",$0,0.0%,"8,172"
424619006,Prenatal visit,Anthem,Commercial,"$13,524,140","$13,524,140",$0,0.0%,"114,621"
763302001,Assessment using Alcohol Use Disorders Identification Test - Consumption (procedure),Aetna,Commercial,"$8,927","$8,927",$0,0.0%,"128,458"
431182000,Placing subject in prone position (procedure),Dual Eligible,Government,"$16,565,298","$16,565,298",$0,0.0%,"6,747"
424619006,Prenatal visit,Medicare,Government,"$10,323,697","$10,323,697",$0,0.0%,"86,630"
1736776,(no description on file),Medicaid,Government,"$7,148,179","$7,148,179",$0,0.0%,"3,222"
714812005,Induced termination of pregnancy,Humana,Commercial,"$65,441,033","$65,441,033",$0,0.0%,"7,273"
76601001,Intramuscular injection,Medicare,Government,"$159,436,032","$159,436,032",$0,0.0%,"64,639"
309309,(no description on file),Medicaid,Government,"$666,874","$666,874",$0,0.0%,"2,909"
5880005,Physical examination procedure (procedure),UnitedHealthcare,Commercial,"$15,042,922","$15,042,922",$0,0.0%,"29,649"
456191000124101,Postoperative care for dental procedure (regime/therapy),Anthem,Commercial,"$22,143,081","$22,143,081",$0,0.0%,"44,298"
63697000,Cardiopulmonary bypass operation (procedure),Medicare,Government,"$2,220,567","$2,220,567",$0,0.0%,"4,525"
271442007,Fetal anatomy study,Medicare,Government,"$5,061,006","$5,061,006",$0,0.0%,"10,245"
312681000,Bone density scan (procedure),Medicaid,Government,"$38,369,018","$38,369,018",$0,0.0%,"4,588"
305428000,Admission to orthopedic department,Aetna,Commercial,"$679,969","$679,969",$0,0.0%,"1,402"
1736854,(no description on file),UnitedHealthcare,Commercial,"$1,025,896","$1,025,896",$0,0.0%,"2,310"
10383002,Counseling for termination of pregnancy,UnitedHealthcare,Commercial,"$1,834,690","$1,834,690",$0,0.0%,"3,617"
115,(no description on file),Medicare,Government,"$485,656","$485,656",$0,0.0%,"3,571"
1736854,(no description on file),Medicare,Government,"$95,427,468","$95,427,468",$0,0.0%,"214,465"
371908008,Oxygen administration by mask (procedure),Medicare,Government,"$59,002,790","$59,002,790",$0,0.0%,"26,567"
2123111,(no description on file),Aetna,Commercial,"$14,331,913","$14,331,913",$0,0.0%,"9,333"
390906007,Follow-up encounter (procedure),Cigna Health,Commercial,"$3,259,572","$3,259,572",$0,0.0%,"46,313"
1367439,(no description on file),Anthem,Commercial,"$2,361,138","$2,361,138",$0,0.0%,"2,470"
868187001,Assessment using Car  Relax  Alone  Forget  Friends  Trouble Screening Test (procedure),Cigna Health,Commercial,"$1,835","$1,835",$0,0.0%,"25,951"
1263416007,Removal of intrauterine contraceptive device (procedure),Medicaid,Government,"$856,242","$856,242",$0,0.0%,"1,677"
310861008,Chlamydia antigen test,Cigna Health,Commercial,"$32,783,922","$32,783,922",$0,0.0%,"17,216"
170838006,Allergic disorder follow-up assessment,Medicaid,Government,"$491,439","$491,439",$0,0.0%,"4,132"
1796676,(no description on file),Cigna Health,Commercial,"$320,546","$320,546",$0,0.0%,"1,250"
410401003,Nursing care/supplementary surveillance (regime/therapy),Humana,Commercial,"$64,456,875","$64,456,875",$0,0.0%,"6,608"
449381000124108,Discharge from skilled nursing facility (procedure),Humana,Commercial,"$2,117,109","$2,117,109",$0,0.0%,"4,221"
415070008,Percutaneous coronary intervention (procedure),Aetna,Commercial,"$41,466,690","$41,466,690",$0,0.0%,"2,065"
390791001,Referral for echocardiography (procedure),Blue Cross Blue Shield,Commercial,"$383,218","$383,218",$0,0.0%,750
169553002,Insertion of subcutaneous contraceptive,Anthem,Commercial,"$69,297,330","$69,297,330",$0,0.0%,"7,999"
1856546,(no description on file),Cigna Health,Commercial,"$48,104","$48,104",$0,0.0%,"2,109"
1729584,(no description on file),Medicare,Government,"$344,173","$344,173",$0,0.0%,"3,109"
312617,(no description on file),Blue Cross Blue Shield,Commercial,"$4,087","$4,087",$0,0.0%,594
748962,(no description on file),UnitedHealthcare,Commercial,"$2,532,706","$2,532,706",$0,0.0%,"2,850"
65677008,Pulmonary catheterization with Swan-Ganz catheter (procedure),Cigna Health,Commercial,"$572,221","$572,221",$0,0.0%,"1,192"
52765003,Intubation,Cigna Health,Commercial,"$508,796","$508,796",$0,0.0%,"1,326"
43,(no description on file),Dual Eligible,Government,"$411,536","$411,536",$0,0.0%,"3,026"
76164006,Biopsy of colon,Medicare,Government,"$15,341,721","$15,341,721",$0,0.0%,"1,379"
386516004,Anticipatory guidance (procedure),UnitedHealthcare,Commercial,"$2,897","$2,897",$0,0.0%,"20,189"
1049504,(no description on file),Cigna Health,Commercial,"$4,126,887","$4,126,887",$0,0.0%,"15,791"
121,(no description on file),Medicaid,Government,"$5,431,160","$5,431,160",$0,0.0%,"39,935"
84478008,Occupational therapy (regime/therapy),Anthem,Commercial,"$4,856,373","$4,856,373",$0,0.0%,"3,532"
19589009,Radiography of mandible (procedure),Aetna,Commercial,"$210,656","$210,656",$0,0.0%,429
165829005,Gonorrhea infection titer test (procedure),Dual Eligible,Government,"$6,817,582","$6,817,582",$0,0.0%,"3,811"
268533009,Sterilization education (procedure),Cigna Health,Commercial,"$731,450","$731,450",$0,0.0%,"1,493"
1571000087109,Ultrasonography of bilateral breasts (procedure),Blue Cross Blue Shield,Commercial,"$58,144","$58,144",$0,0.0%,154
834102,(no description on file),Dual Eligible,Government,"$423,692","$423,692",$0,0.0%,"2,285"
371908008,Oxygen administration by mask (procedure),Humana,Commercial,"$13,603,783","$13,603,783",$0,0.0%,"3,056"
245314,(no description on file),Aetna,Commercial,"$138,220","$138,220",$0,0.0%,"2,287"
1433873,(no description on file),Anthem,Commercial,"$121,887","$121,887",$0,0.0%,522
197454,(no description on file),Humana,Commercial,"$393,584","$393,584",$0,0.0%,"1,528"
431182000,Placing subject in prone position (procedure),Blue Cross Blue Shield,Commercial,"$7,170,130","$7,170,130",$0,0.0%,"1,298"
301884003,Removal of aortic cross clamp (procedure),Humana,Commercial,"$408,976","$408,976",$0,0.0%,812
34896006,Incision (procedure),Humana,Commercial,"$34,892","$34,892",$0,0.0%,69
1116635,(no description on file),Medicaid,Government,"$151,817","$151,817",$0,0.0%,669
476556,(no description on file),Blue Cross Blue Shield,Commercial,"$46,380","$46,380",$0,0.0%,184
897685,(no description on file),Anthem,Commercial,"$279,599","$279,599",$0,0.0%,"1,116"
1804799,(no description on file),UnitedHealthcare,Commercial,"$13,598,841","$13,598,841",$0,0.0%,73
198335,(no description on file),UnitedHealthcare,Commercial,"$184,672","$184,672",$0,0.0%,712
713026007,Plain X-ray of humerus (procedure),Aetna,Commercial,"$169,110","$169,110",$0,0.0%,322
807283,(no description on file),Medicare,Government,"$31,849","$31,849",$0,0.0%,"1,471"
311034,(no description on file),Medicare,Government,"$375,348","$375,348",$0,0.0%,"1,449"
287664005,Bilateral tubal ligation,NO_INSURANCE,Self-Pay / Uninsured,"$8,435,948","$8,435,948",$0,0.0%,"1,113"
287664005,Bilateral tubal ligation,Anthem,Commercial,"$10,227,156","$10,227,156",$0,0.0%,"1,424"
183444007,Referral for further care (procedure),Anthem,Commercial,"$363,258","$363,258",$0,0.0%,744
37729005,Patient transfer  in-hospital (procedure),Blue Cross Blue Shield,Commercial,"$17,556","$17,556",$0,0.0%,35
313988,(no description on file),Aetna,Commercial,"$1,724","$1,724",$0,0.0%,727
398171003,Hearing examination (procedure),Cigna Health,Commercial,"$1,943,933","$1,943,933",$0,0.0%,663
15220000,Laboratory test (procedure),UnitedHealthcare,Commercial,"$180,081","$180,081",$0,0.0%,366
699253003,Surgical manipulation of joint of knee,Dual Eligible,Government,"$8,130,548","$8,130,548",$0,0.0%,547
979480,(no description on file),Humana,Commercial,"$9,279","$9,279",$0,0.0%,34
1656356,(no description on file),Cigna Health,Commercial,"$11,201","$11,201",$0,0.0%,42
233553003,Vascular cannula removal (procedure),Aetna,Commercial,"$356,431","$356,431",$0,0.0%,740
1735006,(no description on file),Aetna,Commercial,$123,$123,$0,0.0%,269
1116758,(no description on file),Dual Eligible,Government,"$13,470","$13,470",$0,0.0%,80
22523008,Vasectomy,Anthem,Commercial,"$2,488,905","$2,488,905",$0,0.0%,194
392091000,Care regimes assessment (procedure),UnitedHealthcare,Commercial,"$359,995","$359,995",$0,0.0%,600
698560000,Referral to sleep apnea clinic (procedure),Anthem,Commercial,"$504,293","$504,293",$0,0.0%,"1,028"
1505002,Hospital admission for isolation (procedure),Anthem,Commercial,"$192,327","$192,327",$0,0.0%,"1,595"
1659149,(no description on file),Blue Cross Blue Shield,Commercial,"$4,762","$4,762",$0,0.0%,536
1571000087109,Ultrasonography of bilateral breasts (procedure),Aetna,Commercial,"$92,641","$92,641",$0,0.0%,230
182813001,Emergency treatment (procedure),UnitedHealthcare,Commercial,"$35,543","$35,543",$0,0.0%,279
1735006,(no description on file),NO_INSURANCE,Self-Pay / Uninsured,$108,$108,$0,0.0%,233
183976008,Operative procedure planned (situation),Humana,Commercial,"$35,824","$35,824",$0,0.0%,71
241055006,Mammogram - symptomatic (procedure),NO_INSURANCE,Self-Pay / Uninsured,"$10,453","$10,453",$0,0.0%,92
34896006,Incision (procedure),Medicaid,Government,"$102,951","$102,951",$0,0.0%,224
665078,(no description on file),Dual Eligible,Government,"$11,955","$11,955",$0,0.0%,52
76164006,Biopsy of colon,NO_INSURANCE,Self-Pay / Uninsured,"$1,805,406","$1,805,406",$0,0.0%,151
310061009,Gynecology service (qualifier value),Blue Cross Blue Shield,Commercial,"$5,925","$5,925",$0,0.0%,49
1721613,(no description on file),Blue Cross Blue Shield,Commercial,"$12,841","$12,841",$0,0.0%,47
1747691,(no description on file),UnitedHealthcare,Commercial,"$10,701","$10,701",$0,0.0%,41
79345008,Excision of maxillary torus palatinus (procedure),NO_INSURANCE,Self-Pay / Uninsured,"$303,833","$303,833",$0,0.0%,619
1732186,(no description on file),UnitedHealthcare,Commercial,$152,$152,$0,0.0%,85
866427,(no description on file),Dual Eligible,Government,"$44,972","$44,972",$0,0.0%,200
165355002,Patient informed - test result (situation),Dual Eligible,Government,"$9,669","$9,669",$0,0.0%,21
896019,(no description on file),NO_INSURANCE,Self-Pay / Uninsured,"$9,571","$9,571",$0,0.0%,32
171122006,Hepatitis B screening (procedure),Aetna,Commercial,"$21,857","$21,857",$0,0.0%,44
45595009,Laparoscopic Removal of Gall Bladder,Blue Cross Blue Shield,Commercial,"$243,788","$243,788",$0,0.0%,43
1599803,(no description on file),NO_INSURANCE,Self-Pay / Uninsured,"$45,133","$45,133",$0,0.0%,71
180325003,Direct current cardioversion (procedure),NO_INSURANCE,Self-Pay / Uninsured,"$1,949,715","$1,949,715",$0,0.0%,78
1997015,(no description on file),Blue Cross Blue Shield,Commercial,"$20,429","$20,429",$0,0.0%,77
866511,(no description on file),Aetna,Commercial,"$5,653","$5,653",$0,0.0%,23
1664986,(no description on file),Medicare,Government,"$3,999","$3,999",$0,0.0%,15
122460008,Reexploration procedure (procedure),Anthem,Commercial,"$9,030","$9,030",$0,0.0%,19
112011000119102,negative screening for depression on phq9,Medicaid,Government,"$31,586","$31,586",$0,0.0%,67
898723,(no description on file),Medicare,Government,"$2,968","$2,968",$0,0.0%,11
866436,(no description on file),Aetna,Commercial,"$12,350","$12,350",$0,0.0%,50
597195,(no description on file),Anthem,Commercial,$43,$43,$0,0.0%,41
733863009,Assessment of readiness for self-management (procedure),Anthem,Commercial,"$18,676","$18,676",$0,0.0%,37
313398001,Hepatitis antibody test (procedure),NO_INSURANCE,Self-Pay / Uninsured,"$5,086","$5,086",$0,0.0%,9
76464004,Hospital admission  for observation (procedure),UnitedHealthcare,Commercial,"$9,780","$9,780",$0,0.0%,73
373786007,Reasons for treatment delay (finding),Dual Eligible,Government,"$3,111","$3,111",$0,0.0%,7
48387007,Incision of trachea (procedure),Medicare,Government,"$12,123","$12,123",$0,0.0%,13
225337009,Suicide risk assessment (procedure),UnitedHealthcare,Commercial,$190,$190,$0,0.0%,18
866516,(no description on file),Medicaid,Government,"$1,536","$1,536",$0,0.0%,7
856519,(no description on file),NO_INSURANCE,Self-Pay / Uninsured,"$2,298","$2,298",$0,0.0%,7
310385,(no description on file),UnitedHealthcare,Commercial,$24,$24,$0,0.0%,15
856519,(no description on file),Cigna Health,Commercial,"$2,342","$2,342",$0,0.0%,8
349200,(no description on file),Humana,Commercial,"$1,841","$1,841",$0,0.0%,7
182836005,Review of medication (procedure),Anthem,Commercial,"$3,435","$3,435",$0,0.0%,7
854919,(no description on file),Dual Eligible,Government,"$1,351","$1,351",$0,0.0%,6
445528004,Treatment changed (situation),NO_INSURANCE,Self-Pay / Uninsured,"$1,418","$1,418",$0,0.0%,3
1789958,(no description on file),Anthem,Commercial,$516,$516,$0,0.0%,2
200095,(no description on file),Cigna Health,Commercial,$363,$363,$0,0.0%,2
4525004,Emergency department patient visit (procedure),Humana,Commercial,$276,$276,$0,0.0%,2
312748,(no description on file),Dual Eligible,Government,$836,$836,$0,0.0%,4
898367,(no description on file),Dual Eligible,Government,$418,$418,$0,0.0%,2
349483,(no description on file),Dual Eligible,Government,$418,$418,$0,0.0%,2
47020004,Ventriculoperitoneal shunt (procedure),UnitedHealthcare,Commercial,$484,$484,$0,0.0%,1
898350,(no description on file),Cigna Health,Commercial,$209,$209,$0,0.0%,1
617314,(no description on file),UnitedHealthcare,Commercial,$250,$250,$0,0.0%,1
1789958,(no description on file),Blue Cross Blue Shield,Commercial,$283,$283,$0,0.0%,1
1656351,(no description on file),UnitedHealthcare,Commercial,$276,$276,$0,0.0%,1
197558,(no description on file),Medicaid,Government,$283,$283,$0,0.0%,1
762993000,Assessment using Morse Fall Scale (procedure),Medicare,Government,"$541,569","$541,569",$0,0.0%,"1,034,130"
115,(no description on file),Anthem,Commercial,"$704,208","$704,208",$0,0.0%,"5,178"
389221,(no description on file),Medicaid,Government,"$692,720","$692,720",$0,0.0%,"15,203"
710824005,Assessment of health and social care needs (procedure),NO_INSURANCE,Self-Pay / Uninsured,"$194,837,845","$194,837,845",$0,0.0%,"401,293"
205923,(no description on file),UnitedHealthcare,Commercial,"$10,659,932","$10,659,932",$0,0.0%,"182,098"
308283009,Discharge from hospital (procedure),Medicare,Government,"$8,145,067","$8,145,067",$0,0.0%,"16,059"
308335008,Patient encounter procedure,Anthem,Commercial,"$12,438,753","$12,438,753",$0,0.0%,"106,657"
91251008,Physical therapy procedure (regime/therapy),Medicare,Government,"$46,231,135","$46,231,135",$0,0.0%,"61,433"
5880005,Physical examination procedure (procedure),Dual Eligible,Government,"$5,078,818","$5,078,818",$0,0.0%,"10,828"
171207006,Depression screening (procedure),Cigna Health,Commercial,"$16,761,652","$16,761,652",$0,0.0%,"405,822"
308136,(no description on file),Medicaid,Government,"$847,957","$847,957",$0,0.0%,"465,504"
33879002,Administration of vaccine to produce active immunity (procedure),UnitedHealthcare,Commercial,"$9,990,820","$9,990,820",$0,0.0%,"83,432"
854235,(no description on file),Humana,Commercial,"$255,379","$255,379",$0,0.0%,"18,850"
860975,(no description on file),Aetna,Commercial,"$212,644","$212,644",$0,0.0%,"27,928"
439708006,Home visit (procedure),Dual Eligible,Government,"$5,146,011","$5,146,011",$0,0.0%,"43,548"
169762003,Postnatal visit,UnitedHealthcare,Commercial,"$1,367,516","$1,367,516",$0,0.0%,"11,384"
1856546,(no description on file),Aetna,Commercial,"$47,849","$47,849",$0,0.0%,"2,110"
104091002,Hemogram  automated  with RBC  WBC  Hgb  Hct  Indices  Platelet count  and manual WBC differential,Anthem,Commercial,"$56,034,578","$56,034,578",$0,0.0%,"29,692"
1000126,(no description on file),UnitedHealthcare,Commercial,"$231,214","$231,214",$0,0.0%,"3,951"
117010004,Urine culture,Humana,Commercial,"$47,738,065","$47,738,065",$0,0.0%,"24,148"
562251,(no description on file),UnitedHealthcare,Commercial,"$3,772,402","$3,772,402",$0,0.0%,"7,583"
108515,(no description on file),Anthem,Commercial,"$1,880,157","$1,880,157",$0,0.0%,"7,255"
173291009,Simple extraction of tooth (procedure),Medicare,Government,"$14,701,556","$14,701,556",$0,0.0%,"30,114"
169762003,Postnatal visit,Cigna Health,Commercial,"$1,287,372","$1,287,372",$0,0.0%,"10,865"
67879005,History and physical examination  limited (procedure),Aetna,Commercial,"$3,040,971","$3,040,971",$0,0.0%,"6,215"
169762003,Postnatal visit,Aetna,Commercial,"$1,247,044","$1,247,044",$0,0.0%,"10,483"
865098,(no description on file),Medicaid,Government,"$1,035,546","$1,035,546",$0,0.0%,"1,263"
305408004,Admission to surgical department,Medicaid,Government,"$674,644","$674,644",$0,0.0%,"5,346"
1659263,(no description on file),Dual Eligible,Government,"$4,666","$4,666",$0,0.0%,"3,265"
84478008,Occupational therapy (regime/therapy),UnitedHealthcare,Commercial,"$3,580,772","$3,580,772",$0,0.0%,"2,533"
243670,(no description on file),Cigna Health,Commercial,"$103,044","$103,044",$0,0.0%,540
1534809,(no description on file),Medicaid,Government,"$3,564,371","$3,564,371",$0,0.0%,"4,431"
1664463,(no description on file),Medicaid,Government,"$9,728,142","$9,728,142",$0,0.0%,"43,108"
1870230,(no description on file),Blue Cross Blue Shield,Commercial,"$274,662","$274,662",$0,0.0%,"1,310"
1049625,(no description on file),Cigna Health,Commercial,"$7,528,318","$7,528,318",$0,0.0%,"28,453"
856987,(no description on file),UnitedHealthcare,Commercial,"$859,385","$859,385",$0,0.0%,"15,421"
47758006,Hepatitis B Surface Antigen Measurement,Dual Eligible,Government,"$6,953,337","$6,953,337",$0,0.0%,"3,811"
43,(no description on file),NO_INSURANCE,Self-Pay / Uninsured,"$1,697,280","$1,697,280",$0,0.0%,"12,480"
367336001,Chemotherapy (procedure),Medicare,Government,"$3,760,841","$3,760,841",$0,0.0%,"7,691"
1808217,(no description on file),Aetna,Commercial,$350,$350,$0,0.0%,"1,304"
106258,(no description on file),Medicare,Government,"$777,067","$777,067",$0,0.0%,"4,077"
308192,(no description on file),NO_INSURANCE,Self-Pay / Uninsured,"$769,186","$769,186",$0,0.0%,"4,513"
23745001,Documentation procedure (procedure),Dual Eligible,Government,"$981,064","$981,064",$0,0.0%,"2,173"
52765003,Intubation,Medicare,Government,"$2,959,243","$2,959,243",$0,0.0%,"7,731"
212033,(no description on file),Medicaid,Government,"$343,087","$343,087",$0,0.0%,"1,514"
183460006,Obstetric emergency hospital admission,Medicare,Government,"$1,216,441","$1,216,441",$0,0.0%,"9,568"
308283009,Discharge from hospital (procedure),Medicaid,Government,"$2,964,635","$2,964,635",$0,0.0%,"6,154"
63697000,Cardiopulmonary bypass operation (procedure),Cigna Health,Commercial,"$356,849","$356,849",$0,0.0%,745
313191000,Injection of epinephrine (procedure),Medicaid,Government,"$6,979,852","$6,979,852",$0,0.0%,"2,985"
43075005,Partial resection of colon,Dual Eligible,Government,"$15,220,383","$15,220,383",$0,0.0%,744
1998774,(no description on file),Aetna,Commercial,"$509,283","$509,283",$0,0.0%,"1,884"
301882004,Placement of aortic cross clamp (procedure),Anthem,Commercial,"$317,380","$317,380",$0,0.0%,652
1534809,(no description on file),NO_INSURANCE,Self-Pay / Uninsured,"$1,061,817","$1,061,817",$0,0.0%,"1,171"
1796676,(no description on file),NO_INSURANCE,Self-Pay / Uninsured,"$272,755","$272,755",$0,0.0%,"1,047"
223484005,Discussion about treatment (procedure),Humana,Commercial,"$57,468","$57,468",$0,0.0%,575
56876005,Drug rehabilitation and detoxification,Humana,Commercial,"$199,383","$199,383",$0,0.0%,"1,536"
183444007,Referral for further care (procedure),Aetna,Commercial,"$413,110","$413,110",$0,0.0%,843
748879,(no description on file),Dual Eligible,Government,"$731,385","$731,385",$0,0.0%,893
305432006,Admission to surgical transplant department (procedure),Anthem,Commercial,"$82,644","$82,644",$0,0.0%,685
31208007,Medical induction of labor,UnitedHealthcare,Commercial,"$7,261,518","$7,261,518",$0,0.0%,"2,028"
1049221,(no description on file),Dual Eligible,Government,"$28,509","$28,509",$0,0.0%,"2,963"
854255,(no description on file),Medicare,Government,"$90,528","$90,528",$0,0.0%,350
305432006,Admission to surgical transplant department (procedure),NO_INSURANCE,Self-Pay / Uninsured,"$154,173","$154,173",$0,0.0%,"1,285"
1361048,(no description on file),Dual Eligible,Government,"$275,274","$275,274",$0,0.0%,"1,212"
301882004,Placement of aortic cross clamp (procedure),Medicaid,Government,"$875,822","$875,822",$0,0.0%,"1,923"
409023009,Professional / ancillary services care (regime/therapy),Humana,Commercial,"$16,041,095","$16,041,095",$0,0.0%,"5,706"
170838006,Allergic disorder follow-up assessment,Dual Eligible,Government,"$116,189","$116,189",$0,0.0%,977
367494004,Premature birth of newborn (finding),Humana,Commercial,"$274,383","$274,383",$0,0.0%,534
1287742003,Radiotherapy (procedure),Humana,Commercial,"$91,917","$91,917",$0,0.0%,170
40701008,Echocardiography (procedure),Anthem,Commercial,"$1,481,326","$1,481,326",$0,0.0%,"1,600"
80146002,Appendectomy,Medicare,Government,"$6,354,660","$6,354,660",$0,0.0%,527
449214001,Transfer to stepdown unit (procedure),UnitedHealthcare,Commercial,"$202,168","$202,168",$0,0.0%,285
1361048,(no description on file),Anthem,Commercial,"$88,825","$88,825",$0,0.0%,341
1648756,(no description on file),Medicaid,Government,"$80,982","$80,982",$0,0.0%,361
252480006,Simple walk test (procedure),Medicare,Government,"$571,086","$571,086",$0,0.0%,"1,162"
198335,(no description on file),NO_INSURANCE,Self-Pay / Uninsured,"$206,219","$206,219",$0,0.0%,791
896209,(no description on file),Aetna,Commercial,"$658,300","$658,300",$0,0.0%,"1,082"
979492,(no description on file),Aetna,Commercial,"$74,691","$74,691",$0,0.0%,278
103750000,Sleep apnea assessment (procedure),UnitedHealthcare,Commercial,"$664,360","$664,360",$0,0.0%,"1,332"
198014,(no description on file),Medicaid,Government,"$140,973","$140,973",$0,0.0%,635
414088005,Emergency coronary artery bypass graft (procedure),Medicare,Government,"$128,857","$128,857",$0,0.0%,264
1728805,(no description on file),Humana,Commercial,"$85,370","$85,370",$0,0.0%,336
171128005,Venereal disease screening (procedure),Humana,Commercial,"$22,748","$22,748",$0,0.0%,44
1809104,(no description on file),Aetna,Commercial,"$1,465","$1,465",$0,0.0%,281
197591,(no description on file),Aetna,Commercial,"$1,034","$1,034",$0,0.0%,129
238100,(no description on file),Anthem,Commercial,$40,$40,$0,0.0%,48
384682003,Multidisciplinary care conference (procedure),Medicare,Government,"$123,184","$123,184",$0,0.0%,252
183450002,Admission to burn unit,Anthem,Commercial,"$32,346","$32,346",$0,0.0%,66
1290459008,Plain X-ray of ankle region (procedure),UnitedHealthcare,Commercial,"$139,689","$139,689",$0,0.0%,273
236931002,Methotrexate injection into tubal pregnancy,Cigna Health,Commercial,"$434,355","$434,355",$0,0.0%,192
310325,(no description on file),Dual Eligible,Government,$53,$53,$0,0.0%,199
284215,(no description on file),Humana,Commercial,"$18,778","$18,778",$0,0.0%,73
763228001,Assessment using Canadian Study of Health and Aging Clinical Frailty Scale (procedure),Aetna,Commercial,"$28,607","$28,607",$0,0.0%,60
259255,(no description on file),Dual Eligible,Government,"$1,440","$1,440",$0,0.0%,130
1287742003,Radiotherapy (procedure),UnitedHealthcare,Commercial,"$20,939","$20,939",$0,0.0%,34
12719002,Platelet transfusion (procedure),UnitedHealthcare,Commercial,"$32,110","$32,110",$0,0.0%,62
65588006,Premature birth of newborn,Aetna,Commercial,"$230,804","$230,804",$0,0.0%,490
387607004,Construction of diverting colostomy,Medicaid,Government,"$511,802","$511,802",$0,0.0%,21
198031,(no description on file),Anthem,Commercial,"$3,098","$3,098",$0,0.0%,48
106258,(no description on file),Anthem,Commercial,"$46,603","$46,603",$0,0.0%,241
418891003,Computed tomography of chest and abdomen,Humana,Commercial,"$1,119,163","$1,119,163",$0,0.0%,128
1547672,(no description on file),Aetna,Commercial,"$3,722","$3,722",$0,0.0%,17
999998,(no description on file),Cigna Health,Commercial,"$6,993","$6,993",$0,0.0%,28
23933004,Excision of lingual frenum (procedure),Blue Cross Blue Shield,Commercial,"$42,782","$42,782",$0,0.0%,84
69031006,Excision of breast tissue (procedure),Dual Eligible,Government,"$627,389","$627,389",$0,0.0%,183
187,(no description on file),Humana,Commercial,"$5,848","$5,848",$0,0.0%,43
371361000119107,Comprehensive metabolic panel (procedure),Medicare,Government,"$108,422","$108,422",$0,0.0%,220
1732186,(no description on file),Cigna Health,Commercial,$389,$389,$0,0.0%,209
18286008,Catheter ablation of tissue of heart (procedure),Cigna Health,Commercial,"$101,596","$101,596",$0,0.0%,14
252480006,Simple walk test (procedure),Cigna Health,Commercial,"$28,880","$28,880",$0,0.0%,59
904467,(no description on file),Medicare,Government,"$46,043","$46,043",$0,0.0%,169
13569004,Transfusion of plasma (procedure),Aetna,Commercial,"$34,160","$34,160",$0,0.0%,14
91602002,Thoracentesis (procedure),Cigna Health,Commercial,"$431,531","$431,531",$0,0.0%,28
1649987,(no description on file),UnitedHealthcare,Commercial,"$18,116","$18,116",$0,0.0%,71
476351,(no description on file),Dual Eligible,Government,"$1,966","$1,966",$0,0.0%,8
76746007,Cardiovascular stress testing (procedure),Blue Cross Blue Shield,Commercial,"$45,967","$45,967",$0,0.0%,91
200031,(no description on file),Medicaid,Government,"$6,559","$6,559",$0,0.0%,28
414088005,Emergency coronary artery bypass graft (procedure),UnitedHealthcare,Commercial,"$15,671","$15,671",$0,0.0%,31
904475,(no description on file),Medicaid,Government,"$10,658","$10,658",$0,0.0%,47
90470006,Prostatectomy,UnitedHealthcare,Commercial,"$230,711","$230,711",$0,0.0%,37
385781007,Home health aide service (regime/therapy),Humana,Commercial,"$8,001","$8,001",$0,0.0%,15
113076002,Oral Glucose Tolerance Test,Medicaid,Government,"$2,508","$2,508",$0,0.0%,12
252480006,Simple walk test (procedure),Blue Cross Blue Shield,Commercial,"$17,577","$17,577",$0,0.0%,35
108219001,Physician visit with evaluation AND/OR management service (procedure),UnitedHealthcare,Commercial,"$2,490","$2,490",$0,0.0%,21
200346,(no description on file),Aetna,Commercial,"$5,695","$5,695",$0,0.0%,21
713026007,Plain X-ray of humerus (procedure),Dual Eligible,Government,"$121,398","$121,398",$0,0.0%,233
1116758,(no description on file),Aetna,Commercial,"$14,830","$14,830",$0,0.0%,85
35025007,Manual pelvic examination (procedure),Anthem,Commercial,"$12,503","$12,503",$0,0.0%,86
197517,(no description on file),Medicaid,Government,"$1,413","$1,413",$0,0.0%,5
113076002,Oral Glucose Tolerance Test,Blue Cross Blue Shield,Commercial,"$1,230","$1,230",$0,0.0%,7
854919,(no description on file),Medicare,Government,"$2,277","$2,277",$0,0.0%,8
88848003,Psychiatric follow-up,Aetna,Commercial,"$1,284","$1,284",$0,0.0%,9
896758,(no description on file),Blue Cross Blue Shield,Commercial,$841,$841,$0,0.0%,3
387607004,Construction of diverting colostomy,Blue Cross Blue Shield,Commercial,"$155,663","$155,663",$0,0.0%,7
197558,(no description on file),Medicare,Government,"$1,254","$1,254",$0,0.0%,6
310385,(no description on file),Dual Eligible,Government,$12,$12,$0,0.0%,7
86964003,Sweat Test,Medicaid,Government,"$2,052","$2,052",$0,0.0%,7
993452,(no description on file),NO_INSURANCE,Self-Pay / Uninsured,"$2,172","$2,172",$0,0.0%,3
90407005,Evaluation of psychiatric state of patient,Humana,Commercial,$461,$461,$0,0.0%,3
751623,(no description on file),Blue Cross Blue Shield,Commercial,"$1,092","$1,092",$0,0.0%,4
898346,(no description on file),Aetna,Commercial,$565,$565,$0,0.0%,2
444260001,20 Gene mutation test,Cigna Health,Commercial,$876,$876,$0,0.0%,2
898719,(no description on file),UnitedHealthcare,Commercial,$591,$591,$0,0.0%,2
47020004,Ventriculoperitoneal shunt (procedure),Aetna,Commercial,$982,$982,$0,0.0%,2
866438,(no description on file),Aetna,Commercial,$130,$130,$0,0.0%,1
205304,(no description on file),Medicaid,Government,$261,$261,$0,0.0%,1
1656346,(no description on file),Aetna,Commercial,$261,$261,$0,0.0%,1
113120007,Interstitial brachytherapy (procedure),UnitedHealthcare,Commercial,"$39,217","$39,217",$0,0.0%,2
3802001,Dental application of desensitizing medicament (procedure),Aetna,Commercial,"$22,316,716","$22,316,716",$0,0.0%,"44,778"
34043003,Dental consultation and report (procedure),Medicaid,Government,"$366,950,349","$366,950,349",$0,0.0%,"796,591"
1796676,(no description on file),Medicare,Government,"$1,894,638","$1,894,638",$0,0.0%,"7,328"
274788003,Examination of gingivae (procedure),Aetna,Commercial,"$123,486,259","$123,486,259",$0,0.0%,"254,456"
225386006,Pre-discharge assessment (procedure),UnitedHealthcare,Commercial,"$1,762,239","$1,762,239",$0,0.0%,"3,503"
311700,(no description on file),UnitedHealthcare,Commercial,$144,$144,$0,0.0%,663
43,(no description on file),Humana,Commercial,"$2,977,176","$2,977,176",$0,0.0%,"21,891"
261352009,Face mask (physical object),Dual Eligible,Government,"$12,635","$12,635",$0,0.0%,"6,016"
1260009003,Removal of supragingival plaque and calculus from all teeth using dental instrument (procedure),Humana,Commercial,"$148,075,845","$148,075,845",$0,0.0%,"293,756"
439740005,Postoperative follow-up visit (procedure),Dual Eligible,Government,"$4,213,789","$4,213,789",$0,0.0%,"34,956"
410620009,Well child visit (procedure),Aetna,Commercial,"$17,584,920","$17,584,920",$0,0.0%,"137,386"
1535362,(no description on file),UnitedHealthcare,Commercial,"$20,682,271","$20,682,271",$0,0.0%,"80,230"
47758006,Hepatitis B Surface Antigen Measurement,Cigna Health,Commercial,"$32,574,652","$32,574,652",$0,0.0%,"17,216"
349094,(no description on file),NO_INSURANCE,Self-Pay / Uninsured,"$1,681,845","$1,681,845",$0,0.0%,"6,712"
1807513,(no description on file),Humana,Commercial,"$5,689","$5,689",$0,0.0%,894
386394001,Pregnancy termination care,Medicare,Government,"$2,020,544","$2,020,544",$0,0.0%,"2,929"
748879,(no description on file),Humana,Commercial,"$5,050,314","$5,050,314",$0,0.0%,"5,695"
118001005,Streptococcus pneumoniae group B antigen assay,Medicare,Government,"$17,160,105","$17,160,105",$0,0.0%,"8,989"
1256042007,Restoration of tooth with coverage of all cusps using dental filling material (procedure),Cigna Health,Commercial,"$12,725,287","$12,725,287",$0,0.0%,"26,268"
860975,(no description on file),Humana,Commercial,"$241,496","$241,496",$0,0.0%,"31,999"
749762,(no description on file),NO_INSURANCE,Self-Pay / Uninsured,"$3,073,113","$3,073,113",$0,0.0%,"3,490"
736169004,Post anesthesia care management (procedure),Humana,Commercial,"$1,545,612","$1,545,612",$0,0.0%,"3,072"
1505002,Hospital admission for isolation (procedure),Medicaid,Government,"$594,519","$594,519",$0,0.0%,"4,785"
315124004,Human immunodeficiency virus viral load (procedure),Aetna,Commercial,"$1,188,736","$1,188,736",$0,0.0%,"2,413"
9564003,Complete blood count with white cell differential  automated (procedure),Humana,Commercial,"$1,155,872","$1,155,872",$0,0.0%,"2,264"
183519002,Referral to cardiology service (procedure),Cigna Health,Commercial,"$2,163,401","$2,163,401",$0,0.0%,"4,511"
430701006,Resuscitation using intravenous fluid (procedure),Anthem,Commercial,"$490,078","$490,078",$0,0.0%,562
82078001,Take blood sample,Medicare,Government,"$472,760","$472,760",$0,0.0%,948
313820,(no description on file),Humana,Commercial,"$926,872","$926,872",$0,0.0%,"6,935"
1723208,(no description on file),Medicare,Government,"$4,298","$4,298",$0,0.0%,"1,532"
197884,(no description on file),Medicare,Government,"$99,476","$99,476",$0,0.0%,383
241046008,Dental X-ray bitewing (procedure),Aetna,Commercial,"$64,984,330","$64,984,330",$0,0.0%,"133,902"
73761001,Colonoscopy,UnitedHealthcare,Commercial,"$114,815,124","$114,815,124",$0,0.0%,"10,075"
133,(no description on file),Aetna,Commercial,"$2,638,128","$2,638,128",$0,0.0%,"19,398"
28163009,Skin test for tuberculosis  Tine test (procedure),NO_INSURANCE,Self-Pay / Uninsured,"$27,384,354","$27,384,354",$0,0.0%,"14,275"
288086009,Suture open wound,NO_INSURANCE,Self-Pay / Uninsured,"$52,337,443","$52,337,443",$0,0.0%,"5,976"
198440,(no description on file),Aetna,Commercial,$843,$843,$0,0.0%,"22,569"
268556000,Urine screening for glucose,Anthem,Commercial,"$24,253,282","$24,253,282",$0,0.0%,"12,857"
58000006,Patient discharge (procedure),Blue Cross Blue Shield,Commercial,"$709,357","$709,357",$0,0.0%,"1,403"
386516004,Anticipatory guidance (procedure),Humana,Commercial,"$1,081","$1,081",$0,0.0%,"26,809"
67879005,History and physical examination  limited (procedure),Cigna Health,Commercial,"$3,139,163","$3,139,163",$0,0.0%,"6,431"
351136,(no description on file),Anthem,Commercial,"$843,443","$843,443",$0,0.0%,"3,116"
904419,(no description on file),Humana,Commercial,"$60,509","$60,509",$0,0.0%,"6,068"
314098000,Rubella screening test (procedure),Cigna Health,Commercial,"$2,781,954","$2,781,954",$0,0.0%,"5,358"
748856,(no description on file),Anthem,Commercial,"$3,855,559","$3,855,559",$0,0.0%,"4,236"
1796676,(no description on file),UnitedHealthcare,Commercial,"$169,708","$169,708",$0,0.0%,662
58828004,Application of dressing  sterile (procedure),Medicare,Government,"$601,117","$601,117",$0,0.0%,"1,219"
370789001,Development of individualized plan of care (procedure),Aetna,Commercial,"$2,772,005","$2,772,005",$0,0.0%,"5,689"
237001001,Augmentation of labor,NO_INSURANCE,Self-Pay / Uninsured,"$5,216,528","$5,216,528",$0,0.0%,"1,320"
310061009,Gynecology service (qualifier value),Medicaid,Government,"$158,963","$158,963",$0,0.0%,"1,323"
103750000,Sleep apnea assessment (procedure),Blue Cross Blue Shield,Commercial,"$718,862","$718,862",$0,0.0%,"1,418"
418824004,Off-pump coronary artery bypass (procedure),Dual Eligible,Government,"$356,338","$356,338",$0,0.0%,785
439740005,Postoperative follow-up visit (procedure),UnitedHealthcare,Commercial,"$403,743","$403,743",$0,0.0%,"3,376"
284053004,Tooth socket procedure (procedure),Anthem,Commercial,"$782,355","$782,355",$0,0.0%,"1,609"
70536003,Transplant of kidney (procedure),NO_INSURANCE,Self-Pay / Uninsured,"$600,386","$600,386",$0,0.0%,"1,270"
115,(no description on file),Humana,Commercial,"$888,624","$888,624",$0,0.0%,"6,534"
182813001,Emergency treatment (procedure),NO_INSURANCE,Self-Pay / Uninsured,"$507,915","$507,915",$0,0.0%,"4,250"
46706006,Replacement of contraceptive intrauterine device,Medicaid,Government,"$58,460,620","$58,460,620",$0,0.0%,"7,370"
2103182,(no description on file),Aetna,Commercial,"$9,110","$9,110",$0,0.0%,758
66348005,Childbirth,Dual Eligible,Government,"$1,790,071","$1,790,071",$0,0.0%,"3,786"
210098006,Domiciliary or rest home patient evaluation and management,UnitedHealthcare,Commercial,"$153,254","$153,254",$0,0.0%,"1,281"
70536003,Transplant of kidney (procedure),Humana,Commercial,"$441,038","$441,038",$0,0.0%,880
699253003,Surgical manipulation of joint of knee,Medicare,Government,"$28,096,397","$28,096,397",$0,0.0%,"1,729"
1367439,(no description on file),UnitedHealthcare,Commercial,"$1,610,319","$1,610,319",$0,0.0%,"1,746"
897685,(no description on file),Cigna Health,Commercial,"$353,404","$353,404",$0,0.0%,"1,397"
415070008,Percutaneous coronary intervention (procedure),NO_INSURANCE,Self-Pay / Uninsured,"$34,753,409","$34,753,409",$0,0.0%,"1,748"
349491,(no description on file),Cigna Health,Commercial,"$5,016","$5,016",$0,0.0%,24
1736776,(no description on file),Blue Cross Blue Shield,Commercial,"$2,009,374","$2,009,374",$0,0.0%,779
2001499,(no description on file),Aetna,Commercial,"$72,235","$72,235",$0,0.0%,739
418023006,Computed tomography of chest  abdomen and pelvis (procedure),Humana,Commercial,"$36,440","$36,440",$0,0.0%,72
2003249,(no description on file),Medicare,Government,"$286,021","$286,021",$0,0.0%,"1,092"
37542007,Posttreatment stabilization  orthodontic device (procedure),Cigna Health,Commercial,"$95,787","$95,787",$0,0.0%,197
2003249,(no description on file),Dual Eligible,Government,"$79,829","$79,829",$0,0.0%,352
223484005,Discussion about treatment (procedure),Medicare,Government,"$131,454","$131,454",$0,0.0%,"1,155"
19490002,Ankle X-ray,Blue Cross Blue Shield,Commercial,"$287,214","$287,214",$0,0.0%,576
301882004,Placement of aortic cross clamp (procedure),Humana,Commercial,"$408,976","$408,976",$0,0.0%,812
896006,(no description on file),Medicaid,Government,"$121,503","$121,503",$0,0.0%,485
301884003,Removal of aortic cross clamp (procedure),UnitedHealthcare,Commercial,"$202,547","$202,547",$0,0.0%,404
1790099,(no description on file),Medicaid,Government,"$1,244","$1,244",$0,0.0%,493
1605257,(no description on file),Blue Cross Blue Shield,Commercial,"$1,513,203","$1,513,203",$0,0.0%,"1,483"
1735006,(no description on file),Medicaid,Government,$289,$289,$0,0.0%,719
311700,(no description on file),Blue Cross Blue Shield,Commercial,$160,$160,$0,0.0%,733
271280005,Removal of endotracheal tube (procedure),Blue Cross Blue Shield,Commercial,"$139,776","$139,776",$0,0.0%,750
966222,(no description on file),Medicaid,Government,$85,$85,$0,0.0%,315
392021009,Lumpectomy of breast (procedure),Humana,Commercial,"$5,231,381","$5,231,381",$0,0.0%,160
597195,(no description on file),Aetna,Commercial,$58,$58,$0,0.0%,56
439708006,Home visit (procedure),Cigna Health,Commercial,"$24,889","$24,889",$0,0.0%,203
23183008,Excision of lingual torus (procedure),Humana,Commercial,"$34,964","$34,964",$0,0.0%,68
608139,(no description on file),Blue Cross Blue Shield,Commercial,"$17,010","$17,010",$0,0.0%,133
1116758,(no description on file),NO_INSURANCE,Self-Pay / Uninsured,"$11,254","$11,254",$0,0.0%,50
82078001,Take blood sample,Medicaid,Government,"$29,897","$29,897",$0,0.0%,62
313077009,Human immunodeficiency virus counseling (procedure),Cigna Health,Commercial,"$19,685","$19,685",$0,0.0%,41
373786007,Reasons for treatment delay (finding),Medicaid,Government,"$20,053","$20,053",$0,0.0%,44
746815,(no description on file),Anthem,Commercial,"$21,261","$21,261",$0,0.0%,88
445912000,Excision of fallopian tube and surgical removal of ectopic pregnancy,Medicare,Government,"$1,276,623","$1,276,623",$0,0.0%,172
76464004,Hospital admission  for observation (procedure),Cigna Health,Commercial,"$16,423","$16,423",$0,0.0%,137
26763009,Controlled ventilation procedure and therapy  initiation and management (procedure),Cigna Health,Commercial,"$455,080","$455,080",$0,0.0%,121
179632003,Closed reduction of dislocation of temporomandibular joint (procedure),Medicare,Government,"$131,631","$131,631",$0,0.0%,263
26212005,Replacement of aortic valve (procedure),Humana,Commercial,"$27,996","$27,996",$0,0.0%,56
1735006,(no description on file),Blue Cross Blue Shield,Commercial,$77,$77,$0,0.0%,163
284215,(no description on file),UnitedHealthcare,Commercial,"$16,067","$16,067",$0,0.0%,62
311354,(no description on file),Blue Cross Blue Shield,Commercial,"$5,576","$5,576",$0,0.0%,21
418824004,Off-pump coronary artery bypass (procedure),Anthem,Commercial,"$182,732","$182,732",$0,0.0%,378
104308009,Serologic test for Toxoplasma gondii (procedure),Anthem,Commercial,"$18,676","$18,676",$0,0.0%,37
445912000,Excision of fallopian tube and surgical removal of ectopic pregnancy,Anthem,Commercial,"$1,679,657","$1,679,657",$0,0.0%,202
237001001,Augmentation of labor,Dual Eligible,Government,"$1,615,195","$1,615,195",$0,0.0%,415
1361048,(no description on file),UnitedHealthcare,Commercial,"$50,416","$50,416",$0,0.0%,201
349200,(no description on file),Medicaid,Government,"$3,462","$3,462",$0,0.0%,16
317150,(no description on file),Aetna,Commercial,"$59,213","$59,213",$0,0.0%,224
445988008,Assessment using health assessment questionnaire (procedure),Medicaid,Government,"$89,355","$89,355",$0,0.0%,195
698354004,Magnetic resonance imaging for measurement of brain volume (procedure),Cigna Health,Commercial,"$1,128,222","$1,128,222",$0,0.0%,106
58776007,Autologous bone marrow transplant (procedure),Dual Eligible,Government,"$86,677","$86,677",$0,0.0%,191
200619008,Comprehensive interview and evaluation (procedure),Cigna Health,Commercial,"$6,680","$6,680",$0,0.0%,14
1737466,(no description on file),Medicaid,Government,"$23,100","$23,100",$0,0.0%,102
305425002,Admission to neurosurgical department,Medicaid,Government,"$12,997","$12,997",$0,0.0%,27
999998,(no description on file),Dual Eligible,Government,"$3,256","$3,256",$0,0.0%,16
1014678,(no description on file),Humana,Commercial,"$38,423","$38,423",$0,0.0%,75
861654,(no description on file),Medicare,Government,"$2,948","$2,948",$0,0.0%,12
197381,(no description on file),Blue Cross Blue Shield,Commercial,"$6,240","$6,240",$0,0.0%,24
686924,(no description on file),NO_INSURANCE,Self-Pay / Uninsured,"$2,933","$2,933",$0,0.0%,11
167995008,Sputum microscopy (procedure),Cigna Health,Commercial,"$105,536","$105,536",$0,0.0%,23
385781007,Home health aide service (regime/therapy),Cigna Health,Commercial,"$5,928","$5,928",$0,0.0%,13
302497006,Hemodialysis (procedure),Blue Cross Blue Shield,Commercial,"$6,324,393","$6,324,393",$0,0.0%,34
268400002,12 lead electrocardiogram (procedure),Aetna,Commercial,"$5,939","$5,939",$0,0.0%,11
200031,(no description on file),Blue Cross Blue Shield,Commercial,"$4,341","$4,341",$0,0.0%,15
76746007,Cardiovascular stress testing (procedure),Cigna Health,Commercial,"$78,788","$78,788",$0,0.0%,163
858813,(no description on file),Medicaid,Government,"$1,119","$1,119",$0,0.0%,5
212446,(no description on file),Blue Cross Blue Shield,Commercial,"$13,288","$13,288",$0,0.0%,51
200032,(no description on file),Aetna,Commercial,"$4,786","$4,786",$0,0.0%,20
1599803,(no description on file),Humana,Commercial,"$10,037","$10,037",$0,0.0%,14
860182,(no description on file),Dual Eligible,Government,$785,$785,$0,0.0%,3
197886,(no description on file),UnitedHealthcare,Commercial,"$1,866","$1,866",$0,0.0%,8
205326,(no description on file),Humana,Commercial,$558,$558,$0,0.0%,2
856481,(no description on file),Dual Eligible,Government,"$1,339","$1,339",$0,0.0%,6
476349,(no description on file),Medicare,Government,"$3,409","$3,409",$0,0.0%,13
394894008,Pre-operative chemotherapy (procedure),Cigna Health,Commercial,"$2,014","$2,014",$0,0.0%,4
304531008,Treatment side effects education (procedure),Cigna Health,Commercial,"$2,014","$2,014",$0,0.0%,4
113076002,Oral Glucose Tolerance Test,UnitedHealthcare,Commercial,$413,$413,$0,0.0%,2
404909007,Injection of botulinum toxin (procedure),Anthem,Commercial,"$1,081","$1,081",$0,0.0%,2
42839003,Repair of myelomeningocele (procedure),Humana,Commercial,"$1,853","$1,853",$0,0.0%,4
444260001,20 Gene mutation test,UnitedHealthcare,Commercial,$998,$998,$0,0.0%,2
854901,(no description on file),Blue Cross Blue Shield,Commercial,$308,$308,$0,0.0%,1
88848003,Psychiatric follow-up,Blue Cross Blue Shield,Commercial,$757,$757,$0,0.0%,3
204844,(no description on file),Cigna Health,Commercial,$261,$261,$0,0.0%,1
898353,(no description on file),UnitedHealthcare,Commercial,$366,$366,$0,0.0%,1
904458,(no description on file),UnitedHealthcare,Commercial,$283,$283,$0,0.0%,1
349353,(no description on file),UnitedHealthcare,Commercial,$233,$233,$0,0.0%,1
363215001,Musculoskeletal system physical examination (procedure),UnitedHealthcare,Commercial,$484,$484,$0,0.0%,1
763302001,Assessment using Alcohol Use Disorders Identification Test - Consumption (procedure),Medicare,Government,"$16,122","$16,122",$0,0.0%,"608,031"
710824005,Assessment of health and social care needs (procedure),Blue Cross Blue Shield,Commercial,"$138,416,715","$138,416,715",$0,0.0%,"274,522"
33879002,Administration of vaccine to produce active immunity (procedure),Medicaid,Government,"$44,229,942","$44,229,942",$0,0.0%,"368,323"
229064008,Movement therapy (regime/therapy),Medicaid,Government,"$18,342,797","$18,342,797",$0,0.0%,"39,134"
113,(no description on file),Medicare,Government,"$11,495,400","$11,495,400",$0,0.0%,"84,525"
207,(no description on file),Medicare,Government,"$19,455,208","$19,455,208",$0,0.0%,"142,983"
241046008,Dental X-ray bitewing (procedure),UnitedHealthcare,Commercial,"$42,199,456","$42,199,456",$0,0.0%,"83,933"
868187001,Assessment using Car  Relax  Alone  Forget  Friends  Trouble Screening Test (procedure),Humana,Commercial,"$2,162","$2,162",$0,0.0%,"34,147"
67879005,History and physical examination  limited (procedure),Anthem,Commercial,"$3,035,086","$3,035,086",$0,0.0%,"6,171"
399014008,Administration of diphtheria  pertussis  and tetanus vaccine,Dual Eligible,Government,"$9,807,471","$9,807,471",$0,0.0%,"4,197"
117015009,Throat culture (procedure),Blue Cross Blue Shield,Commercial,"$23,365,766","$23,365,766",$0,0.0%,"11,928"
208,(no description on file),Medicare,Government,"$23,438,240","$23,438,240",$0,0.0%,"172,198"
399208008,Plain chest X-ray (procedure),Dual Eligible,Government,"$125,559,341","$125,559,341",$0,0.0%,"13,839"
169230002,Ultrasound scan for fetal viability,Medicare,Government,"$150,699,804","$150,699,804",$0,0.0%,"16,761"
371908008,Oxygen administration by mask (procedure),Dual Eligible,Government,"$17,569,161","$17,569,161",$0,0.0%,"8,568"
371883000,Outpatient procedure,Medicaid,Government,"$27,799,366","$27,799,366",$0,0.0%,"233,571"
390906007,Follow-up encounter (procedure),Blue Cross Blue Shield,Commercial,"$2,125,891","$2,125,891",$0,0.0%,"29,541"
50849002,Emergency room admission (procedure),Medicaid,Government,"$23,975,613","$23,975,613",$0,0.0%,"194,714"
271442007,Fetal anatomy study,UnitedHealthcare,Commercial,"$5,782,347","$5,782,347",$0,0.0%,"11,385"
8,(no description on file),Anthem,Commercial,"$1,911,344","$1,911,344",$0,0.0%,"14,054"
562366,(no description on file),Medicaid,Government,$162,$162,$0,0.0%,528
10383002,Counseling for termination of pregnancy,Cigna Health,Commercial,"$2,493,774","$2,493,774",$0,0.0%,"5,101"
2123111,(no description on file),Humana,Commercial,"$16,676,060","$16,676,060",$0,0.0%,"11,069"
439708006,Home visit (procedure),Medicaid,Government,"$502,514","$502,514",$0,0.0%,"4,274"
20,(no description on file),Cigna Health,Commercial,"$3,347,504","$3,347,504",$0,0.0%,"24,614"
384700001,Injection of tetanus antitoxin,Blue Cross Blue Shield,Commercial,"$2,640,470","$2,640,470",$0,0.0%,"1,039"
896001,(no description on file),Aetna,Commercial,"$2,044,034","$2,044,034",$0,0.0%,"7,642"
312961,(no description on file),Blue Cross Blue Shield,Commercial,"$497,594","$497,594",$0,0.0%,"1,629"
104435004,Screening for occult blood in feces (procedure),Humana,Commercial,"$12,923,186","$12,923,186",$0,0.0%,"2,163"
170837001,Allergic disorder initial assessment,Humana,Commercial,"$163,450","$163,450",$0,0.0%,"1,368"
1260010008,Removal of subgingival plaque and calculus from all teeth using dental instrument (procedure),Blue Cross Blue Shield,Commercial,"$87,540,233","$87,540,233",$0,0.0%,"173,990"
47758006,Hepatitis B Surface Antigen Measurement,UnitedHealthcare,Commercial,"$23,135,914","$23,135,914",$0,0.0%,"11,848"
241046008,Dental X-ray bitewing (procedure),Blue Cross Blue Shield,Commercial,"$45,779,872","$45,779,872",$0,0.0%,"90,966"
351137,(no description on file),Cigna Health,Commercial,"$1,124,125","$1,124,125",$0,0.0%,"4,409"
370789001,Development of individualized plan of care (procedure),NO_INSURANCE,Self-Pay / Uninsured,"$2,596,350","$2,596,350",$0,0.0%,"5,315"
58000006,Patient discharge (procedure),Dual Eligible,Government,"$5,643,699","$5,643,699",$0,0.0%,"12,412"
82808001,Sleep apnea monitoring with alarm (regime/therapy),Medicare,Government,"$1,488,838","$1,488,838",$0,0.0%,"3,024"
386053000,Evaluation procedure (procedure),Humana,Commercial,"$3,254,754","$3,254,754",$0,0.0%,"6,473"
67879005,History and physical examination  limited (procedure),Dual Eligible,Government,"$1,934,402","$1,934,402",$0,0.0%,"4,236"
223470000,Discussion about signs and symptoms (procedure),Humana,Commercial,"$4,445,782","$4,445,782",$0,0.0%,"8,838"
232717009,Coronary artery bypass grafting (procedure),Medicare,Government,"$161,773,130","$161,773,130",$0,0.0%,"4,073"
395123002,Urine screening test for diabetes,NO_INSURANCE,Self-Pay / Uninsured,"$27,162,493","$27,162,493",$0,0.0%,"14,275"
169553002,Insertion of subcutaneous contraceptive,NO_INSURANCE,Self-Pay / Uninsured,"$53,366,473","$53,366,473",$0,0.0%,"6,230"
351136,(no description on file),Humana,Commercial,"$1,010,788","$1,010,788",$0,0.0%,"4,030"
29303009,Electrocardiographic procedure (procedure),UnitedHealthcare,Commercial,"$4,544,657","$4,544,657",$0,0.0%,"1,889"
115,(no description on file),Dual Eligible,Government,"$231,064","$231,064",$0,0.0%,"1,699"
1735006,(no description on file),Medicare,Government,$687,$687,$0,0.0%,"1,498"
583214,(no description on file),Blue Cross Blue Shield,Commercial,"$9,953","$9,953",$0,0.0%,"2,772"
68254000,Removal of intrauterine device,Cigna Health,Commercial,"$27,357,550","$27,357,550",$0,0.0%,"3,226"
313002,(no description on file),Medicaid,Government,$351,$351,$0,0.0%,222
359672006,Median sternotomy (procedure),Medicaid,Government,"$1,384,966","$1,384,966",$0,0.0%,"3,050"
305408004,Admission to surgical department,Anthem,Commercial,"$218,738","$218,738",$0,0.0%,"1,816"
359672006,Median sternotomy (procedure),Aetna,Commercial,"$563,904","$563,904",$0,0.0%,"1,175"
433112001,Percutaneous mechanical thrombectomy of portal vein using fluoroscopic guidance with contrast (procedure),Medicaid,Government,"$5,985,399","$5,985,399",$0,0.0%,334
228557008,Cognitive and behavioral therapy (regime/therapy),Medicare,Government,"$39,230,464","$39,230,464",$0,0.0%,"4,056"
861467,(no description on file),Dual Eligible,Government,"$153,237","$153,237",$0,0.0%,"1,786"
757594,(no description on file),UnitedHealthcare,Commercial,"$3,363,418","$3,363,418",$0,0.0%,"3,827"
410006001,Digital examination of rectum,Cigna Health,Commercial,"$489,487","$489,487",$0,0.0%,953
449411000124106,Admission to skilled nursing facility (procedure),Aetna,Commercial,"$460,205","$460,205",$0,0.0%,"3,745"
290045001,Kitchen practice,Anthem,Commercial,"$964,976","$964,976",$0,0.0%,"1,955"
423475008,Heart failure education (procedure),Medicare,Government,"$2,959,356","$2,959,356",$0,0.0%,"6,046"
236974004,Instrumental delivery,UnitedHealthcare,Commercial,"$5,523,383","$5,523,383",$0,0.0%,861
308283009,Discharge from hospital (procedure),NO_INSURANCE,Self-Pay / Uninsured,"$1,259,347","$1,259,347",$0,0.0%,"2,482"
310325,(no description on file),Anthem,Commercial,$188,$188,$0,0.0%,615
242969,(no description on file),Anthem,Commercial,"$2,721","$2,721",$0,0.0%,875
665078,(no description on file),Anthem,Commercial,"$81,772","$81,772",$0,0.0%,333
1719286,(no description on file),UnitedHealthcare,Commercial,$97,$97,$0,0.0%,916
86013001,Periodic reevaluation and management of healthy individual (procedure),Medicaid,Government,"$46,976","$46,976",$0,0.0%,389
861467,(no description on file),UnitedHealthcare,Commercial,"$89,208","$89,208",$0,0.0%,927
52765003,Intubation,NO_INSURANCE,Self-Pay / Uninsured,"$425,829","$425,829",$0,0.0%,"1,122"
171231001,Asthma screening,Blue Cross Blue Shield,Commercial,"$225,668","$225,668",$0,0.0%,447
418824004,Off-pump coronary artery bypass (procedure),Cigna Health,Commercial,"$224,185","$224,185",$0,0.0%,465
744842,(no description on file),Cigna Health,Commercial,"$109,876","$109,876",$0,0.0%,395
312617,(no description on file),Aetna,Commercial,"$4,074","$4,074",$0,0.0%,580
310436,(no description on file),UnitedHealthcare,Commercial,"$2,792","$2,792",$0,0.0%,58
252482003,Stair-climbing test (procedure),Cigna Health,Commercial,"$615,958","$615,958",$0,0.0%,"1,283"
306185001,Referral to cardiac surgery service (procedure),NO_INSURANCE,Self-Pay / Uninsured,"$492,964","$492,964",$0,0.0%,"1,011"
19490002,Ankle X-ray,Humana,Commercial,"$419,650","$419,650",$0,0.0%,841
304531008,Treatment side effects education (procedure),Dual Eligible,Government,"$138,050","$138,050",$0,0.0%,306
1361226,(no description on file),Dual Eligible,Government,"$98,499","$98,499",$0,0.0%,435
1790099,(no description on file),Anthem,Commercial,$477,$477,$0,0.0%,171
305351004,Admission to intensive care unit (procedure),Humana,Commercial,"$23,371,426","$23,371,426",$0,0.0%,785
180178009,Continuous subcutaneous infusion of insulin (procedure),Cigna Health,Commercial,"$119,616","$119,616",$0,0.0%,250
865098,(no description on file),UnitedHealthcare,Commercial,"$144,574","$144,574",$0,0.0%,174
746763,(no description on file),NO_INSURANCE,Self-Pay / Uninsured,"$61,645","$61,645",$0,0.0%,234
2003249,(no description on file),Anthem,Commercial,"$95,851","$95,851",$0,0.0%,357
1601380,(no description on file),Dual Eligible,Government,"$50,092","$50,092",$0,0.0%,94
1599803,(no description on file),Medicaid,Government,"$102,691","$102,691",$0,0.0%,179
2284960,(no description on file),Dual Eligible,Government,$735,$735,$0,0.0%,109
310061009,Gynecology service (qualifier value),Cigna Health,Commercial,"$13,453","$13,453",$0,0.0%,116
1998772,(no description on file),Medicaid,Government,"$47,779","$47,779",$0,0.0%,209
76746007,Cardiovascular stress testing (procedure),NO_INSURANCE,Self-Pay / Uninsured,"$61,322","$61,322",$0,0.0%,125
133900002,Intraoperative care (regime/therapy),UnitedHealthcare,Commercial,"$18,952","$18,952",$0,0.0%,39
171122006,Hepatitis B screening (procedure),NO_INSURANCE,Self-Pay / Uninsured,"$17,310","$17,310",$0,0.0%,37
310061009,Gynecology service (qualifier value),Humana,Commercial,"$8,491","$8,491",$0,0.0%,72
306206005,Referral to service (procedure),UnitedHealthcare,Commercial,"$127,585","$127,585",$0,0.0%,254
311372,(no description on file),Anthem,Commercial,"$17,024","$17,024",$0,0.0%,73
22523008,Vasectomy,Blue Cross Blue Shield,Commercial,"$1,844,785","$1,844,785",$0,0.0%,146
979468,(no description on file),Medicare,Government,"$21,729","$21,729",$0,0.0%,82
24832002,Closed reduction of mandibular fracture (procedure),Medicare,Government,"$134,273","$134,273",$0,0.0%,275
997488,(no description on file),Aetna,Commercial,"$206,947","$206,947",$0,0.0%,336
197381,(no description on file),Medicare,Government,"$94,652","$94,652",$0,0.0%,373
24623002,Screening mammography (procedure),Humana,Commercial,"$22,898","$22,898",$0,0.0%,188
562366,(no description on file),Blue Cross Blue Shield,Commercial,$42,$42,$0,0.0%,118
40617009,Artificial respiration (procedure),Anthem,Commercial,"$34,085","$34,085",$0,0.0%,68
617310,(no description on file),Aetna,Commercial,"$18,355","$18,355",$0,0.0%,71
445988008,Assessment using health assessment questionnaire (procedure),Aetna,Commercial,"$28,607","$28,607",$0,0.0%,60
904458,(no description on file),Medicare,Government,"$6,926","$6,926",$0,0.0%,25
197379,(no description on file),Medicare,Government,"$24,134","$24,134",$0,0.0%,99
198031,(no description on file),Humana,Commercial,"$3,665","$3,665",$0,0.0%,58
104308009,Serologic test for Toxoplasma gondii (procedure),Dual Eligible,Government,"$17,229","$17,229",$0,0.0%,39
82078001,Take blood sample,NO_INSURANCE,Self-Pay / Uninsured,"$15,745","$15,745",$0,0.0%,35
310261,(no description on file),Aetna,Commercial,"$162,498","$162,498",$0,0.0%,14
177765008,Opening of chest (procedure),Anthem,Commercial,"$6,907","$6,907",$0,0.0%,14
1536148,(no description on file),NO_INSURANCE,Self-Pay / Uninsured,"$41,434","$41,434",$0,0.0%,161
866419,(no description on file),Medicare,Government,"$13,073","$13,073",$0,0.0%,54
1665021,(no description on file),Aetna,Commercial,"$7,735","$7,735",$0,0.0%,29
1665227,(no description on file),Dual Eligible,Government,$0,$0,$0,0.0%,18
90407005,Evaluation of psychiatric state of patient,Medicaid,Government,"$1,485","$1,485",$0,0.0%,9
204844,(no description on file),Aetna,Commercial,"$1,463","$1,463",$0,0.0%,7
200032,(no description on file),NO_INSURANCE,Self-Pay / Uninsured,"$2,671","$2,671",$0,0.0%,10
306237005,Referral to palliative care service (procedure),Dual Eligible,Government,"$7,331","$7,331",$0,0.0%,17
122460008,Reexploration procedure (procedure),Aetna,Commercial,"$10,207","$10,207",$0,0.0%,21
1599803,(no description on file),Cigna Health,Commercial,"$8,126","$8,126",$0,0.0%,13
409066002,Education  guidance and counseling (procedure),NO_INSURANCE,Self-Pay / Uninsured,"$17,310","$17,310",$0,0.0%,37
854255,(no description on file),Humana,Commercial,"$9,111","$9,111",$0,0.0%,37
1657981,(no description on file),Blue Cross Blue Shield,Commercial,"$4,941","$4,941",$0,0.0%,14
827075,(no description on file),NO_INSURANCE,Self-Pay / Uninsured,$701,$701,$0,0.0%,3
1437975,(no description on file),Humana,Commercial,"$1,214","$1,214",$0,0.0%,5
305425002,Admission to neurosurgical department,Blue Cross Blue Shield,Commercial,"$3,659","$3,659",$0,0.0%,7
233174007,Cardiac pacemaker procedure (procedure),NO_INSURANCE,Self-Pay / Uninsured,"$1,944","$1,944",$0,0.0%,4
199885,(no description on file),Cigna Health,Commercial,"$2,322","$2,322",$0,0.0%,9
43060002,Intravenous injection (procedure),Aetna,Commercial,"$2,713","$2,713",$0,0.0%,6
197903,(no description on file),Medicaid,Government,$888,$888,$0,0.0%,4
746811,(no description on file),NO_INSURANCE,Self-Pay / Uninsured,"$1,881","$1,881",$0,0.0%,9
904458,(no description on file),NO_INSURANCE,Self-Pay / Uninsured,"$1,014","$1,014",$0,0.0%,3
42839003,Repair of myelomeningocele (procedure),NO_INSURANCE,Self-Pay / Uninsured,"$1,936","$1,936",$0,0.0%,4
241645008,Magnetic resonance imaging of spine (procedure),Humana,Commercial,"$1,853","$1,853",$0,0.0%,4
859753,(no description on file),NO_INSURANCE,Self-Pay / Uninsured,$418,$418,$0,0.0%,2
854905,(no description on file),UnitedHealthcare,Commercial,$412,$412,$0,0.0%,2
79733001,Amputation of right leg,Anthem,Commercial,"$19,376","$19,376",$0,0.0%,2
854908,(no description on file),Anthem,Commercial,$791,$791,$0,0.0%,3
197862,(no description on file),Cigna Health,Commercial,$501,$501,$0,0.0%,2
47020004,Ventriculoperitoneal shunt (procedure),NO_INSURANCE,Self-Pay / Uninsured,$496,$496,$0,0.0%,1
827075,(no description on file),Humana,Commercial,$283,$283,$0,0.0%,1
48387007,Incision of trachea (procedure),NO_INSURANCE,Self-Pay / Uninsured,$930,$930,$0,0.0%,1
30088009,Blood culture (procedure),Blue Cross Blue Shield,Commercial,$601,$601,$0,0.0%,1
854901,(no description on file),Humana,Commercial,$366,$366,$0,0.0%,1
864706,(no description on file),Blue Cross Blue Shield,Commercial,$308,$308,$0,0.0%,1
868187001,Assessment using Car  Relax  Alone  Forget  Friends  Trouble Screening Test (procedure),Medicaid,Government,"$4,051","$4,051",$0,0.0%,"129,623"
1260009003,Removal of supragingival plaque and calculus from all teeth using dental instrument (procedure),Medicare,Government,"$456,468,296","$456,468,296",$0,0.0%,"933,317"
456191000124101,Postoperative care for dental procedure (regime/therapy),Medicaid,Government,"$65,717,297","$65,717,297",$0,0.0%,"139,243"
713106006,Screening for drug abuse (procedure),Medicare,Government,"$20,409","$20,409",$0,0.0%,"607,459"
185349003,Encounter for check up (procedure),NO_INSURANCE,Self-Pay / Uninsured,"$27,535,717","$27,535,717",$0,0.0%,"389,978"
856987,(no description on file),Medicare,Government,"$8,733,780","$8,733,780",$0,0.0%,"158,530"
209387,(no description on file),Medicaid,Government,"$20,700,981","$20,700,981",$0,0.0%,"90,747"
854235,(no description on file),NO_INSURANCE,Self-Pay / Uninsured,"$175,852","$175,852",$0,0.0%,"12,865"
66348005,Childbirth,Medicaid,Government,"$25,562,470","$25,562,470",$0,0.0%,"53,811"
762993000,Assessment using Morse Fall Scale (procedure),Medicaid,Government,"$1,169,751","$1,169,751",$0,0.0%,"46,879"
430193006,Medication Reconciliation (procedure),Dual Eligible,Government,"$197,689,697","$197,689,697",$0,0.0%,"450,353"
84100007,History taking (procedure),Medicaid,Government,"$10,602,362","$10,602,362",$0,0.0%,"22,804"
106892,(no description on file),NO_INSURANCE,Self-Pay / Uninsured,"$86,664,619","$86,664,619",$0,0.0%,"178,819"
245134,(no description on file),Medicaid,Government,"$11,855,346","$11,855,346",$0,0.0%,"52,050"
895996,(no description on file),Anthem,Commercial,"$3,981,390","$3,981,390",$0,0.0%,"15,122"
1719286,(no description on file),Medicare,Government,"$9,353","$9,353",$0,0.0%,"85,999"
274788003,Examination of gingivae (procedure),UnitedHealthcare,Commercial,"$80,473,060","$80,473,060",$0,0.0%,"160,173"
225158009,Auscultation of the fetal heart,Aetna,Commercial,"$575,077,226","$575,077,226",$0,0.0%,"117,247"
748879,(no description on file),Anthem,Commercial,"$3,634,821","$3,634,821",$0,0.0%,"4,072"
223470000,Discussion about signs and symptoms (procedure),Anthem,Commercial,"$3,279,828","$3,279,828",$0,0.0%,"6,695"
861467,(no description on file),Anthem,Commercial,"$117,742","$117,742",$0,0.0%,"1,152"
169230002,Ultrasound scan for fetal viability,NO_INSURANCE,Self-Pay / Uninsured,"$192,778,214","$192,778,214",$0,0.0%,"21,433"
68254000,Removal of intrauterine device,Medicare,Government,"$22,140,959","$22,140,959",$0,0.0%,"2,566"
8,(no description on file),UnitedHealthcare,Commercial,"$2,471,392","$2,471,392",$0,0.0%,"18,172"
859088,(no description on file),Medicaid,Government,"$5,373,024","$5,373,024",$0,0.0%,"23,301"
84100007,History taking (procedure),Medicare,Government,"$5,879,509","$5,879,509",$0,0.0%,"11,943"
1433873,(no description on file),Aetna,Commercial,"$88,588","$88,588",$0,0.0%,325
209387,(no description on file),Blue Cross Blue Shield,Commercial,"$5,519,540","$5,519,540",$0,0.0%,"21,514"
242969,(no description on file),Medicare,Government,"$23,580","$23,580",$0,0.0%,"8,037"
415300000,Review of systems (procedure),Humana,Commercial,"$617,267","$617,267",$0,0.0%,"8,254"
37542007,Posttreatment stabilization  orthodontic device (procedure),UnitedHealthcare,Commercial,"$70,396","$70,396",$0,0.0%,139
710824005,Assessment of health and social care needs (procedure),Humana,Commercial,"$255,149,006","$255,149,006",$0,0.0%,"505,671"
208,(no description on file),Aetna,Commercial,"$10,287,992","$10,287,992",$0,0.0%,"75,638"
21,(no description on file),Blue Cross Blue Shield,Commercial,"$1,538,568","$1,538,568",$0,0.0%,"11,313"
207,(no description on file),Humana,Commercial,"$9,614,112","$9,614,112",$0,0.0%,"70,688"
385781007,Home health aide service (regime/therapy),Medicare,Government,"$4,583,537","$4,583,537",$0,0.0%,"9,379"
62,(no description on file),NO_INSURANCE,Self-Pay / Uninsured,"$2,106,096","$2,106,096",$0,0.0%,"15,486"
390906007,Follow-up encounter (procedure),Aetna,Commercial,"$3,233,473","$3,233,473",$0,0.0%,"45,937"
441550005,Urinalysis with reflex to microscopy and culture (procedure),Cigna Health,Commercial,"$3,703,115","$3,703,115",$0,0.0%,"5,805"
275833003,AFP test - antenatal,Cigna Health,Commercial,"$26,519,219","$26,519,219",$0,0.0%,"14,120"
399208008,Plain chest X-ray (procedure),Cigna Health,Commercial,"$69,358,780","$69,358,780",$0,0.0%,"7,136"
305342007,Admission to ward (procedure),Anthem,Commercial,"$142,272","$142,272",$0,0.0%,"1,141"
245314,(no description on file),NO_INSURANCE,Self-Pay / Uninsured,"$376,839","$376,839",$0,0.0%,"4,544"
104091002,Hemogram  automated  with RBC  WBC  Hgb  Hct  Indices  Platelet count  and manual WBC differential,Blue Cross Blue Shield,Commercial,"$50,387,301","$50,387,301",$0,0.0%,"25,366"
119,(no description on file),Anthem,Commercial,"$1,270,376","$1,270,376",$0,0.0%,"9,341"
448337001,Telemedicine consultation with patient,UnitedHealthcare,Commercial,"$251,127","$251,127",$0,0.0%,"2,461"
310417005,Certification procedure (procedure),Aetna,Commercial,"$237,629","$237,629",$0,0.0%,490
65677008,Pulmonary catheterization with Swan-Ganz catheter (procedure),NO_INSURANCE,Self-Pay / Uninsured,"$488,103","$488,103",$0,0.0%,999
183495009,Non-urgent orthopedic admission,NO_INSURANCE,Self-Pay / Uninsured,"$101,865","$101,865",$0,0.0%,827
714812005,Induced termination of pregnancy,UnitedHealthcare,Commercial,"$32,693,015","$32,693,015",$0,0.0%,"3,617"
705129,(no description on file),Blue Cross Blue Shield,Commercial,"$311,397","$311,397",$0,0.0%,"1,614"
243174005,Weaning from mechanically assisted ventilation (procedure),Medicaid,Government,"$84,522","$84,522",$0,0.0%,175
110467000,Pre-surgery testing (procedure),NO_INSURANCE,Self-Pay / Uninsured,"$515,541","$515,541",$0,0.0%,"1,061"
367336001,Chemotherapy (procedure),Cigna Health,Commercial,"$555,051","$555,051",$0,0.0%,"1,164"
979471,(no description on file),Cigna Health,Commercial,"$4,806","$4,806",$0,0.0%,18
453131000124105,Videotelephony encounter (procedure),NO_INSURANCE,Self-Pay / Uninsured,"$43,875","$43,875",$0,0.0%,351
198014,(no description on file),Medicare,Government,"$204,041","$204,041",$0,0.0%,798
397821002,Patient transfer to intensive care unit (procedure),Blue Cross Blue Shield,Commercial,"$90,065","$90,065",$0,0.0%,690
200346,(no description on file),Anthem,Commercial,"$6,437","$6,437",$0,0.0%,24
410770002,Administration of anesthesia for procedure (procedure),UnitedHealthcare,Commercial,"$351,813","$351,813",$0,0.0%,705
167271000,Urine protein test,Medicare,Government,"$21,296,719","$21,296,719",$0,0.0%,"11,029"
173291009,Simple extraction of tooth (procedure),UnitedHealthcare,Commercial,"$2,640,294","$2,640,294",$0,0.0%,"5,257"
270427003,Patient-initiated encounter,UnitedHealthcare,Commercial,"$260,663","$260,663",$0,0.0%,"3,617"
56876005,Drug rehabilitation and detoxification,Anthem,Commercial,"$986,380","$986,380",$0,0.0%,"8,481"
169762003,Postnatal visit,NO_INSURANCE,Self-Pay / Uninsured,"$1,534,210","$1,534,210",$0,0.0%,"13,131"
351109,(no description on file),UnitedHealthcare,Commercial,"$1,988,203","$1,988,203",$0,0.0%,"7,715"
2103182,(no description on file),Medicaid,Government,"$21,324","$21,324",$0,0.0%,"2,085"
748856,(no description on file),Blue Cross Blue Shield,Commercial,"$2,824,785","$2,824,785",$0,0.0%,"3,182"
1808217,(no description on file),Dual Eligible,Government,$581,$581,$0,0.0%,"2,453"
116863004,Transfusion of red blood cells (procedure),Dual Eligible,Government,"$22,160","$22,160",$0,0.0%,48
65546002,Extraction of wisdom tooth,NO_INSURANCE,Self-Pay / Uninsured,"$23,822,518","$23,822,518",$0,0.0%,"2,144"
198211,(no description on file),Medicaid,Government,"$23,129","$23,129",$0,0.0%,101
978950,(no description on file),Humana,Commercial,"$4,924,512","$4,924,512",$0,0.0%,"5,497"
807283,(no description on file),Blue Cross Blue Shield,Commercial,"$31,578","$31,578",$0,0.0%,"1,478"
42825003,Cannulation (procedure),Anthem,Commercial,"$317,380","$317,380",$0,0.0%,652
1290407002,Plain X-ray of knee region (procedure),Aetna,Commercial,"$161,795","$161,795",$0,0.0%,312
399217008,Cardioassist by aortic balloon pump (procedure),NO_INSURANCE,Self-Pay / Uninsured,"$16,929","$16,929",$0,0.0%,34
112790001,Nasal sinus endoscopy (procedure),Humana,Commercial,"$2,532,311","$2,532,311",$0,0.0%,470
1659131,(no description on file),Medicaid,Government,"$277,196","$277,196",$0,0.0%,"1,212"
395142003,Allergy screening test,Cigna Health,Commercial,"$1,400,480","$1,400,480",$0,0.0%,"2,874"
866412,(no description on file),Blue Cross Blue Shield,Commercial,"$414,937","$414,937",$0,0.0%,"1,622"
1000126,(no description on file),Dual Eligible,Government,"$69,579","$69,579",$0,0.0%,"1,321"
312617,(no description on file),Humana,Commercial,"$4,764","$4,764",$0,0.0%,679
183495009,Non-urgent orthopedic admission,Cigna Health,Commercial,"$118,203","$118,203",$0,0.0%,981
90470006,Prostatectomy,NO_INSURANCE,Self-Pay / Uninsured,"$454,863","$454,863",$0,0.0%,62
1359269,(no description on file),Medicare,Government,"$229,926","$229,926",$0,0.0%,836
122460008,Reexploration procedure (procedure),Dual Eligible,Government,"$21,719","$21,719",$0,0.0%,47
311034,(no description on file),Humana,Commercial,"$63,920","$63,920",$0,0.0%,252
243063003,Postoperative procedure education (procedure),Cigna Health,Commercial,"$616,472","$616,472",$0,0.0%,"1,284"
56876005,Drug rehabilitation and detoxification,Blue Cross Blue Shield,Commercial,"$99,361","$99,361",$0,0.0%,774
749196,(no description on file),NO_INSURANCE,Self-Pay / Uninsured,"$49,826","$49,826",$0,0.0%,192
896023,(no description on file),Cigna Health,Commercial,"$11,826","$11,826",$0,0.0%,45
91602002,Thoracentesis (procedure),Aetna,Commercial,"$417,605","$417,605",$0,0.0%,32
310385,(no description on file),Humana,Commercial,$107,$107,$0,0.0%,67
904475,(no description on file),NO_INSURANCE,Self-Pay / Uninsured,"$6,222","$6,222",$0,0.0%,24
446987006,Determination of susceptibility of Human immunodeficiency virus 1 to panel of antiretroviral drugs using genotypic technique (procedure),Medicaid,Government,"$60,446","$60,446",$0,0.0%,130
200032,(no description on file),Medicaid,Government,"$6,301","$6,301",$0,0.0%,28
410299006,Lab findings education  guidance  and counseling (procedure),UnitedHealthcare,Commercial,"$66,076","$66,076",$0,0.0%,132
185087000,Notifications (procedure),UnitedHealthcare,Commercial,"$140,084","$140,084",$0,0.0%,274
26763009,Controlled ventilation procedure and therapy  initiation and management (procedure),Humana,Commercial,"$501,610","$501,610",$0,0.0%,136
165355002,Patient informed - test result (situation),NO_INSURANCE,Self-Pay / Uninsured,"$28,535","$28,535",$0,0.0%,56
1091392,(no description on file),Aetna,Commercial,"$426,764","$426,764",$0,0.0%,129
1306292,(no description on file),Blue Cross Blue Shield,Commercial,"$47,913","$47,913",$0,0.0%,195
112011000119102,negative screening for depression on phq9,Aetna,Commercial,"$10,084","$10,084",$0,0.0%,21
859419,(no description on file),Cigna Health,Commercial,"$3,372","$3,372",$0,0.0%,13
1873983,(no description on file),Aetna,Commercial,"$7,893","$7,893",$0,0.0%,31
305433001,Admission to trauma surgery department,Anthem,Commercial,"$40,162","$40,162",$0,0.0%,83
3457005,Patient referral (procedure),Medicare,Government,"$105,111","$105,111",$0,0.0%,218
198211,(no description on file),Aetna,Commercial,"$9,620","$9,620",$0,0.0%,38
371361000119107,Comprehensive metabolic panel (procedure),Cigna Health,Commercial,"$52,647","$52,647",$0,0.0%,108
385892002,Mental health screening (procedure),Aetna,Commercial,"$1,047","$1,047",$0,0.0%,33
1737466,(no description on file),Anthem,Commercial,"$6,698","$6,698",$0,0.0%,27
432231006,Fine needle aspiration biopsy of lung (procedure),Aetna,Commercial,"$376,481","$376,481",$0,0.0%,27
1114085,(no description on file),Dual Eligible,Government,$156,$156,$0,0.0%,27
112011000119102,negative screening for depression on phq9,Dual Eligible,Government,"$2,713","$2,713",$0,0.0%,6
112011000119102,negative screening for depression on phq9,Medicare,Government,"$12,713","$12,713",$0,0.0%,26
403875,(no description on file),Cigna Health,Commercial,"$2,859","$2,859",$0,0.0%,14
15220000,Laboratory test (procedure),NO_INSURANCE,Self-Pay / Uninsured,"$276,477","$276,477",$0,0.0%,569
26604007,Complete blood count (procedure),Blue Cross Blue Shield,Commercial,"$147,665","$147,665",$0,0.0%,292
171121004,Human immunodeficiency virus screening (procedure),Humana,Commercial,"$22,691","$22,691",$0,0.0%,44
384682003,Multidisciplinary care conference (procedure),Anthem,Commercial,"$7,711","$7,711",$0,0.0%,17
200346,(no description on file),Cigna Health,Commercial,"$4,602","$4,602",$0,0.0%,17
856535,(no description on file),Dual Eligible,Government,"$1,830","$1,830",$0,0.0%,8
197886,(no description on file),Humana,Commercial,"$4,632","$4,632",$0,0.0%,17
904467,(no description on file),Anthem,Commercial,"$5,528","$5,528",$0,0.0%,20
373786007,Reasons for treatment delay (finding),Anthem,Commercial,"$2,538","$2,538",$0,0.0%,5
856448,(no description on file),Anthem,Commercial,"$1,709","$1,709",$0,0.0%,6
856457,(no description on file),Blue Cross Blue Shield,Commercial,"$1,597","$1,597",$0,0.0%,6
896766,(no description on file),NO_INSURANCE,Self-Pay / Uninsured,$827,$827,$0,0.0%,3
896766,(no description on file),Humana,Commercial,$617,$617,$0,0.0%,2
79733001,Amputation of right leg,Humana,Commercial,"$84,089","$84,089",$0,0.0%,5
313212,(no description on file),Blue Cross Blue Shield,Commercial,$731,$731,$0,0.0%,3
898342,(no description on file),Anthem,Commercial,$883,$883,$0,0.0%,3
845488,(no description on file),Humana,Commercial,$363,$363,$0,0.0%,2
898346,(no description on file),UnitedHealthcare,Commercial,$363,$363,$0,0.0%,2
597195,(no description on file),Cigna Health,Commercial,$1,$1,$0,0.0%,1
904458,(no description on file),Cigna Health,Commercial,$209,$209,$0,0.0%,1
866438,(no description on file),Humana,Commercial,$130,$130,$0,0.0%,1
856460,(no description on file),Cigna Health,Commercial,$308,$308,$0,0.0%,1
312749,(no description on file),NO_INSURANCE,Self-Pay / Uninsured,$250,$250,$0,0.0%,1
858804,(no description on file),Cigna Health,Commercial,$283,$283,$0,0.0%,1
173521004,Transposition of submandibular duct (procedure),Medicaid,Government,$408,$408,$0,0.0%,1
833135,(no description on file),Blue Cross Blue Shield,Commercial,$290,$290,$0,0.0%,1
308136,(no description on file),Aetna,Commercial,"$347,104","$347,104",$0,0.0%,"166,219"
140,(no description on file),Aetna,Commercial,"$54,486,768","$54,486,768",$0,0.0%,"400,638"
1259293006,Application of composite dental filling material to dentin of tooth following fracture of tooth (procedure),Aetna,Commercial,"$12,348,845","$12,348,845",$0,0.0%,"25,446"
180256009,Subcutaneous immunotherapy,NO_INSURANCE,Self-Pay / Uninsured,"$578,198,164","$578,198,164",$0,0.0%,"51,926"
81733005,Dental surgical procedure (procedure),Aetna,Commercial,"$23,151,598","$23,151,598",$0,0.0%,"46,489"
3802001,Dental application of desensitizing medicament (procedure),Medicaid,Government,"$63,404,412","$63,404,412",$0,0.0%,"134,220"
84478008,Occupational therapy (regime/therapy),Humana,Commercial,"$6,361,907","$6,361,907",$0,0.0%,"4,543"
183444007,Referral for further care (procedure),Blue Cross Blue Shield,Commercial,"$278,039","$278,039",$0,0.0%,546
185349003,Encounter for check up (procedure),Cigna Health,Commercial,"$29,484,284","$29,484,284",$0,0.0%,"420,552"
410620009,Well child visit (procedure),UnitedHealthcare,Commercial,"$19,344,252","$19,344,252",$0,0.0%,"147,350"
20,(no description on file),Aetna,Commercial,"$3,359,744","$3,359,744",$0,0.0%,"24,704"
410410006,Screening surveillance (regime/therapy),Medicare,Government,"$5,745,620","$5,745,620",$0,0.0%,"48,623"
1000126,(no description on file),Humana,Commercial,"$457,249","$457,249",$0,0.0%,"7,764"
133,(no description on file),Medicaid,Government,"$16,817,760","$16,817,760",$0,0.0%,"123,660"
390906007,Follow-up encounter (procedure),Medicaid,Government,"$8,915,828","$8,915,828",$0,0.0%,"123,371"
245134,(no description on file),Anthem,Commercial,"$4,818,903","$4,818,903",$0,0.0%,"18,259"
104326007,Measurement of Varicella-zoster virus antibody,Blue Cross Blue Shield,Commercial,"$25,740,667","$25,740,667",$0,0.0%,"12,956"
371908008,Oxygen administration by mask (procedure),Medicaid,Government,"$29,759,532","$29,759,532",$0,0.0%,"7,667"
762993000,Assessment using Morse Fall Scale (procedure),NO_INSURANCE,Self-Pay / Uninsured,"$237,707","$237,707",$0,0.0%,"33,667"
313820,(no description on file),Cigna Health,Commercial,"$714,462","$714,462",$0,0.0%,"5,310"
23426006,Measurement of respiratory function (procedure),Aetna,Commercial,"$4,265,994","$4,265,994",$0,0.0%,"12,206"
855812,(no description on file),Medicare,Government,"$1,280,323","$1,280,323",$0,0.0%,"4,942"
127783003,Spirometry (procedure),NO_INSURANCE,Self-Pay / Uninsured,"$26,619,472","$26,619,472",$0,0.0%,"3,778"
271280005,Removal of endotracheal tube (procedure),Medicaid,Government,"$543,347","$543,347",$0,0.0%,"3,239"
18946005,Epidural anesthesia,Medicare,Government,"$3,638,200","$3,638,200",$0,0.0%,"1,954"
274031008,Rectal polypectomy,Anthem,Commercial,"$20,406,016","$20,406,016",$0,0.0%,"2,169"
229064008,Movement therapy (regime/therapy),Medicare,Government,"$1,167,862","$1,167,862",$0,0.0%,"2,379"
10383002,Counseling for termination of pregnancy,Aetna,Commercial,"$2,399,654","$2,399,654",$0,0.0%,"4,939"
182777000,Monitoring of patient (regime/therapy),Medicare,Government,"$4,026,030","$4,026,030",$0,0.0%,"8,146"
269828009,Syphilis infectious titer test (procedure),Aetna,Commercial,"$32,502,370","$32,502,370",$0,0.0%,"17,224"
1659149,(no description on file),Aetna,Commercial,"$8,335","$8,335",$0,0.0%,893
47758006,Hepatitis B Surface Antigen Measurement,Humana,Commercial,"$47,618,766","$47,618,766",$0,0.0%,"24,148"
698314001,Consultation for treatment,NO_INSURANCE,Self-Pay / Uninsured,"$6,051,120","$6,051,120",$0,0.0%,"52,186"
121,(no description on file),Humana,Commercial,"$2,507,296","$2,507,296",$0,0.0%,"18,436"
73761001,Colonoscopy,Medicaid,Government,"$493,672,705","$493,672,705",$0,0.0%,"47,444"
169690007,Rubella screening,Dual Eligible,Government,"$5,434,276","$5,434,276",$0,0.0%,"3,087"
751905,(no description on file),Humana,Commercial,"$4,854,554","$4,854,554",$0,0.0%,"5,551"
314231,(no description on file),NO_INSURANCE,Self-Pay / Uninsured,"$13,652","$13,652",$0,0.0%,"18,727"
410620009,Well child visit (procedure),Dual Eligible,Government,"$3,407,470","$3,407,470",$0,0.0%,"27,428"
314098000,Rubella screening test (procedure),Anthem,Commercial,"$2,759,563","$2,759,563",$0,0.0%,"5,297"
311555007,Speech and language therapy regime (regime/therapy),Blue Cross Blue Shield,Commercial,"$1,832,730","$1,832,730",$0,0.0%,"1,952"
29303009,Electrocardiographic procedure (procedure),Anthem,Commercial,"$7,510,879","$7,510,879",$0,0.0%,"3,092"
212033,(no description on file),Dual Eligible,Government,"$411,073","$411,073",$0,0.0%,"1,809"
84478008,Occupational therapy (regime/therapy),Medicaid,Government,"$14,887,882","$14,887,882",$0,0.0%,"11,808"
834061,(no description on file),Blue Cross Blue Shield,Commercial,"$760,086","$760,086",$0,0.0%,"3,652"
359672006,Median sternotomy (procedure),Dual Eligible,Government,"$974,229","$974,229",$0,0.0%,"2,157"
65546002,Extraction of wisdom tooth,Cigna Health,Commercial,"$32,507,830","$32,507,830",$0,0.0%,"2,919"
33195004,External beam radiation therapy procedure (procedure),UnitedHealthcare,Commercial,"$1,350,490","$1,350,490",$0,0.0%,"1,392"
90470006,Prostatectomy,Dual Eligible,Government,"$1,762,154","$1,762,154",$0,0.0%,281
183519002,Referral to cardiology service (procedure),UnitedHealthcare,Commercial,"$1,216,407","$1,216,407",$0,0.0%,"2,436"
749762,(no description on file),Dual Eligible,Government,"$759,767","$759,767",$0,0.0%,949
271280005,Removal of endotracheal tube (procedure),Cigna Health,Commercial,"$221,233","$221,233",$0,0.0%,"1,261"
428830000,Pretransplant evaluation of kidney recipient (procedure),Cigna Health,Commercial,"$377,206","$377,206",$0,0.0%,784
11466000,Cesarean section,Blue Cross Blue Shield,Commercial,"$13,542,651","$13,542,651",$0,0.0%,"1,615"
312384001,Multidisciplinary assessment (procedure),Medicare,Government,"$675,612","$675,612",$0,0.0%,"1,375"
10,(no description on file),NO_INSURANCE,Self-Pay / Uninsured,"$2,980,168","$2,980,168",$0,0.0%,"21,913"
118001005,Streptococcus pneumoniae group B antigen assay,NO_INSURANCE,Self-Pay / Uninsured,"$27,500,650","$27,500,650",$0,0.0%,"14,206"
311791003,Information gathering (procedure),UnitedHealthcare,Commercial,"$94,558","$94,558",$0,0.0%,"1,281"
84100007,History taking (procedure),UnitedHealthcare,Commercial,"$2,501,282","$2,501,282",$0,0.0%,"4,975"
705129,(no description on file),Medicaid,Government,"$1,192,371","$1,192,371",$0,0.0%,"7,185"
52,(no description on file),NO_INSURANCE,Self-Pay / Uninsured,"$1,502,256","$1,502,256",$0,0.0%,"11,046"
229095001,Exercise class,Medicare,Government,"$616,948","$616,948",$0,0.0%,"1,239"
68254000,Removal of intrauterine device,UnitedHealthcare,Commercial,"$16,194,359","$16,194,359",$0,0.0%,"1,809"
183452005,Emergency hospital admission (procedure),Aetna,Commercial,"$200,076","$200,076",$0,0.0%,"2,834"
225386006,Pre-discharge assessment (procedure),Anthem,Commercial,"$2,447,855","$2,447,855",$0,0.0%,"5,015"
171231001,Asthma screening,Medicare,Government,"$351,985","$351,985",$0,0.0%,717
79345008,Excision of maxillary torus palatinus (procedure),Cigna Health,Commercial,"$340,594","$340,594",$0,0.0%,703
52765003,Intubation,Anthem,Commercial,"$442,376","$442,376",$0,0.0%,"1,157"
287664005,Bilateral tubal ligation,Medicare,Government,"$6,286,025","$6,286,025",$0,0.0%,862
210098006,Domiciliary or rest home patient evaluation and management,Humana,Commercial,"$270,048","$270,048",$0,0.0%,"2,251"
713024005,Plain X-ray of wrist region (procedure),Cigna Health,Commercial,"$119,585","$119,585",$0,0.0%,235
1234995,(no description on file),Anthem,Commercial,"$1,571","$1,571",$0,0.0%,"1,157"
1306292,(no description on file),UnitedHealthcare,Commercial,"$53,868","$53,868",$0,0.0%,204
26604007,Complete blood count (procedure),Medicaid,Government,"$717,690","$717,690",$0,0.0%,"1,545"
180207008,Intravenous blood transfusion of packed cells (procedure),UnitedHealthcare,Commercial,"$758,340","$758,340",$0,0.0%,335
16335031000119103,High resolution computed tomography of chest without contrast (procedure),Cigna Health,Commercial,"$376,469","$376,469",$0,0.0%,453
65677008,Pulmonary catheterization with Swan-Ganz catheter (procedure),Aetna,Commercial,"$569,300","$569,300",$0,0.0%,"1,186"
1860480,(no description on file),Aetna,Commercial,"$4,230","$4,230",$0,0.0%,141
349251,(no description on file),Medicaid,Government,"$9,238","$9,238",$0,0.0%,36
183452005,Emergency hospital admission (procedure),UnitedHealthcare,Commercial,"$8,938","$8,938",$0,0.0%,115
1306292,(no description on file),Dual Eligible,Government,"$43,011","$43,011",$0,0.0%,191
856980,(no description on file),Dual Eligible,Government,$159,$159,$0,0.0%,15
746763,(no description on file),Blue Cross Blue Shield,Commercial,"$30,639","$30,639",$0,0.0%,125
429609002,Lung volume reduction surgery (procedure),Medicare,Government,"$22,836,993","$22,836,993",$0,0.0%,762
713026007,Plain X-ray of humerus (procedure),Humana,Commercial,"$234,692","$234,692",$0,0.0%,457
896006,(no description on file),Cigna Health,Commercial,"$35,690","$35,690",$0,0.0%,129
252480006,Simple walk test (procedure),Anthem,Commercial,"$29,775","$29,775",$0,0.0%,64
23933004,Excision of lingual frenum (procedure),UnitedHealthcare,Commercial,"$29,076","$29,076",$0,0.0%,58
443497002,Excision of sentinel lymph node (procedure),Medicaid,Government,"$1,197,637","$1,197,637",$0,0.0%,110
106258,(no description on file),NO_INSURANCE,Self-Pay / Uninsured,"$52,369","$52,369",$0,0.0%,289
857005,(no description on file),NO_INSURANCE,Self-Pay / Uninsured,"$20,328","$20,328",$0,0.0%,887
709010006,Liaising with referral source (procedure),Anthem,Commercial,"$39,935","$39,935",$0,0.0%,85
122460008,Reexploration procedure (procedure),Humana,Commercial,"$14,846","$14,846",$0,0.0%,29
302497006,Hemodialysis (procedure),Anthem,Commercial,"$12,792,587","$12,792,587",$0,0.0%,70
433114000,Human epidermal growth factor receptor 2 gene detection by immunohistochemistry (procedure),UnitedHealthcare,Commercial,"$36,301","$36,301",$0,0.0%,152
65575008,Biopsy of prostate,UnitedHealthcare,Commercial,"$247,053","$247,053",$0,0.0%,96
1116758,(no description on file),UnitedHealthcare,Commercial,"$7,588","$7,588",$0,0.0%,40
241055006,Mammogram - symptomatic (procedure),Dual Eligible,Government,"$17,676","$17,676",$0,0.0%,160
866427,(no description on file),Humana,Commercial,"$16,464","$16,464",$0,0.0%,65
225297008,Care planning and problem solving actions (procedure),Dual Eligible,Government,"$17,229","$17,229",$0,0.0%,39
2119714,(no description on file),UnitedHealthcare,Commercial,"$17,032","$17,032",$0,0.0%,17
86013001,Periodic reevaluation and management of healthy individual (procedure),Cigna Health,Commercial,"$19,946","$19,946",$0,0.0%,171
371361000119107,Comprehensive metabolic panel (procedure),Blue Cross Blue Shield,Commercial,"$37,776","$37,776",$0,0.0%,76
473220001,Hematologic disorder medication review (procedure),Anthem,Commercial,"$75,436","$75,436",$0,0.0%,15
904475,(no description on file),Cigna Health,Commercial,"$7,463","$7,463",$0,0.0%,28
856457,(no description on file),Aetna,Commercial,"$3,764","$3,764",$0,0.0%,14
200349,(no description on file),Anthem,Commercial,"$7,360","$7,360",$0,0.0%,27
3457005,Patient referral (procedure),Cigna Health,Commercial,"$23,009","$23,009",$0,0.0%,47
313613002,Hepatitis A antibody test (procedure),NO_INSURANCE,Self-Pay / Uninsured,"$12,225","$12,225",$0,0.0%,28
709640007,Doppler ultrasonography of renal vein (procedure),Cigna Health,Commercial,$816,$816,$0,0.0%,2
74857009,Hospital admission  short-term  24 hours,Humana,Commercial,"$6,022","$6,022",$0,0.0%,3
238100,(no description on file),Dual Eligible,Government,$60,$60,$0,0.0%,77
40617009,Artificial respiration (procedure),UnitedHealthcare,Commercial,"$15,128","$15,128",$0,0.0%,27
349251,(no description on file),Humana,Commercial,"$2,293","$2,293",$0,0.0%,9
108219001,Physician visit with evaluation AND/OR management service (procedure),Cigna Health,Commercial,"$1,795","$1,795",$0,0.0%,15
200064,(no description on file),Humana,Commercial,"$9,521","$9,521",$0,0.0%,23
200031,(no description on file),UnitedHealthcare,Commercial,"$2,868","$2,868",$0,0.0%,11
746804,(no description on file),Blue Cross Blue Shield,Commercial,"$2,969","$2,969",$0,0.0%,15
473220001,Hematologic disorder medication review (procedure),Cigna Health,Commercial,"$21,454","$21,454",$0,0.0%,8
751616,(no description on file),Blue Cross Blue Shield,Commercial,"$1,260","$1,260",$0,0.0%,5
313572,(no description on file),Humana,Commercial,$75,$75,$0,0.0%,2
833135,(no description on file),Cigna Health,Commercial,$998,$998,$0,0.0%,4
856448,(no description on file),NO_INSURANCE,Self-Pay / Uninsured,"$1,315","$1,315",$0,0.0%,5
896762,(no description on file),UnitedHealthcare,Commercial,"$1,374","$1,374",$0,0.0%,6
387607004,Construction of diverting colostomy,Anthem,Commercial,"$125,379","$125,379",$0,0.0%,5
717778001,Mouth care (regime/therapy),Blue Cross Blue Shield,Commercial,"$3,510","$3,510",$0,0.0%,7
200095,(no description on file),Medicaid,Government,"$1,021","$1,021",$0,0.0%,5
304531008,Treatment side effects education (procedure),Humana,Commercial,"$1,869","$1,869",$0,0.0%,4
1656346,(no description on file),Humana,Commercial,$536,$536,$0,0.0%,2
363215001,Musculoskeletal system physical examination (procedure),Aetna,Commercial,"$1,478","$1,478",$0,0.0%,3
305411003,Admission to thoracic surgery department,Blue Cross Blue Shield,Commercial,$237,$237,$0,0.0%,2
858817,(no description on file),Blue Cross Blue Shield,Commercial,$794,$794,$0,0.0%,3
1658084,(no description on file),Medicaid,Government,"$2,707","$2,707",$0,0.0%,1
234817001,Insertion of oral appliance for the handicapped (procedure),Aetna,Commercial,$496,$496,$0,0.0%,1
47227006,Excision of submandibular gland (procedure),Medicaid,Government,$408,$408,$0,0.0%,1
60151004,Neonatal Screening,Cigna Health,Commercial,$468,$468,$0,0.0%,1
261962,(no description on file),Humana,Commercial,$283,$283,$0,0.0%,1
864706,(no description on file),Cigna Health,Commercial,$209,$209,$0,0.0%,1
212390,(no description on file),NO_INSURANCE,Self-Pay / Uninsured,$283,$283,$0,0.0%,1
274788003,Examination of gingivae (procedure),Medicaid,Government,"$355,371,655","$355,371,655",$0,0.0%,"771,341"
274804006,Evaluation of uterine fundal height,Humana,Commercial,"$1,094,613,390","$1,094,613,390",$0,0.0%,"210,947"
206905,(no description on file),UnitedHealthcare,Commercial,"$4,537,294","$4,537,294",$0,0.0%,"17,606"
439740005,Postoperative follow-up visit (procedure),Medicare,Government,"$12,829,678","$12,829,678",$0,0.0%,"107,885"
62,(no description on file),UnitedHealthcare,Commercial,"$2,314,720","$2,314,720",$0,0.0%,"17,020"
710824005,Assessment of health and social care needs (procedure),Anthem,Commercial,"$206,302,548","$206,302,548",$0,0.0%,"424,099"
313782,(no description on file),UnitedHealthcare,Commercial,"$3,372,144","$3,372,144",$0,0.0%,"17,697"
183519002,Referral to cardiology service (procedure),Medicare,Government,"$13,148,070","$13,148,070",$0,0.0%,"26,874"
1259293006,Application of composite dental filling material to dentin of tooth following fracture of tooth (procedure),Medicaid,Government,"$35,621,843","$35,621,843",$0,0.0%,"77,291"
308192,(no description on file),Blue Cross Blue Shield,Commercial,"$827,512","$827,512",$0,0.0%,"4,733"
274788003,Examination of gingivae (procedure),Humana,Commercial,"$148,079,224","$148,079,224",$0,0.0%,"293,763"
314076,(no description on file),UnitedHealthcare,Commercial,"$185,248","$185,248",$0,0.0%,"101,665"
449411000124106,Admission to skilled nursing facility (procedure),Medicare,Government,"$2,593,265","$2,593,265",$0,0.0%,"20,669"
866412,(no description on file),Medicare,Government,"$4,223,427","$4,223,427",$0,0.0%,"16,361"
1043400,(no description on file),Dual Eligible,Government,"$797,466","$797,466",$0,0.0%,"4,177"
410401003,Nursing care/supplementary surveillance (regime/therapy),Cigna Health,Commercial,"$50,769,148","$50,769,148",$0,0.0%,"5,490"
5880005,Physical examination procedure (procedure),Anthem,Commercial,"$17,644,713","$17,644,713",$0,0.0%,"36,204"
35025007,Manual pelvic examination (procedure),Medicare,Government,"$3,983,319","$3,983,319",$0,0.0%,"27,431"
394701000,Asthma follow-up,Blue Cross Blue Shield,Commercial,"$1,101,206","$1,101,206",$0,0.0%,"9,173"
68254000,Removal of intrauterine device,NO_INSURANCE,Self-Pay / Uninsured,"$20,248,178","$20,248,178",$0,0.0%,"2,439"
270427003,Patient-initiated encounter,NO_INSURANCE,Self-Pay / Uninsured,"$311,852","$311,852",$0,0.0%,"4,396"
409023009,Professional / ancillary services care (regime/therapy),Medicaid,Government,"$37,019,730","$37,019,730",$0,0.0%,"14,563"
169690007,Rubella screening,Aetna,Commercial,"$22,074,932","$22,074,932",$0,0.0%,"11,947"
52,(no description on file),Cigna Health,Commercial,"$2,201,840","$2,201,840",$0,0.0%,"16,190"
162676008,Brief general examination (procedure),Humana,Commercial,"$1,160,937","$1,160,937",$0,0.0%,"8,254"
169230002,Ultrasound scan for fetal viability,Blue Cross Blue Shield,Commercial,"$177,994,354","$177,994,354",$0,0.0%,"19,304"
233553003,Vascular cannula removal (procedure),Medicaid,Government,"$875,414","$875,414",$0,0.0%,"1,922"
10,(no description on file),UnitedHealthcare,Commercial,"$3,203,888","$3,203,888",$0,0.0%,"23,558"
854252,(no description on file),Humana,Commercial,"$125,843","$125,843",$0,0.0%,"7,436"
306316000,Referral to transplant surgeon (procedure),Medicare,Government,"$3,950,945","$3,950,945",$0,0.0%,"8,062"
162676008,Brief general examination (procedure),Cigna Health,Commercial,"$900,694","$900,694",$0,0.0%,"6,633"
359672006,Median sternotomy (procedure),Medicare,Government,"$3,316,777","$3,316,777",$0,0.0%,"6,765"
51116004,Passive immunization (procedure),UnitedHealthcare,Commercial,"$11,275,132","$11,275,132",$0,0.0%,"4,543"
108515,(no description on file),NO_INSURANCE,Self-Pay / Uninsured,"$3,558,483","$3,558,483",$0,0.0%,"14,110"
309362,(no description on file),Medicaid,Government,"$5,193,191","$5,193,191",$0,0.0%,"7,415"
385798007,Radiation therapy care (regime/therapy),Blue Cross Blue Shield,Commercial,"$423,954","$423,954",$0,0.0%,847
228557008,Cognitive and behavioral therapy (regime/therapy),Dual Eligible,Government,"$18,815,279","$18,815,279",$0,0.0%,"1,872"
306316000,Referral to transplant surgeon (procedure),NO_INSURANCE,Self-Pay / Uninsured,"$649,861","$649,861",$0,0.0%,"1,348"
234745004,Take oral or dental impression (procedure),UnitedHealthcare,Commercial,"$1,793,419","$1,793,419",$0,0.0%,"3,549"
162676008,Brief general examination (procedure),Medicaid,Government,"$2,280,598","$2,280,598",$0,0.0%,"17,506"
386394001,Pregnancy termination care,UnitedHealthcare,Commercial,"$2,545,210","$2,545,210",$0,0.0%,"3,621"
752899,(no description on file),Medicare,Government,"$1,076,310","$1,076,310",$0,0.0%,"1,691"
197604,(no description on file),Medicaid,Government,"$7,345,431","$7,345,431",$0,0.0%,"6,258"
399208008,Plain chest X-ray (procedure),Humana,Commercial,"$78,767,308","$78,767,308",$0,0.0%,"7,840"
616830,(no description on file),Humana,Commercial,"$931,915","$931,915",$0,0.0%,"3,584"
763228001,Assessment using Canadian Study of Health and Aging Clinical Frailty Scale (procedure),Medicare,Government,"$571,086","$571,086",$0,0.0%,"1,162"
229095001,Exercise class,UnitedHealthcare,Commercial,"$955,175","$955,175",$0,0.0%,"1,908"
212,(no description on file),Medicare,Government,"$1,061,480","$1,061,480",$0,0.0%,"7,805"
1534809,(no description on file),Anthem,Commercial,"$1,256,968","$1,256,968",$0,0.0%,"1,394"
433236007,Transthoracic echocardiography (procedure),UnitedHealthcare,Commercial,"$551,447","$551,447",$0,0.0%,"1,100"
1659149,(no description on file),Cigna Health,Commercial,"$8,509","$8,509",$0,0.0%,947
408919008,Psychosocial care (regime/therapy),Blue Cross Blue Shield,Commercial,"$110,158","$110,158",$0,0.0%,217
1664463,(no description on file),Humana,Commercial,"$3,379,717","$3,379,717",$0,0.0%,"13,406"
28163009,Skin test for tuberculosis  Tine test (procedure),Medicare,Government,"$21,358,008","$21,358,008",$0,0.0%,"11,029"
1807513,(no description on file),Medicaid,Government,"$13,383","$13,383",$0,0.0%,"2,335"
714812005,Induced termination of pregnancy,Cigna Health,Commercial,"$44,164,294","$44,164,294",$0,0.0%,"5,101"
180178009,Continuous subcutaneous infusion of insulin (procedure),Medicare,Government,"$711,081","$711,081",$0,0.0%,"1,450"
268533009,Sterilization education (procedure),UnitedHealthcare,Commercial,"$450,405","$450,405",$0,0.0%,886
110467000,Pre-surgery testing (procedure),Medicaid,Government,"$1,552,003","$1,552,003",$0,0.0%,"3,416"
310325,(no description on file),UnitedHealthcare,Commercial,$116,$116,$0,0.0%,391
24832002,Closed reduction of mandibular fracture (procedure),Medicaid,Government,"$222,868","$222,868",$0,0.0%,486
312961,(no description on file),Cigna Health,Commercial,"$852,657","$852,657",$0,0.0%,"2,814"
386395000,Preoperative coordination (regime/therapy),Medicare,Government,"$105,916","$105,916",$0,0.0%,901
698560000,Referral to sleep apnea clinic (procedure),NO_INSURANCE,Self-Pay / Uninsured,"$425,455","$425,455",$0,0.0%,868
410538000,Scheduling (procedure),Anthem,Commercial,"$548,512","$548,512",$0,0.0%,"1,130"
15220000,Laboratory test (procedure),Dual Eligible,Government,"$870,174","$870,174",$0,0.0%,"1,925"
410299006,Lab findings education  guidance  and counseling (procedure),Humana,Commercial,"$123,333","$123,333",$0,0.0%,248
1648756,(no description on file),Blue Cross Blue Shield,Commercial,"$23,613","$23,613",$0,0.0%,92
76746007,Cardiovascular stress testing (procedure),Dual Eligible,Government,"$199,058","$199,058",$0,0.0%,443
305432006,Admission to surgical transplant department (procedure),Aetna,Commercial,"$96,344","$96,344",$0,0.0%,800
226719,(no description on file),Aetna,Commercial,"$210,478","$210,478",$0,0.0%,823
42825003,Cannulation (procedure),UnitedHealthcare,Commercial,"$202,547","$202,547",$0,0.0%,404
866427,(no description on file),Medicaid,Government,"$34,105","$34,105",$0,0.0%,155
865098,(no description on file),Aetna,Commercial,"$289,411","$289,411",$0,0.0%,293
709506004,Assessment of readiness for disclosure of health status (procedure),Medicaid,Government,"$60,446","$60,446",$0,0.0%,130
392021009,Lumpectomy of breast (procedure),Aetna,Commercial,"$5,038,654","$5,038,654",$0,0.0%,159
1734919,(no description on file),Medicaid,Government,"$144,407","$144,407",$0,0.0%,359
104308009,Serologic test for Toxoplasma gondii (procedure),Medicaid,Government,"$60,446","$60,446",$0,0.0%,130
349251,(no description on file),Dual Eligible,Government,"$5,995","$5,995",$0,0.0%,22
1014676,(no description on file),Dual Eligible,Government,"$26,761","$26,761",$0,0.0%,50
8290005,Induced cardioplegia (procedure),Anthem,Commercial,"$317,380","$317,380",$0,0.0%,652
434363004,Human epidermal growth factor receptor 2 gene detection by fluorescence in situ hybridization (procedure),Aetna,Commercial,"$557,562","$557,562",$0,0.0%,306
1808217,(no description on file),Anthem,Commercial,$317,$317,$0,0.0%,"1,157"
831533,(no description on file),Dual Eligible,Government,"$838,027","$838,027",$0,0.0%,"1,017"
198211,(no description on file),Anthem,Commercial,"$10,941","$10,941",$0,0.0%,40
180178009,Continuous subcutaneous infusion of insulin (procedure),UnitedHealthcare,Commercial,"$67,789","$67,789",$0,0.0%,139
305340004,Admission to long stay hospital,Anthem,Commercial,"$32,346","$32,346",$0,0.0%,66
1856546,(no description on file),Dual Eligible,Government,"$9,756","$9,756",$0,0.0%,479
65575008,Biopsy of prostate,Humana,Commercial,"$418,196","$418,196",$0,0.0%,161
428830000,Pretransplant evaluation of kidney recipient (procedure),Blue Cross Blue Shield,Commercial,"$268,422","$268,422",$0,0.0%,537
1804799,(no description on file),Aetna,Commercial,"$24,753,654","$24,753,654",$0,0.0%,134
762998009,Assessment using New York Heart Association Classification (procedure),Blue Cross Blue Shield,Commercial,"$125,962","$125,962",$0,0.0%,250
1747691,(no description on file),NO_INSURANCE,Self-Pay / Uninsured,"$44,261","$44,261",$0,0.0%,166
1361226,(no description on file),NO_INSURANCE,Self-Pay / Uninsured,"$16,760","$16,760",$0,0.0%,64
748856,(no description on file),Dual Eligible,Government,"$792,122","$792,122",$0,0.0%,967
313077009,Human immunodeficiency virus counseling (procedure),NO_INSURANCE,Self-Pay / Uninsured,"$21,234","$21,234",$0,0.0%,44
1732136,(no description on file),Dual Eligible,Government,$180,$180,$0,0.0%,136
243150007,Assist control ventilation (regime/therapy),UnitedHealthcare,Commercial,"$117,186","$117,186",$0,0.0%,33
79094001,Initial Psychiatric Interview with mental status evaluation,Anthem,Commercial,"$5,667","$5,667",$0,0.0%,49
979471,(no description on file),Medicaid,Government,"$5,586","$5,586",$0,0.0%,25
1656356,(no description on file),Medicaid,Government,"$70,815","$70,815",$0,0.0%,324
313077009,Human immunodeficiency virus counseling (procedure),Dual Eligible,Government,"$15,957","$15,957",$0,0.0%,36
858810,(no description on file),Medicare,Government,"$11,407","$11,407",$0,0.0%,43
387685009,Surgical manipulation of shoulder joint,Medicare,Government,"$2,528,120","$2,528,120",$0,0.0%,159
856457,(no description on file),Medicare,Government,"$9,497","$9,497",$0,0.0%,36
367494004,Premature birth of newborn (finding),Aetna,Commercial,"$94,566","$94,566",$0,0.0%,187
225337009,Suicide risk assessment (procedure),Dual Eligible,Government,$434,$434,$0,0.0%,47
58828004,Application of dressing  sterile (procedure),Anthem,Commercial,"$34,979","$34,979",$0,0.0%,74
197905,(no description on file),Dual Eligible,Government,"$11,081","$11,081",$0,0.0%,49
198240,(no description on file),Aetna,Commercial,"$81,375","$81,375",$0,0.0%,108
313002,(no description on file),Blue Cross Blue Shield,Commercial,$83,$83,$0,0.0%,48
2119714,(no description on file),Cigna Health,Commercial,"$38,512","$38,512",$0,0.0%,38
167252002,Urine pregnancy test (procedure),Medicare,Government,"$19,982","$19,982",$0,0.0%,44
1665021,(no description on file),Anthem,Commercial,"$6,613","$6,613",$0,0.0%,24
859424,(no description on file),Humana,Commercial,"$2,851","$2,851",$0,0.0%,12
200032,(no description on file),Blue Cross Blue Shield,Commercial,"$1,866","$1,866",$0,0.0%,6
113120007,Interstitial brachytherapy (procedure),Anthem,Commercial,"$112,877","$112,877",$0,0.0%,6
310436,(no description on file),Blue Cross Blue Shield,Commercial,"$3,324","$3,324",$0,0.0%,64
763138,(no description on file),Blue Cross Blue Shield,Commercial,"$1,434","$1,434",$0,0.0%,6
103746007,Heparin therapy (procedure),Humana,Commercial,"$19,871","$19,871",$0,0.0%,34
261962,(no description on file),Dual Eligible,Government,$919,$919,$0,0.0%,4
801095,(no description on file),Dual Eligible,Government,"$1,254","$1,254",$0,0.0%,6
446573003,Continuous positive airway pressure titration (procedure),NO_INSURANCE,Self-Pay / Uninsured,"$22,454","$22,454",$0,0.0%,46
113076002,Oral Glucose Tolerance Test,NO_INSURANCE,Self-Pay / Uninsured,"$1,380","$1,380",$0,0.0%,7
112001000119100,positive screening for depression on phq9,UnitedHealthcare,Commercial,"$12,445","$12,445",$0,0.0%,24
859747,(no description on file),Aetna,Commercial,"$4,819","$4,819",$0,0.0%,19
225337009,Suicide risk assessment (procedure),NO_INSURANCE,Self-Pay / Uninsured,$437,$437,$0,0.0%,47
241834,(no description on file),Humana,Commercial,"$1,454","$1,454",$0,0.0%,19
636045,(no description on file),Dual Eligible,Government,"$1,578","$1,578",$0,0.0%,7
313212,(no description on file),Aetna,Commercial,"$1,524","$1,524",$0,0.0%,7
303653007,Computed tomography of head (procedure),Anthem,Commercial,"$4,491","$4,491",$0,0.0%,9
199885,(no description on file),Blue Cross Blue Shield,Commercial,"$1,082","$1,082",$0,0.0%,4
896762,(no description on file),Blue Cross Blue Shield,Commercial,"$1,216","$1,216",$0,0.0%,5
979464,(no description on file),Cigna Health,Commercial,"$1,513","$1,513",$0,0.0%,6
898367,(no description on file),Cigna Health,Commercial,$584,$584,$0,0.0%,2
200285,(no description on file),Dual Eligible,Government,$768,$768,$0,0.0%,4
268400002,12 lead electrocardiogram (procedure),Blue Cross Blue Shield,Commercial,"$4,706","$4,706",$0,0.0%,6
856535,(no description on file),Blue Cross Blue Shield,Commercial,"$1,648","$1,648",$0,0.0%,6
197558,(no description on file),Blue Cross Blue Shield,Commercial,$440,$440,$0,0.0%,2
60151004,Neonatal Screening,Blue Cross Blue Shield,Commercial,"$1,408","$1,408",$0,0.0%,3
200284,(no description on file),Anthem,Commercial,$558,$558,$0,0.0%,2
751616,(no description on file),Anthem,Commercial,"$2,047","$2,047",$0,0.0%,7
86964003,Sweat Test,UnitedHealthcare,Commercial,$799,$799,$0,0.0%,2
1940648,(no description on file),Medicaid,Government,$367,$367,$0,0.0%,5
180030006,Amputation of right foot,Aetna,Commercial,"$92,802","$92,802",$0,0.0%,4
746466,(no description on file),UnitedHealthcare,Commercial,$308,$308,$0,0.0%,1
858813,(no description on file),NO_INSURANCE,Self-Pay / Uninsured,$209,$209,$0,0.0%,1
200285,(no description on file),UnitedHealthcare,Commercial,$492,$492,$0,0.0%,2
979464,(no description on file),Humana,Commercial,$283,$283,$0,0.0%,1
363215001,Musculoskeletal system physical examination (procedure),Cigna Health,Commercial,$408,$408,$0,0.0%,1
856481,(no description on file),Cigna Health,Commercial,$551,$551,$0,0.0%,2
185349003,Encounter for check up (procedure),Anthem,Commercial,"$27,143,560","$27,143,560",$0,0.0%,"387,849"
314231,(no description on file),Dual Eligible,Government,"$45,494","$45,494",$0,0.0%,"70,803"
169230002,Ultrasound scan for fetal viability,UnitedHealthcare,Commercial,"$164,548,047","$164,548,047",$0,0.0%,"17,802"
630208,(no description on file),Dual Eligible,Government,"$6,432,819","$6,432,819",$0,0.0%,"27,992"
169230002,Ultrasound scan for fetal viability,Aetna,Commercial,"$228,300,471","$228,300,471",$0,0.0%,"25,768"
440546007,Discussion about pregnancy (procedure),Medicaid,Government,"$3,457,154","$3,457,154",$0,0.0%,"7,431"
274804006,Evaluation of uterine fundal height,Medicaid,Government,"$2,578,315,456","$2,578,315,456",$0,0.0%,"536,199"
424441002,Prenatal initial visit,Aetna,Commercial,"$3,025,892","$3,025,892",$0,0.0%,"25,768"
51116004,Passive immunization (procedure),NO_INSURANCE,Self-Pay / Uninsured,"$13,911,601","$13,911,601",$0,0.0%,"5,693"
423475008,Heart failure education (procedure),Dual Eligible,Government,"$870,294","$870,294",$0,0.0%,"1,916"
182813001,Emergency treatment (procedure),Cigna Health,Commercial,"$667,597","$667,597",$0,0.0%,"5,673"
24623002,Screening mammography (procedure),Medicare,Government,"$71,931","$71,931",$0,0.0%,611
46706006,Replacement of contraceptive intrauterine device,Medicare,Government,"$44,007,076","$44,007,076",$0,0.0%,"5,126"
288086009,Suture open wound,Blue Cross Blue Shield,Commercial,"$48,750,162","$48,750,162",$0,0.0%,"5,348"
10,(no description on file),Cigna Health,Commercial,"$2,705,040","$2,705,040",$0,0.0%,"19,890"
763302001,Assessment using Alcohol Use Disorders Identification Test - Consumption (procedure),Cigna Health,Commercial,"$7,988","$7,988",$0,0.0%,"130,708"
309309,(no description on file),Dual Eligible,Government,"$395,346","$395,346",$0,0.0%,"1,731"
245134,(no description on file),Dual Eligible,Government,"$8,594,397","$8,594,397",$0,0.0%,"37,823"
1665060,(no description on file),Cigna Health,Commercial,"$322,234","$322,234",$0,0.0%,"1,257"
312961,(no description on file),Anthem,Commercial,"$815,928","$815,928",$0,0.0%,"2,552"
117010004,Urine culture,UnitedHealthcare,Commercial,"$23,357,160","$23,357,160",$0,0.0%,"11,848"
197454,(no description on file),Medicaid,Government,"$975,133","$975,133",$0,0.0%,"4,200"
849574,(no description on file),Medicaid,Government,"$5,002,514","$5,002,514",$0,0.0%,"23,604"
428211000124100,Assessment of substance use (procedure),NO_INSURANCE,Self-Pay / Uninsured,"$1,241,962","$1,241,962",$0,0.0%,"245,306"
1043400,(no description on file),Medicaid,Government,"$3,701,495","$3,701,495",$0,0.0%,"19,136"
40701008,Echocardiography (procedure),Medicare,Government,"$22,995,397","$22,995,397",$0,0.0%,"25,006"
449381000124108,Discharge from skilled nursing facility (procedure),Cigna Health,Commercial,"$1,825,985","$1,825,985",$0,0.0%,"3,859"
52,(no description on file),Medicaid,Government,"$4,968,216","$4,968,216",$0,0.0%,"36,531"
443529005,Detection of chromosomal aneuploidy in prenatal amniotic fluid specimen using fluorescence in situ hybridization screening technique (procedure),Humana,Commercial,"$47,710,557","$47,710,557",$0,0.0%,"24,135"
834102,(no description on file),NO_INSURANCE,Self-Pay / Uninsured,"$558,212","$558,212",$0,0.0%,"2,670"
367336001,Chemotherapy (procedure),Dual Eligible,Government,"$1,120,972","$1,120,972",$0,0.0%,"2,417"
310861008,Chlamydia antigen test,UnitedHealthcare,Commercial,"$23,364,371","$23,364,371",$0,0.0%,"11,848"
1256042007,Restoration of tooth with coverage of all cusps using dental filling material (procedure),Humana,Commercial,"$14,873,010","$14,873,010",$0,0.0%,"29,513"
1719286,(no description on file),NO_INSURANCE,Self-Pay / Uninsured,$401,$401,$0,0.0%,"3,742"
979485,(no description on file),Medicaid,Government,"$50,101","$50,101",$0,0.0%,"10,767"
65200003,Insertion of intrauterine contraceptive device,Aetna,Commercial,"$71,332,401","$71,332,401",$0,0.0%,"8,188"
616830,(no description on file),Aetna,Commercial,"$878,875","$878,875",$0,0.0%,"3,382"
118001005,Streptococcus pneumoniae group B antigen assay,UnitedHealthcare,Commercial,"$20,791,959","$20,791,959",$0,0.0%,"10,572"
288086009,Suture open wound,UnitedHealthcare,Commercial,"$43,210,221","$43,210,221",$0,0.0%,"4,832"
183478001,Emergency hospital admission for asthma,Humana,Commercial,"$366,610","$366,610",$0,0.0%,"2,808"
165197003,Diagnostic assessment (procedure),Aetna,Commercial,"$281,269","$281,269",$0,0.0%,592
46706006,Replacement of contraceptive intrauterine device,UnitedHealthcare,Commercial,"$15,400,945","$15,400,945",$0,0.0%,"1,746"
281789004,Antibiotic therapy (procedure),Cigna Health,Commercial,"$3,319,538","$3,319,538",$0,0.0%,"6,804"
14768001,Peripheral blood smear interpretation,Medicare,Government,"$3,093,477","$3,093,477",$0,0.0%,"6,267"
42825003,Cannulation (procedure),Dual Eligible,Government,"$649,320","$649,320",$0,0.0%,"1,442"
1860491,(no description on file),Cigna Health,Commercial,"$4,284,386","$4,284,386",$0,0.0%,"16,304"
748962,(no description on file),Dual Eligible,Government,"$800,776","$800,776",$0,0.0%,997
223495004,Preparation of patient for procedure (regime/therapy),Aetna,Commercial,"$569,300","$569,300",$0,0.0%,"1,186"
236931002,Methotrexate injection into tubal pregnancy,Blue Cross Blue Shield,Commercial,"$350,598","$350,598",$0,0.0%,149
168594001,Clavicle X-ray,NO_INSURANCE,Self-Pay / Uninsured,"$536,012","$536,012",$0,0.0%,"1,105"
736169004,Post anesthesia care management (procedure),NO_INSURANCE,Self-Pay / Uninsured,"$1,086,401","$1,086,401",$0,0.0%,"2,232"
1998774,(no description on file),Dual Eligible,Government,"$362,048","$362,048",$0,0.0%,"1,617"
978950,(no description on file),Dual Eligible,Government,"$755,649","$755,649",$0,0.0%,929
709138001,Notification of treatment plan (procedure),NO_INSURANCE,Self-Pay / Uninsured,"$515,045","$515,045",$0,0.0%,"1,060"
269828009,Syphilis infectious titer test (procedure),Anthem,Commercial,"$31,954,495","$31,954,495",$0,0.0%,"16,835"
399208008,Plain chest X-ray (procedure),Blue Cross Blue Shield,Commercial,"$45,539,493","$45,539,493",$0,0.0%,"4,568"
287664005,Bilateral tubal ligation,Humana,Commercial,"$14,171,644","$14,171,644",$0,0.0%,"1,941"
31676001,Human immunodeficiency virus antigen test,Dual Eligible,Government,"$6,817,150","$6,817,150",$0,0.0%,"3,811"
861467,(no description on file),Aetna,Commercial,"$137,837","$137,837",$0,0.0%,"1,332"
709010006,Liaising with referral source (procedure),Dual Eligible,Government,"$210,662","$210,662",$0,0.0%,464
183444007,Referral for further care (procedure),Medicaid,Government,"$883,065","$883,065",$0,0.0%,"1,899"
390791001,Referral for echocardiography (procedure),Humana,Commercial,"$721,905","$721,905",$0,0.0%,"1,425"
183856001,Referral to hypertension clinic,Humana,Commercial,"$243,671","$243,671",$0,0.0%,483
305336008,Admission to hospice (procedure),UnitedHealthcare,Commercial,"$35,318","$35,318",$0,0.0%,274
1796676,(no description on file),Anthem,Commercial,"$282,466","$282,466",$0,0.0%,"1,075"
52765003,Intubation,Humana,Commercial,"$557,360","$557,360",$0,0.0%,"1,392"
9564003,Complete blood count with white cell differential  automated (procedure),Aetna,Commercial,"$873,950","$873,950",$0,0.0%,"1,780"
212033,(no description on file),NO_INSURANCE,Self-Pay / Uninsured,"$133,114","$133,114",$0,0.0%,511
105376000,Transesophageal echocardiography (procedure),Medicare,Government,"$221,746","$221,746",$0,0.0%,452
312853008,Medical records review (procedure),Medicaid,Government,"$112,653","$112,653",$0,0.0%,246
80146002,Appendectomy,UnitedHealthcare,Commercial,"$4,355,323","$4,355,323",$0,0.0%,363
74016001,Knee X-ray,NO_INSURANCE,Self-Pay / Uninsured,"$317,490","$317,490",$0,0.0%,671
433114000,Human epidermal growth factor receptor 2 gene detection by immunohistochemistry (procedure),Humana,Commercial,"$79,723","$79,723",$0,0.0%,325
762998009,Assessment using New York Heart Association Classification (procedure),Cigna Health,Commercial,"$190,619","$190,619",$0,0.0%,396
16335031000119103,High resolution computed tomography of chest without contrast (procedure),Aetna,Commercial,"$413,919","$413,919",$0,0.0%,475
1547672,(no description on file),Humana,Commercial,"$29,743","$29,743",$0,0.0%,92
25656009,Physical examination  complete (procedure),UnitedHealthcare,Commercial,"$110,415","$110,415",$0,0.0%,224
26604007,Complete blood count (procedure),Aetna,Commercial,"$209,278","$209,278",$0,0.0%,432
979492,(no description on file),Humana,Commercial,"$66,088","$66,088",$0,0.0%,254
183450002,Admission to burn unit,Blue Cross Blue Shield,Commercial,"$34,239","$34,239",$0,0.0%,69
856980,(no description on file),Medicaid,Government,$360,$360,$0,0.0%,29
1361226,(no description on file),UnitedHealthcare,Commercial,"$9,488","$9,488",$0,0.0%,39
636045,(no description on file),Medicaid,Government,"$3,441","$3,441",$0,0.0%,16
1721613,(no description on file),Medicare,Government,"$42,406","$42,406",$0,0.0%,149
33633005,Prescription of drug (procedure),NO_INSURANCE,Self-Pay / Uninsured,"$19,273","$19,273",$0,0.0%,38
410011004,Administration of anesthesia AND/OR sedation (procedure),Medicare,Government,"$379,371","$379,371",$0,0.0%,767
1014678,(no description on file),Cigna Health,Commercial,"$48,288","$48,288",$0,0.0%,81
392091000,Care regimes assessment (procedure),Anthem,Commercial,"$439,208","$439,208",$0,0.0%,770
234262008,Excision of axillary lymph node (procedure),Dual Eligible,Government,"$117,483","$117,483",$0,0.0%,101
1809104,(no description on file),Medicaid,Government,"$3,131","$3,131",$0,0.0%,690
312681000,Bone density scan (procedure),UnitedHealthcare,Commercial,"$7,276,433","$7,276,433",$0,0.0%,819
408919008,Psychosocial care (regime/therapy),NO_INSURANCE,Self-Pay / Uninsured,"$146,492","$146,492",$0,0.0%,291
999998,(no description on file),Aetna,Commercial,"$7,007","$7,007",$0,0.0%,26
999999,(no description on file),Dual Eligible,Government,"$25,673","$25,673",$0,0.0%,111
312384001,Multidisciplinary assessment (procedure),Humana,Commercial,"$36,954","$36,954",$0,0.0%,73
365853002,Imaging finding (finding),Anthem,Commercial,"$8,969","$8,969",$0,0.0%,17
562366,(no description on file),Humana,Commercial,$68,$68,$0,0.0%,207
183976008,Operative procedure planned (situation),Aetna,Commercial,"$37,480","$37,480",$0,0.0%,79
1946840,(no description on file),Medicaid,Government,"$15,759","$15,759",$0,0.0%,76
433112001,Percutaneous mechanical thrombectomy of portal vein using fluoroscopic guidance with contrast (procedure),Blue Cross Blue Shield,Commercial,"$1,578,879","$1,578,879",$0,0.0%,73
866436,(no description on file),Dual Eligible,Government,"$41,026","$41,026",$0,0.0%,182
223484005,Discussion about treatment (procedure),NO_INSURANCE,Self-Pay / Uninsured,"$32,191","$32,191",$0,0.0%,292
266753000,Referral for laboratory tests (procedure),Medicare,Government,"$67,992","$67,992",$0,0.0%,136
1287742003,Radiotherapy (procedure),Cigna Health,Commercial,"$105,317","$105,317",$0,0.0%,196
387685009,Surgical manipulation of shoulder joint,Humana,Commercial,"$1,470,368","$1,470,368",$0,0.0%,87
2003249,(no description on file),Humana,Commercial,"$81,852","$81,852",$0,0.0%,322
418891003,Computed tomography of chest and abdomen,Aetna,Commercial,"$841,877","$841,877",$0,0.0%,102
313613002,Hepatitis A antibody test (procedure),Dual Eligible,Government,"$16,797","$16,797",$0,0.0%,38
113120007,Interstitial brachytherapy (procedure),Medicaid,Government,"$356,146","$356,146",$0,0.0%,21
200619008,Comprehensive interview and evaluation (procedure),Aetna,Commercial,"$3,875","$3,875",$0,0.0%,8
443497002,Excision of sentinel lymph node (procedure),NO_INSURANCE,Self-Pay / Uninsured,"$557,693","$557,693",$0,0.0%,48
711069006,Coordination of care plan (procedure),Cigna Health,Commercial,"$67,413","$67,413",$0,0.0%,138
32413006,Transplantation of heart (procedure),Medicare,Government,"$8,153","$8,153",$0,0.0%,17
200031,(no description on file),Aetna,Commercial,"$5,616","$5,616",$0,0.0%,21
1014678,(no description on file),NO_INSURANCE,Self-Pay / Uninsured,"$27,157","$27,157",$0,0.0%,48
709979004,Doppler ultrasonography of artery (procedure),Humana,Commercial,"$5,855","$5,855",$0,0.0%,11
171128005,Venereal disease screening (procedure),Cigna Health,Commercial,"$23,903","$23,903",$0,0.0%,49
4525004,Emergency department patient visit (procedure),NO_INSURANCE,Self-Pay / Uninsured,"$1,937","$1,937",$0,0.0%,17
225297008,Care planning and problem solving actions (procedure),Aetna,Commercial,"$21,857","$21,857",$0,0.0%,44
709010006,Liaising with referral source (procedure),UnitedHealthcare,Commercial,"$21,059","$21,059",$0,0.0%,43
167995008,Sputum microscopy (procedure),Anthem,Commercial,"$131,153","$131,153",$0,0.0%,21
1601380,(no description on file),UnitedHealthcare,Commercial,"$12,333","$12,333",$0,0.0%,20
898719,(no description on file),Medicare,Government,"$6,003","$6,003",$0,0.0%,25
447759004,Brachytherapy of breast (procedure),Medicaid,Government,"$591,343","$591,343",$0,0.0%,35
116863004,Transfusion of red blood cells (procedure),Blue Cross Blue Shield,Commercial,"$3,024","$3,024",$0,0.0%,6
1791701,(no description on file),Humana,Commercial,$8,$8,$0,0.0%,21
1721613,(no description on file),UnitedHealthcare,Commercial,"$6,511","$6,511",$0,0.0%,22
183444007,Referral for further care (procedure),UnitedHealthcare,Commercial,"$264,092","$264,092",$0,0.0%,523
177157003,Spontaneous breech delivery,Anthem,Commercial,"$157,189","$157,189",$0,0.0%,25
859424,(no description on file),Medicaid,Government,"$3,406","$3,406",$0,0.0%,15
1373463,(no description on file),Dual Eligible,Government,"$49,317","$49,317",$0,0.0%,5
225415001,Close observation (regime/therapy),NO_INSURANCE,Self-Pay / Uninsured,"$11,016","$11,016",$0,0.0%,22
898342,(no description on file),Medicaid,Government,"$1,287","$1,287",$0,0.0%,6
905269,(no description on file),NO_INSURANCE,Self-Pay / Uninsured,$490,$490,$0,0.0%,2
861356,(no description on file),Medicaid,Government,"$1,523","$1,523",$0,0.0%,6
725351001,Transcatheter aortic valve replacement (procedure),Cigna Health,Commercial,"$3,189","$3,189",$0,0.0%,7
763138,(no description on file),NO_INSURANCE,Self-Pay / Uninsured,"$1,112","$1,112",$0,0.0%,5
896758,(no description on file),Anthem,Commercial,"$2,142","$2,142",$0,0.0%,8
282755,(no description on file),Cigna Health,Commercial,$627,$627,$0,0.0%,3
866516,(no description on file),Dual Eligible,Government,$921,$921,$0,0.0%,4
866516,(no description on file),Aetna,Commercial,$429,$429,$0,0.0%,2
312962,(no description on file),Aetna,Commercial,$701,$701,$0,0.0%,3
200285,(no description on file),Humana,Commercial,$470,$470,$0,0.0%,2
854916,(no description on file),Aetna,Commercial,"$1,609","$1,609",$0,0.0%,6
199885,(no description on file),UnitedHealthcare,Commercial,$541,$541,$0,0.0%,2
404909007,Injection of botulinum toxin (procedure),Blue Cross Blue Shield,Commercial,$496,$496,$0,0.0%,1
856578,(no description on file),Aetna,Commercial,$308,$308,$0,0.0%,1
856481,(no description on file),Anthem,Commercial,$412,$412,$0,0.0%,2
898359,(no description on file),Cigna Health,Commercial,$366,$366,$0,0.0%,1
232967006,Implantation of left ventricular assist device (procedure),Blue Cross Blue Shield,Commercial,$601,$601,$0,0.0%,1
856460,(no description on file),Aetna,Commercial,$220,$220,$0,0.0%,1
710824005,Assessment of health and social care needs (procedure),Medicaid,Government,"$550,273,170","$550,273,170",$0,0.0%,"1,201,522"
454711000124102,Depression screening using Patient Health Questionnaire Two-Item score (procedure),Medicaid,Government,"$34,621","$34,621",$0,0.0%,"799,158"
583214,(no description on file),NO_INSURANCE,Self-Pay / Uninsured,"$48,639","$48,639",$0,0.0%,"14,022"
274804006,Evaluation of uterine fundal height,Cigna Health,Commercial,"$605,383,016","$605,383,016",$0,0.0%,"122,982"
119,(no description on file),Humana,Commercial,"$1,878,160","$1,878,160",$0,0.0%,"13,810"
133,(no description on file),Blue Cross Blue Shield,Commercial,"$3,216,944","$3,216,944",$0,0.0%,"23,654"
449411000124106,Admission to skilled nursing facility (procedure),Medicaid,Government,"$1,622,007","$1,622,007",$0,0.0%,"13,737"
371883000,Outpatient procedure,Anthem,Commercial,"$5,807,286","$5,807,286",$0,0.0%,"49,485"
312961,(no description on file),Dual Eligible,Government,"$1,472,072","$1,472,072",$0,0.0%,"5,386"
1659149,(no description on file),Dual Eligible,Government,"$25,118","$25,118",$0,0.0%,"3,164"
861467,(no description on file),Cigna Health,Commercial,"$133,712","$133,712",$0,0.0%,"1,317"
64544008,Gingivectomy or gingivoplasty  per tooth (procedure),Dual Eligible,Government,"$21,891,903","$21,891,903",$0,0.0%,"48,316"
206905,(no description on file),Cigna Health,Commercial,"$8,684,926","$8,684,926",$0,0.0%,"33,305"
454711000124102,Depression screening using Patient Health Questionnaire Two-Item score (procedure),Humana,Commercial,"$12,162","$12,162",$0,0.0%,"259,986"
133899007,Postoperative care (regime/therapy),Medicare,Government,"$9,541,203","$9,541,203",$0,0.0%,"7,633"
993770,(no description on file),Medicaid,Government,"$7,486,400","$7,486,400",$0,0.0%,"32,938"
198335,(no description on file),Medicare,Government,"$564,167","$564,167",$0,0.0%,"2,183"
207,(no description on file),NO_INSURANCE,Self-Pay / Uninsured,"$6,495,088","$6,495,088",$0,0.0%,"47,755"
384700001,Injection of tetanus antitoxin,Aetna,Commercial,"$3,468,218","$3,468,218",$0,0.0%,"1,434"
443529005,Detection of chromosomal aneuploidy in prenatal amniotic fluid specimen using fluorescence in situ hybridization screening technique (procedure),UnitedHealthcare,Commercial,"$23,509,718","$23,509,718",$0,0.0%,"11,854"
978950,(no description on file),Cigna Health,Commercial,"$3,844,155","$3,844,155",$0,0.0%,"4,230"
274804006,Evaluation of uterine fundal height,UnitedHealthcare,Commercial,"$535,008,436","$535,008,436",$0,0.0%,"103,425"
710841007,Assessment of anxiety (procedure),Dual Eligible,Government,"$2,862,619","$2,862,619",$0,0.0%,"366,813"
226719,(no description on file),Medicare,Government,"$10,782,325","$10,782,325",$0,0.0%,"41,544"
63332003,History AND physical examination (procedure),Medicaid,Government,"$7,757,039","$7,757,039",$0,0.0%,"16,753"
395142003,Allergy screening test,UnitedHealthcare,Commercial,"$1,422,022","$1,422,022",$0,0.0%,"2,862"
1605257,(no description on file),NO_INSURANCE,Self-Pay / Uninsured,"$1,721,067","$1,721,067",$0,0.0%,"1,643"
23426006,Measurement of respiratory function (procedure),Anthem,Commercial,"$4,037,136","$4,037,136",$0,0.0%,"11,524"
52,(no description on file),Aetna,Commercial,"$2,173,552","$2,173,552",$0,0.0%,"15,982"
394701000,Asthma follow-up,Medicare,Government,"$3,258,658","$3,258,658",$0,0.0%,"27,553"
270427003,Patient-initiated encounter,Medicaid,Government,"$1,175,637","$1,175,637",$0,0.0%,"16,274"
304532001,Treatment failure risk education (procedure),Dual Eligible,Government,"$138,050","$138,050",$0,0.0%,306
118001005,Streptococcus pneumoniae group B antigen assay,Anthem,Commercial,"$21,116,680","$21,116,680",$0,0.0%,"11,134"
274474001,Bone immobilization,Cigna Health,Commercial,"$1,890,102","$1,890,102",$0,0.0%,"3,901"
64544008,Gingivectomy or gingivoplasty  per tooth (procedure),Aetna,Commercial,"$17,740,735","$17,740,735",$0,0.0%,"36,504"
242969,(no description on file),Humana,Commercial,"$3,048","$3,048",$0,0.0%,"1,049"
3,(no description on file),Aetna,Commercial,"$1,378,496","$1,378,496",$0,0.0%,"10,136"
1719286,(no description on file),Humana,Commercial,$146,$146,$0,0.0%,"1,413"
434363004,Human epidermal growth factor receptor 2 gene detection by fluorescence in situ hybridization (procedure),Medicaid,Government,"$1,290,393","$1,290,393",$0,0.0%,741
714812005,Induced termination of pregnancy,Blue Cross Blue Shield,Commercial,"$35,132,036","$35,132,036",$0,0.0%,"3,913"
315639002,Initial patient assessment (procedure),NO_INSURANCE,Self-Pay / Uninsured,"$2,596,350","$2,596,350",$0,0.0%,"5,315"
274474001,Bone immobilization,Blue Cross Blue Shield,Commercial,"$1,608,122","$1,608,122",$0,0.0%,"3,196"
449381000124108,Discharge from skilled nursing facility (procedure),Blue Cross Blue Shield,Commercial,"$1,288,192","$1,288,192",$0,0.0%,"2,583"
311791003,Information gathering (procedure),Medicaid,Government,"$760,579","$760,579",$0,0.0%,"11,335"
395142003,Allergy screening test,Dual Eligible,Government,"$947,414","$947,414",$0,0.0%,"2,027"
308192,(no description on file),Aetna,Commercial,"$752,343","$752,343",$0,0.0%,"4,352"
210098006,Domiciliary or rest home patient evaluation and management,Dual Eligible,Government,"$348,000","$348,000",$0,0.0%,"2,904"
441550005,Urinalysis with reflex to microscopy and culture (procedure),Anthem,Commercial,"$3,603,536","$3,603,536",$0,0.0%,"5,629"
410006001,Digital examination of rectum,UnitedHealthcare,Commercial,"$289,855","$289,855",$0,0.0%,556
225338004,Risk assessment (procedure),Aetna,Commercial,"$207,864","$207,864",$0,0.0%,437
1736776,(no description on file),Humana,Commercial,"$3,868,873","$3,868,873",$0,0.0%,"1,511"
133899007,Postoperative care (regime/therapy),Humana,Commercial,"$2,059,387","$2,059,387",$0,0.0%,"3,973"
313782,(no description on file),Dual Eligible,Government,"$3,190,082","$3,190,082",$0,0.0%,"18,861"
399014008,Administration of diphtheria  pertussis  and tetanus vaccine,UnitedHealthcare,Commercial,"$28,692,552","$28,692,552",$0,0.0%,"11,373"
169690007,Rubella screening,UnitedHealthcare,Commercial,"$14,503,199","$14,503,199",$0,0.0%,"7,393"
1648755,(no description on file),UnitedHealthcare,Commercial,"$364,942","$364,942",$0,0.0%,"1,425"
313988,(no description on file),UnitedHealthcare,Commercial,$902,$902,$0,0.0%,395
223495004,Preparation of patient for procedure (regime/therapy),Humana,Commercial,"$623,935","$623,935",$0,0.0%,"1,235"
1306292,(no description on file),NO_INSURANCE,Self-Pay / Uninsured,"$95,466","$95,466",$0,0.0%,353
1049221,(no description on file),Blue Cross Blue Shield,Commercial,"$12,662","$12,662",$0,0.0%,945
1740467,(no description on file),Anthem,Commercial,$357,$357,$0,0.0%,"1,239"
1997015,(no description on file),Dual Eligible,Government,"$86,964","$86,964",$0,0.0%,381
306185001,Referral to cardiac surgery service (procedure),Anthem,Commercial,"$558,876","$558,876",$0,0.0%,"1,147"
23183008,Excision of lingual torus (procedure),Dual Eligible,Government,"$32,730","$32,730",$0,0.0%,71
183444007,Referral for further care (procedure),Dual Eligible,Government,"$225,560","$225,560",$0,0.0%,496
408919008,Psychosocial care (regime/therapy),Medicare,Government,"$73,426","$73,426",$0,0.0%,152
43075005,Partial resection of colon,Blue Cross Blue Shield,Commercial,"$4,823,990","$4,823,990",$0,0.0%,202
1728805,(no description on file),Cigna Health,Commercial,"$85,461","$85,461",$0,0.0%,331
171122006,Hepatitis B screening (procedure),Medicaid,Government,"$60,446","$60,446",$0,0.0%,130
197541,(no description on file),Medicaid,Government,"$33,078","$33,078",$0,0.0%,224
310325,(no description on file),Aetna,Commercial,$190,$190,$0,0.0%,625
243670,(no description on file),Anthem,Commercial,"$95,350","$95,350",$0,0.0%,484
54550000,Electroencephalogram (procedure),Medicare,Government,"$12,750,501","$12,750,501",$0,0.0%,"1,314"
79094001,Initial Psychiatric Interview with mental status evaluation,Humana,Commercial,"$9,515","$9,515",$0,0.0%,79
1804799,(no description on file),NO_INSURANCE,Self-Pay / Uninsured,"$25,495,524","$25,495,524",$0,0.0%,144
305336008,Admission to hospice (procedure),Anthem,Commercial,"$55,996","$55,996",$0,0.0%,459
608139,(no description on file),Medicaid,Government,"$69,507","$69,507",$0,0.0%,596
597195,(no description on file),Dual Eligible,Government,$74,$74,$0,0.0%,88
445912000,Excision of fallopian tube and surgical removal of ectopic pregnancy,Aetna,Commercial,"$1,271,885","$1,271,885",$0,0.0%,169
198767,(no description on file),Medicaid,Government,"$16,170","$16,170",$0,0.0%,80
103746007,Heparin therapy (procedure),UnitedHealthcare,Commercial,"$13,339","$13,339",$0,0.0%,21
453131000124105,Videotelephony encounter (procedure),Blue Cross Blue Shield,Commercial,"$106,375","$106,375",$0,0.0%,851
242754,(no description on file),Blue Cross Blue Shield,Commercial,"$1,413","$1,413",$0,0.0%,5
197511,(no description on file),Blue Cross Blue Shield,Commercial,"$176,357","$176,357",$0,0.0%,687
746763,(no description on file),Dual Eligible,Government,"$54,545","$54,545",$0,0.0%,229
305433001,Admission to trauma surgery department,Medicaid,Government,"$126,856","$126,856",$0,0.0%,272
896023,(no description on file),Medicaid,Government,"$21,754","$21,754",$0,0.0%,94
1290407002,Plain X-ray of knee region (procedure),Blue Cross Blue Shield,Commercial,"$125,081","$125,081",$0,0.0%,243
19589009,Radiography of mandible (procedure),Humana,Commercial,"$254,502","$254,502",$0,0.0%,500
197381,(no description on file),Dual Eligible,Government,"$31,625","$31,625",$0,0.0%,139
303653007,Computed tomography of head (procedure),Medicare,Government,"$74,435","$74,435",$0,0.0%,153
185316007,Indirect encounter (procedure),UnitedHealthcare,Commercial,"$16,500","$16,500",$0,0.0%,132
418824004,Off-pump coronary artery bypass (procedure),Blue Cross Blue Shield,Commercial,"$114,096","$114,096",$0,0.0%,227
371361000119107,Comprehensive metabolic panel (procedure),Humana,Commercial,"$59,917","$59,917",$0,0.0%,121
413107006,Hepatitis C screening (procedure),Dual Eligible,Government,"$17,229","$17,229",$0,0.0%,39
2103182,(no description on file),UnitedHealthcare,Commercial,"$4,560","$4,560",$0,0.0%,374
392021009,Lumpectomy of breast (procedure),NO_INSURANCE,Self-Pay / Uninsured,"$4,413,124","$4,413,124",$0,0.0%,141
3457005,Patient referral (procedure),NO_INSURANCE,Self-Pay / Uninsured,"$22,485","$22,485",$0,0.0%,47
746804,(no description on file),Humana,Commercial,"$3,025","$3,025",$0,0.0%,13
312615,(no description on file),Medicaid,Government,$385,$385,$0,0.0%,40
104308009,Serologic test for Toxoplasma gondii (procedure),UnitedHealthcare,Commercial,"$12,667","$12,667",$0,0.0%,28
232967006,Implantation of left ventricular assist device (procedure),Medicare,Government,"$14,047","$14,047",$0,0.0%,29
71651007,Mammography (procedure),Cigna Health,Commercial,"$22,973","$22,973",$0,0.0%,196
1734919,(no description on file),Anthem,Commercial,"$45,612","$45,612",$0,0.0%,101
225297008,Care planning and problem solving actions (procedure),Blue Cross Blue Shield,Commercial,"$15,389","$15,389",$0,0.0%,31
709010006,Liaising with referral source (procedure),Cigna Health,Commercial,"$36,830","$36,830",$0,0.0%,75
979492,(no description on file),Blue Cross Blue Shield,Commercial,"$38,006","$38,006",$0,0.0%,143
40617009,Artificial respiration (procedure),NO_INSURANCE,Self-Pay / Uninsured,"$39,205","$39,205",$0,0.0%,79
266753000,Referral for laboratory tests (procedure),UnitedHealthcare,Commercial,"$66,076","$66,076",$0,0.0%,132
1648756,(no description on file),Anthem,Commercial,"$41,022","$41,022",$0,0.0%,151
171128005,Venereal disease screening (procedure),UnitedHealthcare,Commercial,"$12,667","$12,667",$0,0.0%,28
225337009,Suicide risk assessment (procedure),Cigna Health,Commercial,$467,$467,$0,0.0%,47
199224,(no description on file),Humana,Commercial,"$11,325","$11,325",$0,0.0%,33
88848003,Psychiatric follow-up,Cigna Health,Commercial,"$1,297","$1,297",$0,0.0%,6
365853002,Imaging finding (finding),Aetna,Commercial,"$9,166","$9,166",$0,0.0%,18
37729005,Patient transfer  in-hospital (procedure),Humana,Commercial,"$34,892","$34,892",$0,0.0%,69
105585,(no description on file),Aetna,Commercial,"$2,568","$2,568",$0,0.0%,58
856535,(no description on file),Anthem,Commercial,"$1,881","$1,881",$0,0.0%,6
1737449,(no description on file),Medicare,Government,$51,$51,$0,0.0%,18
198211,(no description on file),Humana,Commercial,"$9,346","$9,346",$0,0.0%,38
305340004,Admission to long stay hospital,Humana,Commercial,"$48,978","$48,978",$0,0.0%,97
133900002,Intraoperative care (regime/therapy),Aetna,Commercial,"$32,292","$32,292",$0,0.0%,68
312853008,Medical records review (procedure),Blue Cross Blue Shield,Commercial,"$19,105","$19,105",$0,0.0%,38
997501,(no description on file),Dual Eligible,Government,"$5,655","$5,655",$0,0.0%,11
432231006,Fine needle aspiration biopsy of lung (procedure),Blue Cross Blue Shield,Commercial,"$280,842","$280,842",$0,0.0%,21
311353,(no description on file),UnitedHealthcare,Commercial,"$2,057","$2,057",$0,0.0%,8
898346,(no description on file),Medicaid,Government,"$1,212","$1,212",$0,0.0%,5
373786007,Reasons for treatment delay (finding),Aetna,Commercial,"$6,382","$6,382",$0,0.0%,13
61594008,Microbial culture (procedure),UnitedHealthcare,Commercial,"$9,058","$9,058",$0,0.0%,17
1114085,(no description on file),Medicaid,Government,$49,$49,$0,0.0%,9
711495003,Patient transfer to coronary care unit (procedure),Medicare,Government,$858,$858,$0,0.0%,7
1536148,(no description on file),UnitedHealthcare,Commercial,"$4,990","$4,990",$0,0.0%,21
261962,(no description on file),NO_INSURANCE,Self-Pay / Uninsured,$830,$830,$0,0.0%,4
856448,(no description on file),Medicaid,Government,"$2,425","$2,425",$0,0.0%,10
859424,(no description on file),Cigna Health,Commercial,"$2,815","$2,815",$0,0.0%,9
854905,(no description on file),NO_INSURANCE,Self-Pay / Uninsured,$862,$862,$0,0.0%,3
856578,(no description on file),Dual Eligible,Government,"$2,028","$2,028",$0,0.0%,9
385781007,Home health aide service (regime/therapy),Anthem,Commercial,"$3,101","$3,101",$0,0.0%,6
113076002,Oral Glucose Tolerance Test,Cigna Health,Commercial,$518,$518,$0,0.0%,3
30088009,Blood culture (procedure),Anthem,Commercial,"$1,747","$1,747",$0,0.0%,4
898719,(no description on file),NO_INSURANCE,Self-Pay / Uninsured,$800,$800,$0,0.0%,3
717778001,Mouth care (regime/therapy),Aetna,Commercial,"$2,585","$2,585",$0,0.0%,5
13569004,Transfusion of plasma (procedure),NO_INSURANCE,Self-Pay / Uninsured,"$16,243","$16,243",$0,0.0%,8
856569,(no description on file),UnitedHealthcare,Commercial,$492,$492,$0,0.0%,2
979470,(no description on file),Medicare,Government,$261,$261,$0,0.0%,1
636045,(no description on file),Humana,Commercial,$209,$209,$0,0.0%,1
4525004,Emergency department patient visit (procedure),Cigna Health,Commercial,$116,$116,$0,0.0%,1
42839003,Repair of myelomeningocele (procedure),Cigna Health,Commercial,$408,$408,$0,0.0%,1
1483744,(no description on file),Dual Eligible,Government,$209,$209,$0,0.0%,1
864706,(no description on file),UnitedHealthcare,Commercial,$366,$366,$0,0.0%,1
1437975,(no description on file),Aetna,Commercial,$283,$283,$0,0.0%,1
20,(no description on file),UnitedHealthcare,Commercial,"$3,984,800","$3,984,800",$0,0.0%,"29,300"
456191000124101,Postoperative care for dental procedure (regime/therapy),Humana,Commercial,"$27,608,963","$27,608,963",$0,0.0%,"53,402"
140,(no description on file),Cigna Health,Commercial,"$55,101,760","$55,101,760",$0,0.0%,"405,160"
171207006,Depression screening (procedure),Humana,Commercial,"$28,047,158","$28,047,158",$0,0.0%,"463,282"
34043003,Dental consultation and report (procedure),Anthem,Commercial,"$121,463,575","$121,463,575",$0,0.0%,"249,520"
1049625,(no description on file),Humana,Commercial,"$8,462,866","$8,462,866",$0,0.0%,"33,224"
5880005,Physical examination procedure (procedure),Medicare,Government,"$13,098,310","$13,098,310",$0,0.0%,"26,500"
448337001,Telemedicine consultation with patient,Medicare,Government,"$23,797,034","$23,797,034",$0,0.0%,"200,303"
715252007,Depression screening using Patient Health Questionnaire Nine Item score (procedure),Dual Eligible,Government,"$1,491","$1,491",$0,0.0%,"43,926"
1260009003,Removal of supragingival plaque and calculus from all teeth using dental instrument (procedure),NO_INSURANCE,Self-Pay / Uninsured,"$111,371,355","$111,371,355",$0,0.0%,"228,706"
449381000124108,Discharge from skilled nursing facility (procedure),Medicaid,Government,"$6,219,590","$6,219,590",$0,0.0%,"13,739"
209387,(no description on file),Cigna Health,Commercial,"$8,724,009","$8,724,009",$0,0.0%,"33,330"
243085009,Oral health education (procedure),Aetna,Commercial,"$124,324,504","$124,324,504",$0,0.0%,"256,174"
171207006,Depression screening (procedure),Aetna,Commercial,"$16,427,358","$16,427,358",$0,0.0%,"396,700"
162673000,General examination of patient (procedure),UnitedHealthcare,Commercial,"$22,494,429","$22,494,429",$0,0.0%,"169,304"
866148006,Screening for domestic abuse (procedure),Medicare,Government,"$27,269","$27,269",$0,0.0%,"619,851"
748962,(no description on file),Anthem,Commercial,"$3,754,414","$3,754,414",$0,0.0%,"4,152"
904419,(no description on file),NO_INSURANCE,Self-Pay / Uninsured,"$197,616","$197,616",$0,0.0%,"20,240"
49,(no description on file),Blue Cross Blue Shield,Commercial,"$2,403,800","$2,403,800",$0,0.0%,"17,675"
241834,(no description on file),Dual Eligible,Government,"$38,628","$38,628",$0,0.0%,489
204892,(no description on file),Medicare,Government,"$20,419","$20,419",$0,0.0%,"1,219"
312617,(no description on file),Cigna Health,Commercial,"$3,919","$3,919",$0,0.0%,531
31676001,Human immunodeficiency virus antigen test,Medicare,Government,"$21,204,500","$21,204,500",$0,0.0%,"11,029"
715252007,Depression screening using Patient Health Questionnaire Nine Item score (procedure),Anthem,Commercial,"$1,209","$1,209",$0,0.0%,"47,806"
305408004,Admission to surgical department,Aetna,Commercial,"$212,843","$212,843",$0,0.0%,"1,746"
245134,(no description on file),Medicare,Government,"$27,033,344","$27,033,344",$0,0.0%,"106,249"
91251008,Physical therapy procedure (regime/therapy),Blue Cross Blue Shield,Commercial,"$3,621,971","$3,621,971",$0,0.0%,"2,705"
424441002,Prenatal initial visit,Medicare,Government,"$1,992,005","$1,992,005",$0,0.0%,"16,761"
66348005,Childbirth,Humana,Commercial,"$9,607,531","$9,607,531",$0,0.0%,"18,875"
1256042007,Restoration of tooth with coverage of all cusps using dental filling material (procedure),UnitedHealthcare,Commercial,"$8,031,263","$8,031,263",$0,0.0%,"15,954"
310861008,Chlamydia antigen test,Anthem,Commercial,"$32,062,492","$32,062,492",$0,0.0%,"16,835"
79345008,Excision of maxillary torus palatinus (procedure),Aetna,Commercial,"$300,592","$300,592",$0,0.0%,624
314098000,Rubella screening test (procedure),Medicaid,Government,"$5,763,007","$5,763,007",$0,0.0%,"11,214"
8,(no description on file),NO_INSURANCE,Self-Pay / Uninsured,"$2,237,472","$2,237,472",$0,0.0%,"16,452"
309362,(no description on file),Dual Eligible,Government,"$3,854,334","$3,854,334",$0,0.0%,"5,508"
104435004,Screening for occult blood in feces (procedure),Anthem,Commercial,"$10,199,632","$10,199,632",$0,0.0%,"1,780"
236931002,Methotrexate injection into tubal pregnancy,Medicaid,Government,"$1,456,450","$1,456,450",$0,0.0%,612
234745004,Take oral or dental impression (procedure),Aetna,Commercial,"$3,131,617","$3,131,617",$0,0.0%,"6,459"
418824004,Off-pump coronary artery bypass (procedure),Medicare,Government,"$1,241,593","$1,241,593",$0,0.0%,"2,535"
314098000,Rubella screening test (procedure),UnitedHealthcare,Commercial,"$2,282,713","$2,282,713",$0,0.0%,"4,455"
1234995,(no description on file),Medicare,Government,"$10,455","$10,455",$0,0.0%,"7,731"
1534809,(no description on file),Humana,Commercial,"$1,727,432","$1,727,432",$0,0.0%,"1,915"
40701008,Echocardiography (procedure),Aetna,Commercial,"$1,609,377","$1,609,377",$0,0.0%,"1,793"
476556,(no description on file),Dual Eligible,Government,"$88,585","$88,585",$0,0.0%,371
15220000,Laboratory test (procedure),Aetna,Commercial,"$303,127","$303,127",$0,0.0%,636
51116004,Passive immunization (procedure),Medicare,Government,"$9,079,606","$9,079,606",$0,0.0%,"3,680"
854235,(no description on file),Dual Eligible,Government,"$164,767","$164,767",$0,0.0%,"13,667"
308192,(no description on file),Cigna Health,Commercial,"$715,601","$715,601",$0,0.0%,"4,163"
90470006,Prostatectomy,Medicare,Government,"$6,177,728","$6,177,728",$0,0.0%,900
182813001,Emergency treatment (procedure),Aetna,Commercial,"$660,105","$660,105",$0,0.0%,"5,609"
236974004,Instrumental delivery,Anthem,Commercial,"$5,036,321","$5,036,321",$0,0.0%,840
103750000,Sleep apnea assessment (procedure),Humana,Commercial,"$1,278,107","$1,278,107",$0,0.0%,"2,544"
834061,(no description on file),UnitedHealthcare,Commercial,"$763,122","$763,122",$0,0.0%,"3,593"
183452005,Emergency hospital admission (procedure),Anthem,Commercial,"$193,314","$193,314",$0,0.0%,"2,772"
749196,(no description on file),Medicare,Government,"$496,674","$496,674",$0,0.0%,"1,910"
70536003,Transplant of kidney (procedure),Dual Eligible,Government,"$890,053","$890,053",$0,0.0%,"1,963"
384700001,Injection of tetanus antitoxin,Anthem,Commercial,"$3,286,756","$3,286,756",$0,0.0%,"1,348"
542347,(no description on file),Aetna,Commercial,$163,$163,$0,0.0%,937
757594,(no description on file),Medicare,Government,"$3,805,848","$3,805,848",$0,0.0%,"4,250"
807283,(no description on file),Dual Eligible,Government,"$9,274","$9,274",$0,0.0%,487
449214001,Transfer to stepdown unit (procedure),Medicaid,Government,"$837,653","$837,653",$0,0.0%,"1,258"
183856001,Referral to hypertension clinic,NO_INSURANCE,Self-Pay / Uninsured,"$161,675","$161,675",$0,0.0%,326
35025007,Manual pelvic examination (procedure),Cigna Health,Commercial,"$16,611","$16,611",$0,0.0%,116
1287742003,Radiotherapy (procedure),Anthem,Commercial,"$132,221","$132,221",$0,0.0%,233
2103182,(no description on file),Anthem,Commercial,"$7,276","$7,276",$0,0.0%,592
1808217,(no description on file),NO_INSURANCE,Self-Pay / Uninsured,$303,$303,$0,0.0%,"1,122"
617311,(no description on file),Blue Cross Blue Shield,Commercial,"$15,905","$15,905",$0,0.0%,62
309309,(no description on file),NO_INSURANCE,Self-Pay / Uninsured,"$241,100","$241,100",$0,0.0%,941
210098006,Domiciliary or rest home patient evaluation and management,Cigna Health,Commercial,"$298,582","$298,582",$0,0.0%,"2,580"
183856001,Referral to hypertension clinic,Medicaid,Government,"$450,487","$450,487",$0,0.0%,974
1306292,(no description on file),Aetna,Commercial,"$70,511","$70,511",$0,0.0%,265
449214001,Transfer to stepdown unit (procedure),Medicare,Government,"$354,971","$354,971",$0,0.0%,600
19589009,Radiography of mandible (procedure),UnitedHealthcare,Commercial,"$142,998","$142,998",$0,0.0%,282
699253003,Surgical manipulation of joint of knee,Cigna Health,Commercial,"$14,282,923","$14,282,923",$0,0.0%,886
433114000,Human epidermal growth factor receptor 2 gene detection by immunohistochemistry (procedure),Dual Eligible,Government,"$76,785","$76,785",$0,0.0%,362
1648756,(no description on file),Humana,Commercial,"$45,954","$45,954",$0,0.0%,183
198767,(no description on file),Dual Eligible,Government,"$21,799","$21,799",$0,0.0%,97
426701000119108,Ultrasonography of abdomen  right upper quadrant and epigastrium,Anthem,Commercial,"$40,525","$40,525",$0,0.0%,82
171231001,Asthma screening,NO_INSURANCE,Self-Pay / Uninsured,"$191,381","$191,381",$0,0.0%,399
185316007,Indirect encounter (procedure),Humana,Commercial,"$31,000","$31,000",$0,0.0%,248
43060002,Intravenous injection (procedure),Anthem,Commercial,"$5,638","$5,638",$0,0.0%,12
1571000087109,Ultrasonography of bilateral breasts (procedure),Cigna Health,Commercial,"$92,587","$92,587",$0,0.0%,242
306206005,Referral to service (procedure),Humana,Commercial,"$248,706","$248,706",$0,0.0%,491
392021009,Lumpectomy of breast (procedure),Medicaid,Government,"$11,012,355","$11,012,355",$0,0.0%,374
312617,(no description on file),UnitedHealthcare,Commercial,"$4,056","$4,056",$0,0.0%,583
200095,(no description on file),Dual Eligible,Government,"$2,662","$2,662",$0,0.0%,12
713021002,Plain X-ray of pelvis (procedure),Aetna,Commercial,"$33,855","$33,855",$0,0.0%,64
171128005,Venereal disease screening (procedure),Medicare,Government,"$34,309","$34,309",$0,0.0%,74
182813001,Emergency treatment (procedure),Blue Cross Blue Shield,Commercial,"$45,485","$45,485",$0,0.0%,357
122548005,Biopsy of breast (procedure),Blue Cross Blue Shield,Commercial,"$748,942","$748,942",$0,0.0%,204
185389009,Follow-up visit (procedure),UnitedHealthcare,Commercial,"$4,251","$4,251",$0,0.0%,57
122856003,Oral examination (procedure),Medicare,Government,"$270,434","$270,434",$0,0.0%,547
177765008,Opening of chest (procedure),Medicaid,Government,"$16,710","$16,710",$0,0.0%,37
562508,(no description on file),Aetna,Commercial,"$30,066","$30,066",$0,0.0%,115
410011004,Administration of anesthesia AND/OR sedation (procedure),Anthem,Commercial,"$6,379","$6,379",$0,0.0%,13
177157003,Spontaneous breech delivery,Cigna Health,Commercial,"$189,702","$189,702",$0,0.0%,28
423475008,Heart failure education (procedure),Aetna,Commercial,"$47,285","$47,285",$0,0.0%,98
308460,(no description on file),UnitedHealthcare,Commercial,$28,$28,$0,0.0%,54
232717009,Coronary artery bypass grafting (procedure),UnitedHealthcare,Commercial,"$15,910,626","$15,910,626",$0,0.0%,372
241615005,Magnetic resonance imaging of breast (procedure),Medicaid,Government,"$248,923","$248,923",$0,0.0%,193
205532,(no description on file),Dual Eligible,Government,"$102,739","$102,739",$0,0.0%,106
243174005,Weaning from mechanically assisted ventilation (procedure),UnitedHealthcare,Commercial,"$15,128","$15,128",$0,0.0%,27
23183008,Excision of lingual torus (procedure),Anthem,Commercial,"$24,998","$24,998",$0,0.0%,52
896023,(no description on file),Dual Eligible,Government,"$17,649","$17,649",$0,0.0%,84
24623002,Screening mammography (procedure),UnitedHealthcare,Commercial,"$11,831","$11,831",$0,0.0%,91
182777000,Monitoring of patient (regime/therapy),UnitedHealthcare,Commercial,"$16,572","$16,572",$0,0.0%,33
2119714,(no description on file),Blue Cross Blue Shield,Commercial,"$19,637","$19,637",$0,0.0%,21
183450002,Admission to burn unit,Humana,Commercial,"$48,978","$48,978",$0,0.0%,97
61594008,Microbial culture (procedure),Dual Eligible,Government,"$45,233","$45,233",$0,0.0%,99
418023006,Computed tomography of chest  abdomen and pelvis (procedure),Cigna Health,Commercial,"$34,709","$34,709",$0,0.0%,71
58828004,Application of dressing  sterile (procedure),UnitedHealthcare,Commercial,"$18,952","$18,952",$0,0.0%,39
1536144,(no description on file),NO_INSURANCE,Self-Pay / Uninsured,"$6,387","$6,387",$0,0.0%,26
310261,(no description on file),Humana,Commercial,"$277,007","$277,007",$0,0.0%,27
866429,(no description on file),Medicare,Government,"$4,947","$4,947",$0,0.0%,20
167995008,Sputum microscopy (procedure),Dual Eligible,Government,"$288,225","$288,225",$0,0.0%,48
1665227,(no description on file),Medicare,Government,$0,$0,$0,0.0%,50
197884,(no description on file),Cigna Health,Commercial,"$9,205","$9,205",$0,0.0%,36
303653007,Computed tomography of head (procedure),Blue Cross Blue Shield,Commercial,"$4,603","$4,603",$0,0.0%,9
311354,(no description on file),NO_INSURANCE,Self-Pay / Uninsured,"$9,702","$9,702",$0,0.0%,37
311354,(no description on file),Anthem,Commercial,"$7,675","$7,675",$0,0.0%,32
866427,(no description on file),Cigna Health,Commercial,"$14,939","$14,939",$0,0.0%,61
966529,(no description on file),NO_INSURANCE,Self-Pay / Uninsured,"$3,829","$3,829",$0,0.0%,14
116863004,Transfusion of red blood cells (procedure),Anthem,Commercial,"$8,544","$8,544",$0,0.0%,18
429609002,Lung volume reduction surgery (procedure),UnitedHealthcare,Commercial,"$295,768","$295,768",$0,0.0%,9
85765000,Fiberoptic bronchoscopy (procedure),NO_INSURANCE,Self-Pay / Uninsured,"$190,216","$190,216",$0,0.0%,18
200096,(no description on file),Cigna Health,Commercial,"$1,892","$1,892",$0,0.0%,9
1664986,(no description on file),UnitedHealthcare,Commercial,"$1,115","$1,115",$0,0.0%,5
410011004,Administration of anesthesia AND/OR sedation (procedure),NO_INSURANCE,Self-Pay / Uninsured,"$7,894","$7,894",$0,0.0%,16
225953001,Evaluating response to treatment (procedure),Dual Eligible,Government,"$4,678","$4,678",$0,0.0%,10
856569,(no description on file),NO_INSURANCE,Self-Pay / Uninsured,$752,$752,$0,0.0%,3
242754,(no description on file),NO_INSURANCE,Self-Pay / Uninsured,"$1,695","$1,695",$0,0.0%,6
349200,(no description on file),UnitedHealthcare,Commercial,$866,$866,$0,0.0%,3
858810,(no description on file),NO_INSURANCE,Self-Pay / Uninsured,"$1,317","$1,317",$0,0.0%,5
167252002,Urine pregnancy test (procedure),UnitedHealthcare,Commercial,"$7,508","$7,508",$0,0.0%,16
234336002,Hemopoietic stem cell transplant (procedure),NO_INSURANCE,Self-Pay / Uninsured,"$1,417","$1,417",$0,0.0%,3
856535,(no description on file),Humana,Commercial,"$2,072","$2,072",$0,0.0%,8
205326,(no description on file),Cigna Health,Commercial,"$1,108","$1,108",$0,0.0%,4
898372,(no description on file),Humana,Commercial,"$1,302","$1,302",$0,0.0%,5
763138,(no description on file),Humana,Commercial,"$2,419","$2,419",$0,0.0%,9
197905,(no description on file),UnitedHealthcare,Commercial,$543,$543,$0,0.0%,2
896762,(no description on file),Dual Eligible,Government,"$1,720","$1,720",$0,0.0%,8
856460,(no description on file),Medicaid,Government,$910,$910,$0,0.0%,4
885219,(no description on file),Cigna Health,Commercial,$873,$873,$0,0.0%,3
1155885007,Repair of aortic valve (procedure),Aetna,Commercial,"$1,933","$1,933",$0,0.0%,4
282755,(no description on file),NO_INSURANCE,Self-Pay / Uninsured,$565,$565,$0,0.0%,2
387713003,Surgical procedure (procedure),Anthem,Commercial,$119,$119,$0,0.0%,1
898350,(no description on file),Medicaid,Government,$130,$130,$0,0.0%,1
40274000,General outpatient clinic admission (procedure),Blue Cross Blue Shield,Commercial,$119,$119,$0,0.0%,1
898350,(no description on file),Anthem,Commercial,$209,$209,$0,0.0%,1
859421,(no description on file),Dual Eligible,Government,$250,$250,$0,0.0%,1
858817,(no description on file),Aetna,Commercial,$209,$209,$0,0.0%,1
861650,(no description on file),Aetna,Commercial,$366,$366,$0,0.0%,1
858813,(no description on file),Anthem,Commercial,$220,$220,$0,0.0%,1
1658084,(no description on file),Blue Cross Blue Shield,Commercial,"$1,683","$1,683",$0,0.0%,1
314076,(no description on file),Medicare,Government,"$2,385,709","$2,385,709",$0,0.0%,"1,331,356"
854235,(no description on file),Aetna,Commercial,"$220,669","$220,669",$0,0.0%,"16,016"
430193006,Medication Reconciliation (procedure),Medicare,Government,"$585,750,450","$585,750,450",$0,0.0%,"1,236,740"
81733005,Dental surgical procedure (procedure),Humana,Commercial,"$27,607,365","$27,607,365",$0,0.0%,"53,399"
274804006,Evaluation of uterine fundal height,Blue Cross Blue Shield,Commercial,"$583,915,281","$583,915,281",$0,0.0%,"112,941"
252160004,Standard pregnancy test,Blue Cross Blue Shield,Commercial,"$106,050,152","$106,050,152",$0,0.0%,"20,450"
44608003,Blood group typing (procedure),Humana,Commercial,"$50,260,494","$50,260,494",$0,0.0%,"25,480"
229095001,Exercise class,Anthem,Commercial,"$964,976","$964,976",$0,0.0%,"1,955"
896001,(no description on file),Medicaid,Government,"$5,695,245","$5,695,245",$0,0.0%,"24,398"
428211000124100,Assessment of substance use (procedure),Medicaid,Government,"$6,026,066","$6,026,066",$0,0.0%,"721,672"
386478007,Triage emergency center (procedure),Blue Cross Blue Shield,Commercial,"$681,357","$681,357",$0,0.0%,"1,346"
399014008,Administration of diphtheria  pertussis  and tetanus vaccine,Blue Cross Blue Shield,Commercial,"$31,678,659","$31,678,659",$0,0.0%,"12,410"
866148006,Screening for domestic abuse (procedure),UnitedHealthcare,Commercial,"$30,421","$30,421",$0,0.0%,"74,406"
49,(no description on file),NO_INSURANCE,Self-Pay / Uninsured,"$2,204,152","$2,204,152",$0,0.0%,"16,207"
308136,(no description on file),NO_INSURANCE,Self-Pay / Uninsured,"$354,050","$354,050",$0,0.0%,"172,979"
309845,(no description on file),Medicare,Government,$22,$22,$0,0.0%,233
310861008,Chlamydia antigen test,Blue Cross Blue Shield,Commercial,"$25,515,197","$25,515,197",$0,0.0%,"12,956"
415300000,Review of systems (procedure),UnitedHealthcare,Commercial,"$305,942","$305,942",$0,0.0%,"4,112"
370789001,Development of individualized plan of care (procedure),Blue Cross Blue Shield,Commercial,"$2,102,761","$2,102,761",$0,0.0%,"4,188"
305432006,Admission to surgical transplant department (procedure),Medicaid,Government,"$229,972","$229,972",$0,0.0%,"1,835"
23745001,Documentation procedure (procedure),Cigna Health,Commercial,"$572,221","$572,221",$0,0.0%,"1,192"
454711000124102,Depression screening using Patient Health Questionnaire Two-Item score (procedure),Cigna Health,Commercial,"$14,635","$14,635",$0,0.0%,"255,617"
309362,(no description on file),Medicare,Government,"$13,333,551","$13,333,551",$0,0.0%,"16,807"
424619006,Prenatal visit,NO_INSURANCE,Self-Pay / Uninsured,"$16,846,675","$16,846,675",$0,0.0%,"144,852"
23745001,Documentation procedure (procedure),Medicaid,Government,"$1,403,970","$1,403,970",$0,0.0%,"3,092"
84100007,History taking (procedure),Cigna Health,Commercial,"$3,388,072","$3,388,072",$0,0.0%,"6,946"
310965,(no description on file),Humana,Commercial,"$2,151,006","$2,151,006",$0,0.0%,"9,012"
274031008,Rectal polypectomy,Aetna,Commercial,"$22,675,673","$22,675,673",$0,0.0%,"2,316"
33,(no description on file),Medicare,Government,"$5,312,024","$5,312,024",$0,0.0%,"39,059"
440546007,Discussion about pregnancy (procedure),NO_INSURANCE,Self-Pay / Uninsured,"$900,303","$900,303",$0,0.0%,"1,836"
313820,(no description on file),NO_INSURANCE,Self-Pay / Uninsured,"$732,980","$732,980",$0,0.0%,"5,565"
749762,(no description on file),Anthem,Commercial,"$3,778,139","$3,778,139",$0,0.0%,"4,135"
1803932,(no description on file),Medicare,Government,"$100,161","$100,161",$0,0.0%,"8,837"
313988,(no description on file),Blue Cross Blue Shield,Commercial,$987,$987,$0,0.0%,429
1505002,Hospital admission for isolation (procedure),Aetna,Commercial,"$208,032","$208,032",$0,0.0%,"1,725"
312961,(no description on file),UnitedHealthcare,Commercial,"$484,227","$484,227",$0,0.0%,"1,499"
29303009,Electrocardiographic procedure (procedure),Humana,Commercial,"$9,307,008","$9,307,008",$0,0.0%,"3,707"
185316007,Indirect encounter (procedure),Cigna Health,Commercial,"$23,375","$23,375",$0,0.0%,187
418824004,Off-pump coronary artery bypass (procedure),Humana,Commercial,"$219,308","$219,308",$0,0.0%,431
1808217,(no description on file),Medicaid,Government,$821,$821,$0,0.0%,"3,472"
1043400,(no description on file),UnitedHealthcare,Commercial,"$892,375","$892,375",$0,0.0%,"4,238"
1804799,(no description on file),Medicare,Government,"$205,938,713","$205,938,713",$0,0.0%,"1,160"
25656009,Physical examination  complete (procedure),Anthem,Commercial,"$173,218","$173,218",$0,0.0%,359
284053004,Tooth socket procedure (procedure),NO_INSURANCE,Self-Pay / Uninsured,"$710,482","$710,482",$0,0.0%,"1,466"
112798008,Insertion of endotracheal tube (procedure),Dual Eligible,Government,"$126,776","$126,776",$0,0.0%,485
386053000,Evaluation procedure (procedure),NO_INSURANCE,Self-Pay / Uninsured,"$1,956,778","$1,956,778",$0,0.0%,"4,004"
395142003,Allergy screening test,Aetna,Commercial,"$1,453,504","$1,453,504",$0,0.0%,"2,985"
397821002,Patient transfer to intensive care unit (procedure),Medicaid,Government,"$372,615","$372,615",$0,0.0%,"3,024"
58000006,Patient discharge (procedure),NO_INSURANCE,Self-Pay / Uninsured,"$1,048,586","$1,048,586",$0,0.0%,"2,139"
433236007,Transthoracic echocardiography (procedure),Blue Cross Blue Shield,Commercial,"$549,700","$549,700",$0,0.0%,"1,078"
453131000124105,Videotelephony encounter (procedure),Anthem,Commercial,"$141,625","$141,625",$0,0.0%,"1,133"
409023009,Professional / ancillary services care (regime/therapy),Medicare,Government,"$67,856,493","$67,856,493",$0,0.0%,"24,942"
275833003,AFP test - antenatal,Anthem,Commercial,"$26,599,801","$26,599,801",$0,0.0%,"14,160"
269911007,Sputum examination (procedure),Humana,Commercial,"$36,059,858","$36,059,858",$0,0.0%,"6,006"
1505002,Hospital admission for isolation (procedure),Blue Cross Blue Shield,Commercial,"$148,971","$148,971",$0,0.0%,"1,148"
306185001,Referral to cardiac surgery service (procedure),Cigna Health,Commercial,"$633,692","$633,692",$0,0.0%,"1,311"
183444007,Referral for further care (procedure),Medicare,Government,"$1,250,395","$1,250,395",$0,0.0%,"2,541"
127783003,Spirometry (procedure),Aetna,Commercial,"$9,963,224","$9,963,224",$0,0.0%,"1,347"
197511,(no description on file),Cigna Health,Commercial,"$242,863","$242,863",$0,0.0%,918
306706006,Discharge to ward (procedure),NO_INSURANCE,Self-Pay / Uninsured,"$499,516","$499,516",$0,0.0%,"1,024"
1659263,(no description on file),Anthem,Commercial,"$2,699","$2,699",$0,0.0%,"1,597"
68254000,Removal of intrauterine device,Blue Cross Blue Shield,Commercial,"$16,914,976","$16,914,976",$0,0.0%,"1,872"
1807513,(no description on file),Aetna,Commercial,"$5,629","$5,629",$0,0.0%,832
896209,(no description on file),Blue Cross Blue Shield,Commercial,"$347,616","$347,616",$0,0.0%,586
2563431,(no description on file),Anthem,Commercial,"$158,044","$158,044",$0,0.0%,607
268425006,Pelvis X-ray,Dual Eligible,Government,"$344,219","$344,219",$0,0.0%,771
60027007,Radiography of wrist (procedure),Humana,Commercial,"$403,228","$403,228",$0,0.0%,810
1860154,(no description on file),Humana,Commercial,"$53,440","$53,440",$0,0.0%,370
268533009,Sterilization education (procedure),Blue Cross Blue Shield,Commercial,"$530,099","$530,099",$0,0.0%,"1,039"
311034,(no description on file),UnitedHealthcare,Commercial,"$35,226","$35,226",$0,0.0%,139
1659131,(no description on file),Humana,Commercial,"$144,943","$144,943",$0,0.0%,562
311034,(no description on file),Cigna Health,Commercial,"$63,786","$63,786",$0,0.0%,250
317150,(no description on file),Cigna Health,Commercial,"$52,664","$52,664",$0,0.0%,201
33,(no description on file),Cigna Health,Commercial,"$29,920","$29,920",$0,0.0%,220
2001499,(no description on file),Dual Eligible,Government,"$17,182","$17,182",$0,0.0%,210
1807510,(no description on file),Dual Eligible,Government,"$34,533","$34,533",$0,0.0%,151
310385,(no description on file),NO_INSURANCE,Self-Pay / Uninsured,$47,$47,$0,0.0%,27
727762,(no description on file),NO_INSURANCE,Self-Pay / Uninsured,"$4,525","$4,525",$0,0.0%,21
993452,(no description on file),Dual Eligible,Government,"$54,405","$54,405",$0,0.0%,63
2003249,(no description on file),Blue Cross Blue Shield,Commercial,"$39,665","$39,665",$0,0.0%,153
311354,(no description on file),Aetna,Commercial,"$8,018","$8,018",$0,0.0%,34
116861002,Transfusion of fresh frozen plasma (procedure),UnitedHealthcare,Commercial,"$50,015","$50,015",$0,0.0%,96
423475008,Heart failure education (procedure),Blue Cross Blue Shield,Commercial,"$31,909","$31,909",$0,0.0%,64
311034,(no description on file),NO_INSURANCE,Self-Pay / Uninsured,"$53,709","$53,709",$0,0.0%,205
392091000,Care regimes assessment (procedure),Blue Cross Blue Shield,Commercial,"$376,557","$376,557",$0,0.0%,635
302497006,Hemodialysis (procedure),Humana,Commercial,"$14,328,437","$14,328,437",$0,0.0%,77
43060002,Intravenous injection (procedure),Dual Eligible,Government,"$45,845","$45,845",$0,0.0%,99
746763,(no description on file),Humana,Commercial,"$55,296","$55,296",$0,0.0%,207
1483744,(no description on file),Medicaid,Government,"$3,812","$3,812",$0,0.0%,17
313212,(no description on file),Medicare,Government,"$16,254","$16,254",$0,0.0%,65
197511,(no description on file),Medicare,Government,"$135,009","$135,009",$0,0.0%,523
198031,(no description on file),NO_INSURANCE,Self-Pay / Uninsured,"$2,776","$2,776",$0,0.0%,40
413107006,Hepatitis C screening (procedure),Anthem,Commercial,"$18,676","$18,676",$0,0.0%,37
859747,(no description on file),Blue Cross Blue Shield,Commercial,"$2,748","$2,748",$0,0.0%,10
1736776,(no description on file),UnitedHealthcare,Commercial,"$1,574,064","$1,574,064",$0,0.0%,618
266753000,Referral for laboratory tests (procedure),Blue Cross Blue Shield,Commercial,"$73,799","$73,799",$0,0.0%,146
1359269,(no description on file),Dual Eligible,Government,"$54,473","$54,473",$0,0.0%,240
35025007,Manual pelvic examination (procedure),Blue Cross Blue Shield,Commercial,"$7,321","$7,321",$0,0.0%,49
1649987,(no description on file),Cigna Health,Commercial,"$24,494","$24,494",$0,0.0%,92
423475008,Heart failure education (procedure),NO_INSURANCE,Self-Pay / Uninsured,"$112,570","$112,570",$0,0.0%,233
225337009,Suicide risk assessment (procedure),Medicare,Government,$933,$933,$0,0.0%,94
200349,(no description on file),UnitedHealthcare,Commercial,"$3,812","$3,812",$0,0.0%,17
197380,(no description on file),Aetna,Commercial,"$6,939","$6,939",$0,0.0%,28
225953001,Evaluating response to treatment (procedure),Cigna Health,Commercial,"$41,748","$41,748",$0,0.0%,84
2047241,(no description on file),Blue Cross Blue Shield,Commercial,"$3,888","$3,888",$0,0.0%,53
198211,(no description on file),Blue Cross Blue Shield,Commercial,"$3,935","$3,935",$0,0.0%,17
40274000,General outpatient clinic admission (procedure),Medicare,Government,"$6,398","$6,398",$0,0.0%,55
866427,(no description on file),UnitedHealthcare,Commercial,"$6,637","$6,637",$0,0.0%,27
197884,(no description on file),Blue Cross Blue Shield,Commercial,"$5,433","$5,433",$0,0.0%,21
1873983,(no description on file),Cigna Health,Commercial,"$7,201","$7,201",$0,0.0%,29
859424,(no description on file),Dual Eligible,Government,"$6,404","$6,404",$0,0.0%,29
979471,(no description on file),Dual Eligible,Government,"$8,940","$8,940",$0,0.0%,39
225297008,Care planning and problem solving actions (procedure),Cigna Health,Commercial,"$23,903","$23,903",$0,0.0%,49
205326,(no description on file),NO_INSURANCE,Self-Pay / Uninsured,"$1,347","$1,347",$0,0.0%,5
1437975,(no description on file),Cigna Health,Commercial,"$2,372","$2,372",$0,0.0%,9
91602002,Thoracentesis (procedure),UnitedHealthcare,Commercial,"$247,531","$247,531",$0,0.0%,15
858817,(no description on file),Medicare,Government,"$6,918","$6,918",$0,0.0%,28
1721613,(no description on file),Anthem,Commercial,"$11,843","$11,843",$0,0.0%,44
727762,(no description on file),Cigna Health,Commercial,"$3,628","$3,628",$0,0.0%,18
310261,(no description on file),Anthem,Commercial,"$194,500","$194,500",$0,0.0%,17
312938,(no description on file),NO_INSURANCE,Self-Pay / Uninsured,$57,$57,$0,0.0%,34
84728005,Neurological examination (procedure),Humana,Commercial,"$1,853","$1,853",$0,0.0%,4
1737449,(no description on file),Medicaid,Government,$11,$11,$0,0.0%,5
1721613,(no description on file),Cigna Health,Commercial,"$18,165","$18,165",$0,0.0%,69
23183008,Excision of lingual torus (procedure),NO_INSURANCE,Self-Pay / Uninsured,"$36,205","$36,205",$0,0.0%,73
199224,(no description on file),Cigna Health,Commercial,"$5,916","$5,916",$0,0.0%,17
88848003,Psychiatric follow-up,Humana,Commercial,$506,$506,$0,0.0%,3
445528004,Treatment changed (situation),Cigna Health,Commercial,"$5,592","$5,592",$0,0.0%,11
199885,(no description on file),Humana,Commercial,"$1,889","$1,889",$0,0.0%,8
104173009,Sputum Culture,Anthem,Commercial,"$2,393","$2,393",$0,0.0%,5
898350,(no description on file),Medicare,Government,$809,$809,$0,0.0%,4
403875,(no description on file),Humana,Commercial,"$1,413","$1,413",$0,0.0%,5
854901,(no description on file),Aetna,Commercial,$726,$726,$0,0.0%,3
349199,(no description on file),Anthem,Commercial,"$1,166","$1,166",$0,0.0%,4
1243052,(no description on file),Dual Eligible,Government,"$43,832","$43,832",$0,0.0%,4
866516,(no description on file),Cigna Health,Commercial,"$1,057","$1,057",$0,0.0%,4
197903,(no description on file),Anthem,Commercial,$641,$641,$0,0.0%,2
349199,(no description on file),NO_INSURANCE,Self-Pay / Uninsured,"$1,029","$1,029",$0,0.0%,5
672149,(no description on file),NO_INSURANCE,Self-Pay / Uninsured,$199,$199,$0,0.0%,3
386395000,Preoperative coordination (regime/therapy),UnitedHealthcare,Commercial,$213,$213,$0,0.0%,2
386395000,Preoperative coordination (regime/therapy),Aetna,Commercial,$249,$249,$0,0.0%,2
709640007,Doppler ultrasonography of renal vein (procedure),Aetna,Commercial,"$1,478","$1,478",$0,0.0%,3
40274000,General outpatient clinic admission (procedure),UnitedHealthcare,Commercial,$238,$238,$0,0.0%,2
225415001,Close observation (regime/therapy),Humana,Commercial,"$1,185","$1,185",$0,0.0%,2
866419,(no description on file),UnitedHealthcare,Commercial,$887,$887,$0,0.0%,3
314203,(no description on file),Aetna,Commercial,$616,$616,$0,0.0%,2
183418007,Social case work (regime/therapy),Cigna Health,Commercial,"$1,100","$1,100",$0,0.0%,2
197558,(no description on file),Humana,Commercial,$522,$522,$0,0.0%,2
197862,(no description on file),Humana,Commercial,$522,$522,$0,0.0%,2
896762,(no description on file),Cigna Health,Commercial,$627,$627,$0,0.0%,2
212390,(no description on file),Medicare,Government,$774,$774,$0,0.0%,3
856448,(no description on file),Aetna,Commercial,$492,$492,$0,0.0%,2
40274000,General outpatient clinic admission (procedure),Anthem,Commercial,$234,$234,$0,0.0%,2
861654,(no description on file),Dual Eligible,Government,$627,$627,$0,0.0%,3
312749,(no description on file),Dual Eligible,Government,$380,$380,$0,0.0%,2
16983000,Death in hospital (event),Medicare,Government,$514,$514,$0,0.0%,1
979470,(no description on file),NO_INSURANCE,Self-Pay / Uninsured,$261,$261,$0,0.0%,1
898362,(no description on file),NO_INSURANCE,Self-Pay / Uninsured,$261,$261,$0,0.0%,1
314203,(no description on file),Anthem,Commercial,$276,$276,$0,0.0%,1
90407005,Evaluation of psychiatric state of patient,UnitedHealthcare,Commercial,$103,$103,$0,0.0%,1
1656346,(no description on file),Anthem,Commercial,$281,$281,$0,0.0%,1
859749,(no description on file),Cigna Health,Commercial,$209,$209,$0,0.0%,1
205923,(no description on file),Anthem,Commercial,"$16,042,219","$16,042,219",$0,0.0%,"272,355"
430193006,Medication Reconciliation (procedure),Medicaid,Government,"$442,649,466","$442,649,466",$0,0.0%,"987,797"
265764009,Renal dialysis (procedure),Medicare,Government,"$1,956,777,923","$1,956,777,923",$0,0.0%,"2,545,989"
265764009,Renal dialysis (procedure),Blue Cross Blue Shield,Commercial,"$208,921,081","$208,921,081",$0,0.0%,"266,272"
252160004,Standard pregnancy test,Medicare,Government,"$97,298,347","$97,298,347",$0,0.0%,"19,436"
185349003,Encounter for check up (procedure),Medicaid,Government,"$89,005,476","$89,005,476",$0,0.0%,"1,237,550"
371883000,Outpatient procedure,Medicare,Government,"$13,432,002","$13,432,002",$0,0.0%,"113,389"
859088,(no description on file),Blue Cross Blue Shield,Commercial,"$1,336,853","$1,336,853",$0,0.0%,"5,205"
15081005,Pulmonary rehabilitation (regime/therapy),Medicare,Government,"$128,932,847","$128,932,847",$0,0.0%,"61,947"
23745001,Documentation procedure (procedure),Medicare,Government,"$3,368,943","$3,368,943",$0,0.0%,"6,871"
265764009,Renal dialysis (procedure),Cigna Health,Commercial,"$320,726,741","$320,726,741",$0,0.0%,"424,174"
68071007,Dental fluoride treatment (procedure),Anthem,Commercial,"$58,508,534","$58,508,534",$0,0.0%,"120,178"
993770,(no description on file),Cigna Health,Commercial,"$3,174,336","$3,174,336",$0,0.0%,"12,098"
104435004,Screening for occult blood in feces (procedure),Medicare,Government,"$71,047,332","$71,047,332",$0,0.0%,"12,144"
169762003,Postnatal visit,Anthem,Commercial,"$1,266,469","$1,266,469",$0,0.0%,"10,687"
223470000,Discussion about signs and symptoms (procedure),Cigna Health,Commercial,"$3,385,923","$3,385,923",$0,0.0%,"6,942"
183519002,Referral to cardiology service (procedure),Dual Eligible,Government,"$4,037,399","$4,037,399",$0,0.0%,"8,900"
868187001,Assessment using Car  Relax  Alone  Forget  Friends  Trouble Screening Test (procedure),Aetna,Commercial,"$1,626","$1,626",$0,0.0%,"25,947"
261352009,Face mask (physical object),Aetna,Commercial,"$22,447","$22,447",$0,0.0%,"10,214"
1648755,(no description on file),Anthem,Commercial,"$488,741","$488,741",$0,0.0%,"1,843"
269911007,Sputum examination (procedure),NO_INSURANCE,Self-Pay / Uninsured,"$24,217,800","$24,217,800",$0,0.0%,"4,164"
206905,(no description on file),Humana,Commercial,"$9,881,107","$9,881,107",$0,0.0%,"38,697"
85548006,Episiotomy,Medicaid,Government,"$85,211,512","$85,211,512",$0,0.0%,"16,919"
288086009,Suture open wound,Aetna,Commercial,"$63,025,233","$63,025,233",$0,0.0%,"7,211"
223470000,Discussion about signs and symptoms (procedure),Medicare,Government,"$5,876,048","$5,876,048",$0,0.0%,"11,936"
165829005,Gonorrhea infection titer test (procedure),Cigna Health,Commercial,"$32,755,677","$32,755,677",$0,0.0%,"17,216"
58000006,Patient discharge (procedure),Cigna Health,Commercial,"$913,103","$913,103",$0,0.0%,"1,875"
167271000,Urine protein test,NO_INSURANCE,Self-Pay / Uninsured,"$27,220,649","$27,220,649",$0,0.0%,"14,275"
198039,(no description on file),Medicare,Government,"$1,149,599","$1,149,599",$0,0.0%,"4,436"
424441002,Prenatal initial visit,Humana,Commercial,"$4,341,383","$4,341,383",$0,0.0%,"36,046"
118001005,Streptococcus pneumoniae group B antigen assay,Cigna Health,Commercial,"$21,021,100","$21,021,100",$0,0.0%,"11,162"
243063003,Postoperative procedure education (procedure),Dual Eligible,Government,"$1,049,238","$1,049,238",$0,0.0%,"2,326"
313660005,Absolute CD4 count procedure (procedure),Cigna Health,Commercial,"$995,789","$995,789",$0,0.0%,"2,036"
1043400,(no description on file),Anthem,Commercial,"$1,292,661","$1,292,661",$0,0.0%,"5,888"
52,(no description on file),Anthem,Commercial,"$2,054,280","$2,054,280",$0,0.0%,"15,105"
301807007,Removal of subcutaneous contraceptive,Humana,Commercial,"$60,378,843","$60,378,843",$0,0.0%,"6,854"
1728805,(no description on file),Medicaid,Government,"$201,849","$201,849",$0,0.0%,890
1367439,(no description on file),Blue Cross Blue Shield,Commercial,"$1,809,784","$1,809,784",$0,0.0%,"1,944"
434363004,Human epidermal growth factor receptor 2 gene detection by fluorescence in situ hybridization (procedure),Medicare,Government,"$1,911,627","$1,911,627",$0,0.0%,"1,015"
104435004,Screening for occult blood in feces (procedure),Aetna,Commercial,"$11,129,287","$11,129,287",$0,0.0%,"1,932"
415070008,Percutaneous coronary intervention (procedure),Anthem,Commercial,"$39,192,843","$39,192,843",$0,0.0%,"1,975"
21,(no description on file),Dual Eligible,Government,"$303,144","$303,144",$0,0.0%,"2,229"
85548006,Episiotomy,UnitedHealthcare,Commercial,"$15,700,630","$15,700,630",$0,0.0%,"2,930"
1870230,(no description on file),UnitedHealthcare,Commercial,"$276,836","$276,836",$0,0.0%,"1,315"
271280005,Removal of endotracheal tube (procedure),Dual Eligible,Government,"$377,280","$377,280",$0,0.0%,"2,267"
70536003,Transplant of kidney (procedure),Medicaid,Government,"$819,106","$819,106",$0,0.0%,"1,785"
305351004,Admission to intensive care unit (procedure),Medicaid,Government,"$44,648,766","$44,648,766",$0,0.0%,"2,052"
746763,(no description on file),Aetna,Commercial,"$69,402","$69,402",$0,0.0%,266
61746007,Taking patient vital signs (procedure),Cigna Health,Commercial,"$872,240","$872,240",$0,0.0%,"1,790"
309097,(no description on file),Blue Cross Blue Shield,Commercial,"$1,049,586","$1,049,586",$0,0.0%,"1,452"
165355002,Patient informed - test result (situation),Anthem,Commercial,"$82,621","$82,621",$0,0.0%,169
271442007,Fetal anatomy study,Aetna,Commercial,"$6,354,115","$6,354,115",$0,0.0%,"13,240"
562251,(no description on file),Cigna Health,Commercial,"$5,906,299","$5,906,299",$0,0.0%,"11,682"
736169004,Post anesthesia care management (procedure),Dual Eligible,Government,"$2,537,151","$2,537,151",$0,0.0%,"5,597"
711069006,Coordination of care plan (procedure),NO_INSURANCE,Self-Pay / Uninsured,"$96,447","$96,447",$0,0.0%,200
385763009,Hospice care (regime/therapy),Cigna Health,Commercial,"$5,179,623","$5,179,623",$0,0.0%,514
1659131,(no description on file),Medicare,Government,"$118,997","$118,997",$0,0.0%,459
1649987,(no description on file),Medicaid,Government,"$83,995","$83,995",$0,0.0%,354
1807510,(no description on file),NO_INSURANCE,Self-Pay / Uninsured,"$104,989","$104,989",$0,0.0%,407
415300000,Review of systems (procedure),Dual Eligible,Government,"$133,462","$133,462",$0,0.0%,"1,963"
896023,(no description on file),Medicare,Government,"$84,730","$84,730",$0,0.0%,333
245314,(no description on file),UnitedHealthcare,Commercial,"$75,571","$75,571",$0,0.0%,"1,281"
317150,(no description on file),Humana,Commercial,"$101,512","$101,512",$0,0.0%,461
857005,(no description on file),Humana,Commercial,"$32,219","$32,219",$0,0.0%,"1,379"
197319,(no description on file),Medicaid,Government,"$138,859","$138,859",$0,0.0%,561
713026007,Plain X-ray of humerus (procedure),Cigna Health,Commercial,"$161,998","$161,998",$0,0.0%,311
714812005,Induced termination of pregnancy,Dual Eligible,Government,"$8,241,515","$8,241,515",$0,0.0%,"1,027"
76746007,Cardiovascular stress testing (procedure),UnitedHealthcare,Commercial,"$47,889","$47,889",$0,0.0%,94
398171003,Hearing examination (procedure),Aetna,Commercial,"$1,966,605","$1,966,605",$0,0.0%,690
309309,(no description on file),UnitedHealthcare,Commercial,"$176,988","$176,988",$0,0.0%,683
11466000,Cesarean section,Dual Eligible,Government,"$4,643,036","$4,643,036",$0,0.0%,612
866924,(no description on file),Medicaid,Government,"$41,796","$41,796",$0,0.0%,187
33,(no description on file),Aetna,Commercial,"$25,840","$25,840",$0,0.0%,190
445988008,Assessment using health assessment questionnaire (procedure),Cigna Health,Commercial,"$28,880","$28,880",$0,0.0%,59
182777000,Monitoring of patient (regime/therapy),Aetna,Commercial,"$30,497","$30,497",$0,0.0%,61
433112001,Percutaneous mechanical thrombectomy of portal vein using fluoroscopic guidance with contrast (procedure),Humana,Commercial,"$3,070,064","$3,070,064",$0,0.0%,146
302497006,Hemodialysis (procedure),Medicaid,Government,"$33,694,379","$33,694,379",$0,0.0%,177
445988008,Assessment using health assessment questionnaire (procedure),Anthem,Commercial,"$29,775","$29,775",$0,0.0%,64
445912000,Excision of fallopian tube and surgical removal of ectopic pregnancy,UnitedHealthcare,Commercial,"$1,152,748","$1,152,748",$0,0.0%,148
713024005,Plain X-ray of wrist region (procedure),UnitedHealthcare,Commercial,"$116,453","$116,453",$0,0.0%,227
317150,(no description on file),Dual Eligible,Government,"$54,473","$54,473",$0,0.0%,240
171231001,Asthma screening,Aetna,Commercial,"$204,935","$204,935",$0,0.0%,421
197591,(no description on file),Humana,Commercial,"$1,252","$1,252",$0,0.0%,153
241615005,Magnetic resonance imaging of breast (procedure),Dual Eligible,Government,"$100,436","$100,436",$0,0.0%,81
112011000119102,negative screening for depression on phq9,Humana,Commercial,"$19,762","$19,762",$0,0.0%,39
408919008,Psychosocial care (regime/therapy),Humana,Commercial,"$223,072","$223,072",$0,0.0%,455
384682003,Multidisciplinary care conference (procedure),Medicaid,Government,"$23,166","$23,166",$0,0.0%,51
200032,(no description on file),Medicare,Government,"$70,710","$70,710",$0,0.0%,270
106258,(no description on file),Blue Cross Blue Shield,Commercial,"$33,183","$33,183",$0,0.0%,173
23933004,Excision of lingual frenum (procedure),Anthem,Commercial,"$48,984","$48,984",$0,0.0%,104
1860480,(no description on file),Medicaid,Government,"$8,617","$8,617",$0,0.0%,316
856519,(no description on file),Medicare,Government,"$11,331","$11,331",$0,0.0%,39
418023006,Computed tomography of chest  abdomen and pelvis (procedure),Anthem,Commercial,"$39,093","$39,093",$0,0.0%,83
617296,(no description on file),Medicare,Government,"$50,898","$50,898",$0,0.0%,197
904481,(no description on file),Medicare,Government,"$20,107","$20,107",$0,0.0%,79
698354004,Magnetic resonance imaging for measurement of brain volume (procedure),Aetna,Commercial,"$1,107,179","$1,107,179",$0,0.0%,102
387685009,Surgical manipulation of shoulder joint,UnitedHealthcare,Commercial,"$913,373","$913,373",$0,0.0%,62
446573003,Continuous positive airway pressure titration (procedure),Medicaid,Government,"$61,601","$61,601",$0,0.0%,131
709506004,Assessment of readiness for disclosure of health status (procedure),Dual Eligible,Government,"$17,229","$17,229",$0,0.0%,39
399217008,Cardioassist by aortic balloon pump (procedure),Blue Cross Blue Shield,Commercial,"$7,078","$7,078",$0,0.0%,14
866436,(no description on file),Cigna Health,Commercial,"$18,951","$18,951",$0,0.0%,74
897122,(no description on file),Cigna Health,Commercial,"$2,104,622","$2,104,622",$0,0.0%,116
167252002,Urine pregnancy test (procedure),Cigna Health,Commercial,"$11,247","$11,247",$0,0.0%,23
312938,(no description on file),Cigna Health,Commercial,$64,$64,$0,0.0%,30
1789958,(no description on file),Dual Eligible,Government,"$5,166","$5,166",$0,0.0%,21
711018006,Assessment of social support (procedure),Aetna,Commercial,"$21,857","$21,857",$0,0.0%,44
349201,(no description on file),NO_INSURANCE,Self-Pay / Uninsured,"$2,561","$2,561",$0,0.0%,11
1649987,(no description on file),Anthem,Commercial,"$21,879","$21,879",$0,0.0%,82
713021002,Plain X-ray of pelvis (procedure),Humana,Commercial,"$52,031","$52,031",$0,0.0%,101
856519,(no description on file),Humana,Commercial,"$2,395","$2,395",$0,0.0%,9
112798008,Insertion of endotracheal tube (procedure),Humana,Commercial,"$57,263","$57,263",$0,0.0%,191
58828004,Application of dressing  sterile (procedure),Blue Cross Blue Shield,Commercial,"$17,556","$17,556",$0,0.0%,35
197884,(no description on file),Humana,Commercial,"$10,408","$10,408",$0,0.0%,41
85765000,Fiberoptic bronchoscopy (procedure),UnitedHealthcare,Commercial,"$64,488","$64,488",$0,0.0%,9
3457005,Patient referral (procedure),Blue Cross Blue Shield,Commercial,"$16,424","$16,424",$0,0.0%,33
1998772,(no description on file),Blue Cross Blue Shield,Commercial,"$10,197","$10,197",$0,0.0%,43
177765008,Opening of chest (procedure),UnitedHealthcare,Commercial,"$1,611","$1,611",$0,0.0%,3
447759004,Brachytherapy of breast (procedure),Blue Cross Blue Shield,Commercial,"$249,092","$249,092",$0,0.0%,14
309078,(no description on file),Anthem,Commercial,"$10,204","$10,204",$0,0.0%,38
309845,(no description on file),NO_INSURANCE,Self-Pay / Uninsured,$4,$4,$0,0.0%,39
709506004,Assessment of readiness for disclosure of health status (procedure),Aetna,Commercial,"$21,857","$21,857",$0,0.0%,44
999998,(no description on file),NO_INSURANCE,Self-Pay / Uninsured,"$6,709","$6,709",$0,0.0%,26
966524,(no description on file),Blue Cross Blue Shield,Commercial,"$8,192","$8,192",$0,0.0%,33
198767,(no description on file),Anthem,Commercial,"$1,413","$1,413",$0,0.0%,5
197904,(no description on file),Blue Cross Blue Shield,Commercial,"$1,592","$1,592",$0,0.0%,6
1657981,(no description on file),Dual Eligible,Government,"$15,708","$15,708",$0,0.0%,46
856980,(no description on file),Anthem,Commercial,$77,$77,$0,0.0%,7
200032,(no description on file),Anthem,Commercial,"$1,723","$1,723",$0,0.0%,7
198188,(no description on file),Dual Eligible,Government,$260,$260,$0,0.0%,2
311353,(no description on file),Aetna,Commercial,"$2,297","$2,297",$0,0.0%,9
859424,(no description on file),NO_INSURANCE,Self-Pay / Uninsured,"$1,863","$1,863",$0,0.0%,7
856980,(no description on file),Blue Cross Blue Shield,Commercial,$76,$76,$0,0.0%,6
349200,(no description on file),Aetna,Commercial,"$2,011","$2,011",$0,0.0%,8
385488000,Surgical procedure on chest wall (procedure),Anthem,Commercial,"$2,425","$2,425",$0,0.0%,5
225415001,Close observation (regime/therapy),Aetna,Commercial,"$3,139","$3,139",$0,0.0%,7
180030006,Amputation of right foot,Cigna Health,Commercial,"$83,483","$83,483",$0,0.0%,6
304531008,Treatment side effects education (procedure),UnitedHealthcare,Commercial,$948,$948,$0,0.0%,2
858810,(no description on file),UnitedHealthcare,Commercial,$516,$516,$0,0.0%,2
856556,(no description on file),UnitedHealthcare,Commercial,$542,$542,$0,0.0%,2
1373463,(no description on file),UnitedHealthcare,Commercial,"$7,480","$7,480",$0,0.0%,2
312615,(no description on file),Blue Cross Blue Shield,Commercial,$16,$16,$0,0.0%,3
90407005,Evaluation of psychiatric state of patient,NO_INSURANCE,Self-Pay / Uninsured,$550,$550,$0,0.0%,2
1789958,(no description on file),UnitedHealthcare,Commercial,$492,$492,$0,0.0%,2
1483744,(no description on file),Anthem,Commercial,$438,$438,$0,0.0%,2
617320,(no description on file),Humana,Commercial,$575,$575,$0,0.0%,2
904458,(no description on file),Aetna,Commercial,$952,$952,$0,0.0%,3
349199,(no description on file),UnitedHealthcare,Commercial,$798,$798,$0,0.0%,3
617314,(no description on file),Medicaid,Government,$380,$380,$0,0.0%,2
232657004,Lung Transplant,Dual Eligible,Government,"$1,165,838","$1,165,838",$0,0.0%,2
308429,(no description on file),Medicare,Government,$543,$543,$0,0.0%,2
312962,(no description on file),Cigna Health,Commercial,$847,$847,$0,0.0%,4
349353,(no description on file),Aetna,Commercial,$339,$339,$0,0.0%,2
182836005,Review of medication (procedure),Aetna,Commercial,"$2,585","$2,585",$0,0.0%,5
183418007,Social case work (regime/therapy),Blue Cross Blue Shield,Commercial,$816,$816,$0,0.0%,2
349201,(no description on file),Blue Cross Blue Shield,Commercial,$767,$767,$0,0.0%,3
856578,(no description on file),Cigna Health,Commercial,$726,$726,$0,0.0%,3
429609002,Lung volume reduction surgery (procedure),Aetna,Commercial,"$129,762","$129,762",$0,0.0%,8
856519,(no description on file),Anthem,Commercial,"$1,881","$1,881",$0,0.0%,6
636045,(no description on file),Anthem,Commercial,$993,$993,$0,0.0%,4
636045,(no description on file),Cigna Health,Commercial,$648,$648,$0,0.0%,2
854919,(no description on file),NO_INSURANCE,Self-Pay / Uninsured,$705,$705,$0,0.0%,3
746804,(no description on file),Aetna,Commercial,$617,$617,$0,0.0%,2
904458,(no description on file),Humana,Commercial,$674,$674,$0,0.0%,2
384692006,Intracavitary brachytherapy (procedure),Humana,Commercial,"$171,024","$171,024",$0,0.0%,9
898346,(no description on file),Blue Cross Blue Shield,Commercial,$483,$483,$0,0.0%,2
751616,(no description on file),Cigna Health,Commercial,"$1,275","$1,275",$0,0.0%,5
304531008,Treatment side effects education (procedure),Blue Cross Blue Shield,Commercial,$992,$992,$0,0.0%,2
252895004,Urodynamic studies (procedure,Blue Cross Blue Shield,Commercial,$904,$904,$0,0.0%,2
979464,(no description on file),Medicaid,Government,$663,$663,$0,0.0%,3
58776007,Autologous bone marrow transplant (procedure),UnitedHealthcare,Commercial,$948,$948,$0,0.0%,2
42839003,Repair of myelomeningocele (procedure),UnitedHealthcare,Commercial,$484,$484,$0,0.0%,1
261962,(no description on file),Cigna Health,Commercial,$130,$130,$0,0.0%,1
1190766,(no description on file),Anthem,Commercial,$283,$283,$0,0.0%,1
252895004,Urodynamic studies (procedure,UnitedHealthcare,Commercial,$484,$484,$0,0.0%,1
854908,(no description on file),NO_INSURANCE,Self-Pay / Uninsured,$283,$283,$0,0.0%,1
636042,(no description on file),NO_INSURANCE,Self-Pay / Uninsured,$283,$283,$0,0.0%,1
1245441,(no description on file),Medicaid,Government,$250,$250,$0,0.0%,1
854908,(no description on file),Aetna,Commercial,$209,$209,$0,0.0%,1
76601001,Intramuscular injection,Anthem,Commercial,"$201,079,308","$201,079,308",$0,0.0%,"82,618"
65588006,Premature birth of newborn,Medicaid,Government,"$1,332,340","$1,332,340",$0,0.0%,"2,906"
205923,(no description on file),Blue Cross Blue Shield,Commercial,"$11,980,234","$11,980,234",$0,0.0%,"206,210"
43,(no description on file),Medicaid,Government,"$5,816,720","$5,816,720",$0,0.0%,"42,770"
52052004,Rehabilitation therapy (regime/therapy),Medicare,Government,"$102,571,899","$102,571,899",$0,0.0%,"214,468"
1256042007,Restoration of tooth with coverage of all cusps using dental filling material (procedure),Medicaid,Government,"$35,443,415","$35,443,415",$0,0.0%,"76,957"
207,(no description on file),Dual Eligible,Government,"$6,450,208","$6,450,208",$0,0.0%,"47,409"
83,(no description on file),Medicaid,Government,"$7,762,744","$7,762,744",$0,0.0%,"57,079"
399208008,Plain chest X-ray (procedure),UnitedHealthcare,Commercial,"$39,979,015","$39,979,015",$0,0.0%,"4,120"
170837001,Allergic disorder initial assessment,Medicaid,Government,"$609,421","$609,421",$0,0.0%,"5,138"
430193006,Medication Reconciliation (procedure),UnitedHealthcare,Commercial,"$96,818,400","$96,818,400",$0,0.0%,"198,599"
52052004,Rehabilitation therapy (regime/therapy),Medicaid,Government,"$217,909,013","$217,909,013",$0,0.0%,"485,056"
1260009003,Removal of supragingival plaque and calculus from all teeth using dental instrument (procedure),Blue Cross Blue Shield,Commercial,"$87,539,017","$87,539,017",$0,0.0%,"173,988"
180256009,Subcutaneous immunotherapy,Anthem,Commercial,"$560,324,118","$560,324,118",$0,0.0%,"49,485"
713024005,Plain X-ray of wrist region (procedure),Humana,Commercial,"$204,179","$204,179",$0,0.0%,403
395123002,Urine screening test for diabetes,UnitedHealthcare,Commercial,"$23,377,684","$23,377,684",$0,0.0%,"11,848"
62,(no description on file),Medicaid,Government,"$11,008,384","$11,008,384",$0,0.0%,"80,944"
209387,(no description on file),UnitedHealthcare,Commercial,"$4,792,739","$4,792,739",$0,0.0%,"18,887"
197454,(no description on file),NO_INSURANCE,Self-Pay / Uninsured,"$264,880","$264,880",$0,0.0%,"1,043"
834102,(no description on file),Anthem,Commercial,"$710,887","$710,887",$0,0.0%,"3,339"
104326007,Measurement of Varicella-zoster virus antibody,NO_INSURANCE,Self-Pay / Uninsured,"$27,424,078","$27,424,078",$0,0.0%,"14,275"
52765003,Intubation,Aetna,Commercial,"$493,734","$493,734",$0,0.0%,"1,304"
1367439,(no description on file),Aetna,Commercial,"$2,468,450","$2,468,450",$0,0.0%,"2,552"
762998009,Assessment using New York Heart Association Classification (procedure),NO_INSURANCE,Self-Pay / Uninsured,"$184,472","$184,472",$0,0.0%,376
394701000,Asthma follow-up,Humana,Commercial,"$1,764,754","$1,764,754",$0,0.0%,"14,688"
1860491,(no description on file),Medicaid,Government,"$9,926,100","$9,926,100",$0,0.0%,"43,550"
104091002,Hemogram  automated  with RBC  WBC  Hgb  Hct  Indices  Platelet count  and manual WBC differential,Aetna,Commercial,"$55,569,020","$55,569,020",$0,0.0%,"29,469"
1860491,(no description on file),Blue Cross Blue Shield,Commercial,"$2,686,587","$2,686,587",$0,0.0%,"10,516"
311555007,Speech and language therapy regime (regime/therapy),Medicare,Government,"$15,552,586","$15,552,586",$0,0.0%,"18,789"
993770,(no description on file),Humana,Commercial,"$3,526,199","$3,526,199",$0,0.0%,"13,773"
47758006,Hepatitis B Surface Antigen Measurement,Aetna,Commercial,"$32,908,347","$32,908,347",$0,0.0%,"17,224"
66348005,Childbirth,Medicare,Government,"$3,830,843","$3,830,843",$0,0.0%,"7,756"
180256009,Subcutaneous immunotherapy,Cigna Health,Commercial,"$567,249,840","$567,249,840",$0,0.0%,"50,525"
410538000,Scheduling (procedure),Humana,Commercial,"$670,318","$670,318",$0,0.0%,"1,328"
395142003,Allergy screening test,Anthem,Commercial,"$1,372,395","$1,372,395",$0,0.0%,"2,827"
562508,(no description on file),Dual Eligible,Government,"$33,160","$33,160",$0,0.0%,144
49,(no description on file),Anthem,Commercial,"$1,885,096","$1,885,096",$0,0.0%,"13,861"
33367005,Angiography of coronary artery (procedure),Humana,Commercial,"$1,835,688","$1,835,688",$0,0.0%,"3,655"
386478007,Triage emergency center (procedure),NO_INSURANCE,Self-Pay / Uninsured,"$953,156","$953,156",$0,0.0%,"1,947"
37729005,Patient transfer  in-hospital (procedure),Dual Eligible,Government,"$197,432","$197,432",$0,0.0%,433
751905,(no description on file),Blue Cross Blue Shield,Commercial,"$2,867,549","$2,867,549",$0,0.0%,"3,216"
200033,(no description on file),NO_INSURANCE,Self-Pay / Uninsured,"$310,609","$310,609",$0,0.0%,"1,225"
439708006,Home visit (procedure),Humana,Commercial,"$29,447","$29,447",$0,0.0%,229
234687006,Grafting of periodontal bone defect (procedure),Humana,Commercial,"$380,356","$380,356",$0,0.0%,752
169673001,Antenatal RhD antibody screening,Humana,Commercial,"$6,719,441","$6,719,441",$0,0.0%,"3,401"
410011004,Administration of anesthesia AND/OR sedation (procedure),Dual Eligible,Government,"$133,237","$133,237",$0,0.0%,292
562366,(no description on file),Medicare,Government,$396,$396,$0,0.0%,"1,124"
127783003,Spirometry (procedure),Blue Cross Blue Shield,Commercial,"$5,539,890","$5,539,890",$0,0.0%,748
305432006,Admission to surgical transplant department (procedure),Dual Eligible,Government,"$280,750","$280,750",$0,0.0%,"2,273"
169230002,Ultrasound scan for fetal viability,Dual Eligible,Government,"$49,629,488","$49,629,488",$0,0.0%,"5,773"
212,(no description on file),Anthem,Commercial,"$578,680","$578,680",$0,0.0%,"4,255"
65677008,Pulmonary catheterization with Swan-Ganz catheter (procedure),Humana,Commercial,"$623,935","$623,935",$0,0.0%,"1,235"
29303009,Electrocardiographic procedure (procedure),Blue Cross Blue Shield,Commercial,"$5,179,161","$5,179,161",$0,0.0%,"2,045"
245314,(no description on file),Cigna Health,Commercial,"$140,278","$140,278",$0,0.0%,"2,364"
74016001,Knee X-ray,Aetna,Commercial,"$378,707","$378,707",$0,0.0%,797
895996,(no description on file),Medicare,Government,"$14,040,892","$14,040,892",$0,0.0%,"55,355"
849574,(no description on file),Anthem,Commercial,"$1,954,696","$1,954,696",$0,0.0%,"8,102"
32485007,Hospital admission (procedure),NO_INSURANCE,Self-Pay / Uninsured,"$347,866","$347,866",$0,0.0%,"2,955"
2563431,(no description on file),Cigna Health,Commercial,"$188,694","$188,694",$0,0.0%,702
390906007,Follow-up encounter (procedure),UnitedHealthcare,Commercial,"$1,905,675","$1,905,675",$0,0.0%,"26,462"
367336001,Chemotherapy (procedure),Medicaid,Government,"$1,151,763","$1,151,763",$0,0.0%,"2,510"
308971,(no description on file),Medicaid,Government,"$586,894","$586,894",$0,0.0%,607
304531008,Treatment side effects education (procedure),Medicaid,Government,"$20,870","$20,870",$0,0.0%,45
269911007,Sputum examination (procedure),UnitedHealthcare,Commercial,"$20,664,026","$20,664,026",$0,0.0%,"3,478"
711018006,Assessment of social support (procedure),Medicaid,Government,"$60,446","$60,446",$0,0.0%,130
70536003,Transplant of kidney (procedure),Cigna Health,Commercial,"$374,956","$374,956",$0,0.0%,780
997488,(no description on file),Humana,Commercial,"$289,235","$289,235",$0,0.0%,475
236974004,Instrumental delivery,Humana,Commercial,"$11,157,923","$11,157,923",$0,0.0%,"1,736"
198335,(no description on file),Medicaid,Government,"$712,517","$712,517",$0,0.0%,"3,059"
1534809,(no description on file),Aetna,Commercial,"$1,360,152","$1,360,152",$0,0.0%,"1,519"
302351005,Ligation of salivary duct (procedure),Medicare,Government,"$12,065","$12,065",$0,0.0%,24
359672006,Median sternotomy (procedure),Blue Cross Blue Shield,Commercial,"$354,310","$354,310",$0,0.0%,703
313988,(no description on file),Anthem,Commercial,"$1,687","$1,687",$0,0.0%,695
408919008,Psychosocial care (regime/therapy),UnitedHealthcare,Commercial,"$116,122","$116,122",$0,0.0%,222
371908008,Oxygen administration by mask (procedure),Blue Cross Blue Shield,Commercial,"$7,555,424","$7,555,424",$0,0.0%,"1,690"
22523008,Vasectomy,Medicaid,Government,"$6,428,811","$6,428,811",$0,0.0%,554
808917,(no description on file),Humana,Commercial,"$48,129","$48,129",$0,0.0%,194
1290407002,Plain X-ray of knee region (procedure),Cigna Health,Commercial,"$157,292","$157,292",$0,0.0%,304
212446,(no description on file),Medicaid,Government,"$32,436","$32,436",$0,0.0%,144
562366,(no description on file),Anthem,Commercial,$71,$71,$0,0.0%,179
79345008,Excision of maxillary torus palatinus (procedure),UnitedHealthcare,Commercial,"$208,819","$208,819",$0,0.0%,417
112001000119100,positive screening for depression on phq9,Aetna,Commercial,"$26,480","$26,480",$0,0.0%,53
182813001,Emergency treatment (procedure),Humana,Commercial,"$100,793","$100,793",$0,0.0%,781
180325003,Direct current cardioversion (procedure),Cigna Health,Commercial,"$1,806,201","$1,806,201",$0,0.0%,73
113076002,Oral Glucose Tolerance Test,Medicare,Government,"$28,678","$28,678",$0,0.0%,142
112790001,Nasal sinus endoscopy (procedure),UnitedHealthcare,Commercial,"$1,189,377","$1,189,377",$0,0.0%,213
396487001,Sentinel lymph node biopsy (procedure),Medicaid,Government,"$1,208,389","$1,208,389",$0,0.0%,110
225953001,Evaluating response to treatment (procedure),Medicare,Government,"$33,137","$33,137",$0,0.0%,65
74016001,Knee X-ray,UnitedHealthcare,Commercial,"$241,667","$241,667",$0,0.0%,486
1998772,(no description on file),Dual Eligible,Government,"$38,870","$38,870",$0,0.0%,159
24832002,Closed reduction of mandibular fracture (procedure),Blue Cross Blue Shield,Commercial,"$65,713","$65,713",$0,0.0%,130
1657981,(no description on file),Humana,Commercial,"$15,251","$15,251",$0,0.0%,42
410299006,Lab findings education  guidance  and counseling (procedure),NO_INSURANCE,Self-Pay / Uninsured,"$28,535","$28,535",$0,0.0%,56
997488,(no description on file),Anthem,Commercial,"$182,171","$182,171",$0,0.0%,307
61594008,Microbial culture (procedure),Medicaid,Government,"$50,718","$50,718",$0,0.0%,111
122460008,Reexploration procedure (procedure),Cigna Health,Commercial,"$11,774","$11,774",$0,0.0%,24
198211,(no description on file),Cigna Health,Commercial,"$8,195","$8,195",$0,0.0%,34
65575008,Biopsy of prostate,Blue Cross Blue Shield,Commercial,"$237,110","$237,110",$0,0.0%,88
898342,(no description on file),Medicare,Government,"$8,633","$8,633",$0,0.0%,33
205326,(no description on file),Medicaid,Government,"$2,017","$2,017",$0,0.0%,9
212446,(no description on file),Cigna Health,Commercial,"$14,409","$14,409",$0,0.0%,57
966524,(no description on file),Aetna,Commercial,"$30,207","$30,207",$0,0.0%,132
896019,(no description on file),Dual Eligible,Government,"$6,003","$6,003",$0,0.0%,26
752899,(no description on file),Blue Cross Blue Shield,Commercial,"$39,605","$39,605",$0,0.0%,62
45595009,Laparoscopic Removal of Gall Bladder,UnitedHealthcare,Commercial,"$170,490","$170,490",$0,0.0%,39
197380,(no description on file),UnitedHealthcare,Commercial,"$2,893","$2,893",$0,0.0%,12
396487001,Sentinel lymph node biopsy (procedure),Cigna Health,Commercial,"$551,548","$551,548",$0,0.0%,50
856980,(no description on file),Humana,Commercial,$223,$223,$0,0.0%,15
392021009,Lumpectomy of breast (procedure),UnitedHealthcare,Commercial,"$2,563,905","$2,563,905",$0,0.0%,78
384682003,Multidisciplinary care conference (procedure),Aetna,Commercial,"$7,074","$7,074",$0,0.0%,15
997501,(no description on file),Aetna,Commercial,"$40,746","$40,746",$0,0.0%,68
1601380,(no description on file),Humana,Commercial,"$24,720","$24,720",$0,0.0%,39
312748,(no description on file),Medicare,Government,"$2,380","$2,380",$0,0.0%,10
445528004,Treatment changed (situation),Humana,Commercial,"$6,899","$6,899",$0,0.0%,13
60151004,Neonatal Screening,UnitedHealthcare,Commercial,$998,$998,$0,0.0%,2
904481,(no description on file),Blue Cross Blue Shield,Commercial,"$1,009","$1,009",$0,0.0%,4
609588000,Total knee replacement,Dual Eligible,Government,"$172,300","$172,300",$0,0.0%,11
52734007,Total replacement of hip,NO_INSURANCE,Self-Pay / Uninsured,"$143,438","$143,438",$0,0.0%,7
896019,(no description on file),Anthem,Commercial,"$2,597","$2,597",$0,0.0%,10
833135,(no description on file),NO_INSURANCE,Self-Pay / Uninsured,"$4,560","$4,560",$0,0.0%,15
200064,(no description on file),Cigna Health,Commercial,"$4,026","$4,026",$0,0.0%,12
197905,(no description on file),Medicare,Government,"$32,733","$32,733",$0,0.0%,128
447759004,Brachytherapy of breast (procedure),Anthem,Commercial,"$270,394","$270,394",$0,0.0%,15
33633005,Prescription of drug (procedure),Blue Cross Blue Shield,Commercial,"$34,830","$34,830",$0,0.0%,70
854916,(no description on file),Humana,Commercial,"$1,301","$1,301",$0,0.0%,6
316744009,Office Visit,Aetna,Commercial,"$1,095","$1,095",$0,0.0%,15
234817001,Insertion of oral appliance for the handicapped (procedure),Medicaid,Government,"$3,236","$3,236",$0,0.0%,7
352001,(no description on file),Dual Eligible,Government,$649,$649,$0,0.0%,3
166001,Behavioral therapy (regime/therapy),Blue Cross Blue Shield,Commercial,"$1,081","$1,081",$0,0.0%,2
88848003,Psychiatric follow-up,NO_INSURANCE,Self-Pay / Uninsured,$571,$571,$0,0.0%,2
859749,(no description on file),Humana,Commercial,$559,$559,$0,0.0%,2
305425002,Admission to neurosurgical department,Aetna,Commercial,"$2,932","$2,932",$0,0.0%,6
198188,(no description on file),Blue Cross Blue Shield,Commercial,$565,$565,$0,0.0%,2
88039007,Transplant of lung (procedure),Humana,Commercial,"$393,894","$393,894",$0,0.0%,2
898342,(no description on file),Humana,Commercial,$220,$220,$0,0.0%,1
241645008,Magnetic resonance imaging of spine (procedure),UnitedHealthcare,Commercial,$484,$484,$0,0.0%,1
312421008,Radionuclide Imaging,UnitedHealthcare,Commercial,$408,$408,$0,0.0%,1
861646,(no description on file),Medicaid,Government,$233,$233,$0,0.0%,1
866429,(no description on file),Dual Eligible,Government,$209,$209,$0,0.0%,1
833135,(no description on file),UnitedHealthcare,Commercial,$135,$135,$0,0.0%,1
16983000,Death in hospital (event),Blue Cross Blue Shield,Commercial,$434,$434,$0,0.0%,1
274804006,Evaluation of uterine fundal height,NO_INSURANCE,Self-Pay / Uninsured,"$760,301,710","$760,301,710",$0,0.0%,"150,052"
225362009,Dental care (regime/therapy),UnitedHealthcare,Commercial,"$80,470,660","$80,470,660",$0,0.0%,"160,168"
410620009,Well child visit (procedure),Humana,Commercial,"$23,239,087","$23,239,087",$0,0.0%,"176,710"
76601001,Intramuscular injection,Cigna Health,Commercial,"$204,504,912","$204,504,912",$0,0.0%,"84,492"
67879005,History and physical examination  limited (procedure),NO_INSURANCE,Self-Pay / Uninsured,"$2,981,568","$2,981,568",$0,0.0%,"6,096"
167271000,Urine protein test,UnitedHealthcare,Commercial,"$23,165,137","$23,165,137",$0,0.0%,"11,848"
2001499,(no description on file),Humana,Commercial,"$86,129","$86,129",$0,0.0%,916
50849002,Emergency room admission (procedure),Anthem,Commercial,"$6,254,026","$6,254,026",$0,0.0%,"52,424"
49,(no description on file),Humana,Commercial,"$2,780,112","$2,780,112",$0,0.0%,"20,442"
173291009,Simple extraction of tooth (procedure),Dual Eligible,Government,"$4,895,705","$4,895,705",$0,0.0%,"10,800"
1043400,(no description on file),NO_INSURANCE,Self-Pay / Uninsured,"$1,106,729","$1,106,729",$0,0.0%,"5,222"
185345009,Encounter for symptom,Dual Eligible,Government,"$6,950,336","$6,950,336",$0,0.0%,"96,469"
209387,(no description on file),Anthem,Commercial,"$7,972,356","$7,972,356",$0,0.0%,"30,323"
57617002,Urine specimen collection (procedure),Medicaid,Government,"$9,924,529","$9,924,529",$0,0.0%,"21,357"
454711000124102,Depression screening using Patient Health Questionnaire Two-Item score (procedure),UnitedHealthcare,Commercial,"$4,820","$4,820",$0,0.0%,"128,652"
171207006,Depression screening (procedure),UnitedHealthcare,Commercial,"$16,342,252","$16,342,252",$0,0.0%,"237,074"
66348005,Childbirth,Cigna Health,Commercial,"$4,592,802","$4,592,802",$0,0.0%,"9,490"
314077,(no description on file),Dual Eligible,Government,"$1,299,233","$1,299,233",$0,0.0%,"5,613"
114,(no description on file),UnitedHealthcare,Commercial,"$2,325,328","$2,325,328",$0,0.0%,"17,098"
252482003,Stair-climbing test (procedure),NO_INSURANCE,Self-Pay / Uninsured,"$555,266","$555,266",$0,0.0%,"1,138"
35025007,Manual pelvic examination (procedure),Dual Eligible,Government,"$1,206,996","$1,206,996",$0,0.0%,"9,035"
386394001,Pregnancy termination care,Cigna Health,Commercial,"$3,352,380","$3,352,380",$0,0.0%,"4,971"
745752,(no description on file),Medicare,Government,"$7,045,058","$7,045,058",$0,0.0%,"27,690"
261352009,Face mask (physical object),Humana,Commercial,"$28,530","$28,530",$0,0.0%,"12,375"
311700,(no description on file),Medicaid,Government,$635,$635,$0,0.0%,"3,280"
43,(no description on file),Cigna Health,Commercial,"$2,483,088","$2,483,088",$0,0.0%,"18,258"
397821002,Patient transfer to intensive care unit (procedure),Medicare,Government,"$899,740","$899,740",$0,0.0%,"7,261"
306185001,Referral to cardiac surgery service (procedure),Medicare,Government,"$4,256,466","$4,256,466",$0,0.0%,"8,648"
119,(no description on file),Medicaid,Government,"$8,398,544","$8,398,544",$0,0.0%,"61,754"
229095001,Exercise class,Medicaid,Government,"$4,975,691","$4,975,691",$0,0.0%,"10,641"
21,(no description on file),Humana,Commercial,"$1,773,576","$1,773,576",$0,0.0%,"13,041"
103750000,Sleep apnea assessment (procedure),NO_INSURANCE,Self-Pay / Uninsured,"$5,039,593","$5,039,593",$0,0.0%,"10,613"
229064008,Movement therapy (regime/therapy),Aetna,Commercial,"$3,720,683","$3,720,683",$0,0.0%,"7,662"
385798007,Radiation therapy care (regime/therapy),Medicare,Government,"$3,405,419","$3,405,419",$0,0.0%,"6,929"
410401003,Nursing care/supplementary surveillance (regime/therapy),NO_INSURANCE,Self-Pay / Uninsured,"$43,702,197","$43,702,197",$0,0.0%,"5,349"
185389009,Follow-up visit (procedure),Medicare,Government,"$1,091,017","$1,091,017",$0,0.0%,"15,301"
252482003,Stair-climbing test (procedure),Medicaid,Government,"$1,498,878","$1,498,878",$0,0.0%,"3,300"
699253003,Surgical manipulation of joint of knee,Blue Cross Blue Shield,Commercial,"$10,671,854","$10,671,854",$0,0.0%,648
415070008,Percutaneous coronary intervention (procedure),UnitedHealthcare,Commercial,"$23,414,135","$23,414,135",$0,0.0%,"1,138"
1648755,(no description on file),Medicare,Government,"$261,396","$261,396",$0,0.0%,"1,016"
389221,(no description on file),Dual Eligible,Government,"$55,814","$55,814",$0,0.0%,"1,237"
210098006,Domiciliary or rest home patient evaluation and management,Blue Cross Blue Shield,Commercial,"$140,258","$140,258",$0,0.0%,"1,177"
198440,(no description on file),Dual Eligible,Government,$781,$781,$0,0.0%,"24,785"
110467000,Pre-surgery testing (procedure),Medicare,Government,"$4,222,255","$4,222,255",$0,0.0%,"8,608"
226719,(no description on file),Humana,Commercial,"$214,352","$214,352",$0,0.0%,829
1719286,(no description on file),Medicaid,Government,$581,$581,$0,0.0%,"6,134"
169673001,Antenatal RhD antibody screening,Medicare,Government,"$2,680,203","$2,680,203",$0,0.0%,"1,417"
31208007,Medical induction of labor,Aetna,Commercial,"$6,476,195","$6,476,195",$0,0.0%,"1,905"
8290005,Induced cardioplegia (procedure),Aetna,Commercial,"$356,431","$356,431",$0,0.0%,740
197319,(no description on file),Medicare,Government,"$252,915","$252,915",$0,0.0%,899
711446003,Transplantation of kidney regime (regime/therapy),Medicaid,Government,"$8,145,305","$8,145,305",$0,0.0%,"10,513"
236931002,Methotrexate injection into tubal pregnancy,Medicare,Government,"$397,666","$397,666",$0,0.0%,168
1290407002,Plain X-ray of knee region (procedure),Medicare,Government,"$323,598","$323,598",$0,0.0%,619
751905,(no description on file),Medicare,Government,"$2,406,877","$2,406,877",$0,0.0%,"2,689"
236974004,Instrumental delivery,Aetna,Commercial,"$4,963,508","$4,963,508",$0,0.0%,822
33633005,Prescription of drug (procedure),Humana,Commercial,"$71,313","$71,313",$0,0.0%,145
183452005,Emergency hospital admission (procedure),NO_INSURANCE,Self-Pay / Uninsured,"$149,727","$149,727",$0,0.0%,"2,091"
110467000,Pre-surgery testing (procedure),Anthem,Commercial,"$552,305","$552,305",$0,0.0%,"1,138"
23933004,Excision of lingual frenum (procedure),Medicaid,Government,"$142,924","$142,924",$0,0.0%,313
1234995,(no description on file),NO_INSURANCE,Self-Pay / Uninsured,"$1,497","$1,497",$0,0.0%,"1,122"
313988,(no description on file),NO_INSURANCE,Self-Pay / Uninsured,"$5,030","$5,030",$0,0.0%,"2,274"
19490002,Ankle X-ray,Cigna Health,Commercial,"$358,881","$358,881",$0,0.0%,756
1648755,(no description on file),Blue Cross Blue Shield,Commercial,"$379,009","$379,009",$0,0.0%,"1,484"
23745001,Documentation procedure (procedure),Aetna,Commercial,"$569,300","$569,300",$0,0.0%,"1,186"
301882004,Placement of aortic cross clamp (procedure),Aetna,Commercial,"$356,431","$356,431",$0,0.0%,740
306316000,Referral to transplant surgeon (procedure),Humana,Commercial,"$631,402","$631,402",$0,0.0%,"1,250"
997488,(no description on file),UnitedHealthcare,Commercial,"$236,653","$236,653",$0,0.0%,397
242969,(no description on file),Blue Cross Blue Shield,Commercial,"$1,751","$1,751",$0,0.0%,586
417511005,Referral to home health care service (procedure),Medicaid,Government,"$118,705","$118,705",$0,0.0%,262
185317003,Telephone encounter (procedure),NO_INSURANCE,Self-Pay / Uninsured,"$32,073","$32,073",$0,0.0%,428
398171003,Hearing examination (procedure),UnitedHealthcare,Commercial,"$1,082,297","$1,082,297",$0,0.0%,375
76464004,Hospital admission  for observation (procedure),NO_INSURANCE,Self-Pay / Uninsured,"$11,816","$11,816",$0,0.0%,97
19589009,Radiography of mandible (procedure),Dual Eligible,Government,"$74,048","$74,048",$0,0.0%,164
1571000087109,Ultrasonography of bilateral breasts (procedure),Humana,Commercial,"$98,843","$98,843",$0,0.0%,247
711069006,Coordination of care plan (procedure),Anthem,Commercial,"$65,048","$65,048",$0,0.0%,135
284215,(no description on file),Blue Cross Blue Shield,Commercial,"$13,538","$13,538",$0,0.0%,52
180178009,Continuous subcutaneous infusion of insulin (procedure),Aetna,Commercial,"$115,111","$115,111",$0,0.0%,243
1091392,(no description on file),NO_INSURANCE,Self-Pay / Uninsured,"$327,771","$327,771",$0,0.0%,123
1536144,(no description on file),Blue Cross Blue Shield,Commercial,"$26,077","$26,077",$0,0.0%,97
752899,(no description on file),Cigna Health,Commercial,"$95,990","$95,990",$0,0.0%,144
2119714,(no description on file),Medicaid,Government,"$72,684","$72,684",$0,0.0%,83
311372,(no description on file),Aetna,Commercial,"$17,051","$17,051",$0,0.0%,66
866429,(no description on file),Medicaid,Government,"$2,395","$2,395",$0,0.0%,11
234687006,Grafting of periodontal bone defect (procedure),Blue Cross Blue Shield,Commercial,"$209,750","$209,750",$0,0.0%,418
859747,(no description on file),Anthem,Commercial,"$5,062","$5,062",$0,0.0%,19
112798008,Insertion of endotracheal tube (procedure),Cigna Health,Commercial,"$46,182","$46,182",$0,0.0%,162
617310,(no description on file),Dual Eligible,Government,"$47,871","$47,871",$0,0.0%,211
855812,(no description on file),Humana,Commercial,"$151,695","$151,695",$0,0.0%,600
562366,(no description on file),NO_INSURANCE,Self-Pay / Uninsured,$67,$67,$0,0.0%,204
904458,(no description on file),Medicaid,Government,"$2,575","$2,575",$0,0.0%,11
223484005,Discussion about treatment (procedure),UnitedHealthcare,Commercial,"$28,172","$28,172",$0,0.0%,284
313613002,Hepatitis A antibody test (procedure),Humana,Commercial,"$12,464","$12,464",$0,0.0%,24
1361048,(no description on file),Humana,Commercial,"$97,233","$97,233",$0,0.0%,385
104308009,Serologic test for Toxoplasma gondii (procedure),Humana,Commercial,"$22,748","$22,748",$0,0.0%,44
1659131,(no description on file),Blue Cross Blue Shield,Commercial,"$86,836","$86,836",$0,0.0%,338
418891003,Computed tomography of chest and abdomen,Anthem,Commercial,"$837,953","$837,953",$0,0.0%,91
26604007,Complete blood count (procedure),UnitedHealthcare,Commercial,"$129,244","$129,244",$0,0.0%,258
236931002,Methotrexate injection into tubal pregnancy,Aetna,Commercial,"$446,001","$446,001",$0,0.0%,178
403875,(no description on file),Medicare,Government,"$10,501","$10,501",$0,0.0%,43
429609002,Lung volume reduction surgery (procedure),Humana,Commercial,"$210,134","$210,134",$0,0.0%,6
1656356,(no description on file),UnitedHealthcare,Commercial,"$5,082","$5,082",$0,0.0%,22
197905,(no description on file),Cigna Health,Commercial,"$2,410","$2,410",$0,0.0%,10
167995008,Sputum microscopy (procedure),Medicare,Government,"$790,845","$790,845",$0,0.0%,133
12719002,Platelet transfusion (procedure),Anthem,Commercial,"$56,285","$56,285",$0,0.0%,110
198767,(no description on file),Blue Cross Blue Shield,Commercial,"$7,871","$7,871",$0,0.0%,32
617312,(no description on file),Aetna,Commercial,"$15,417","$15,417",$0,0.0%,60
866436,(no description on file),Blue Cross Blue Shield,Commercial,"$4,335","$4,335",$0,0.0%,17
727762,(no description on file),Medicaid,Government,"$7,041","$7,041",$0,0.0%,39
79094001,Initial Psychiatric Interview with mental status evaluation,NO_INSURANCE,Self-Pay / Uninsured,"$5,051","$5,051",$0,0.0%,42
904467,(no description on file),NO_INSURANCE,Self-Pay / Uninsured,"$4,432","$4,432",$0,0.0%,18
999999,(no description on file),Aetna,Commercial,"$7,369","$7,369",$0,0.0%,30
177765008,Opening of chest (procedure),Cigna Health,Commercial,"$8,605","$8,605",$0,0.0%,17
349199,(no description on file),Dual Eligible,Government,"$5,190","$5,190",$0,0.0%,23
198334,(no description on file),Cigna Health,Commercial,"$2,393","$2,393",$0,0.0%,9
1657981,(no description on file),NO_INSURANCE,Self-Pay / Uninsured,"$5,519","$5,519",$0,0.0%,16
617312,(no description on file),Anthem,Commercial,"$12,445","$12,445",$0,0.0%,49
197885,(no description on file),UnitedHealthcare,Commercial,"$2,641","$2,641",$0,0.0%,12
386510005,Amputation care (regime/therapy),Aetna,Commercial,"$4,076","$4,076",$0,0.0%,9
617320,(no description on file),Dual Eligible,Government,"$2,542","$2,542",$0,0.0%,11
197379,(no description on file),UnitedHealthcare,Commercial,"$2,003","$2,003",$0,0.0%,8
84728005,Neurological examination (procedure),Medicaid,Government,"$4,795","$4,795",$0,0.0%,10
197886,(no description on file),Anthem,Commercial,"$2,547","$2,547",$0,0.0%,10
385488000,Surgical procedure on chest wall (procedure),Medicare,Government,"$4,865","$4,865",$0,0.0%,10
904481,(no description on file),UnitedHealthcare,Commercial,"$1,156","$1,156",$0,0.0%,4
473220001,Hematologic disorder medication review (procedure),UnitedHealthcare,Commercial,"$44,495","$44,495",$0,0.0%,4
113120007,Interstitial brachytherapy (procedure),NO_INSURANCE,Self-Pay / Uninsured,"$51,777","$51,777",$0,0.0%,3
200619008,Comprehensive interview and evaluation (procedure),Blue Cross Blue Shield,Commercial,"$2,393","$2,393",$0,0.0%,5
854916,(no description on file),NO_INSURANCE,Self-Pay / Uninsured,"$1,101","$1,101",$0,0.0%,4
473220001,Hematologic disorder medication review (procedure),Aetna,Commercial,"$29,748","$29,748",$0,0.0%,4
854919,(no description on file),Humana,Commercial,"$1,226","$1,226",$0,0.0%,5
1437975,(no description on file),Medicare,Government,$679,$679,$0,0.0%,3
763138,(no description on file),Aetna,Commercial,$903,$903,$0,0.0%,4
52734007,Total replacement of hip,Blue Cross Blue Shield,Commercial,"$81,895","$81,895",$0,0.0%,3
67799006,Diagnosis of cystic fibrosis using sweat test and gene test,UnitedHealthcare,Commercial,$233,$233,$0,0.0%,2
84728005,Neurological examination (procedure),Blue Cross Blue Shield,Commercial,$904,$904,$0,0.0%,2
198188,(no description on file),NO_INSURANCE,Self-Pay / Uninsured,$742,$742,$0,0.0%,3
9002005,Manual testing of muscle function (procedure),Blue Cross Blue Shield,Commercial,$904,$904,$0,0.0%,2
596926,(no description on file),Humana,Commercial,$43,$43,$0,0.0%,3
483438,(no description on file),Humana,Commercial,$38,$38,$0,0.0%,1
234336002,Hemopoietic stem cell transplant (procedure),Aetna,Commercial,"$1,047","$1,047",$0,0.0%,2
854916,(no description on file),UnitedHealthcare,Commercial,$130,$130,$0,0.0%,1
162673000,General examination of patient (procedure),Blue Cross Blue Shield,Commercial,"$24,845,930","$24,845,930",$0,0.0%,"186,819"
31676001,Human immunodeficiency virus antigen test,Medicaid,Government,"$99,217,874","$99,217,874",$0,0.0%,"54,630"
269911007,Sputum examination (procedure),Medicare,Government,"$55,804,218","$55,804,218",$0,0.0%,"9,688"
212033,(no description on file),Medicare,Government,"$1,371,163","$1,371,163",$0,0.0%,"5,298"
274788003,Examination of gingivae (procedure),Blue Cross Blue Shield,Commercial,"$87,542,130","$87,542,130",$0,0.0%,"173,994"
167271000,Urine protein test,Humana,Commercial,"$47,810,841","$47,810,841",$0,0.0%,"24,148"
310798,(no description on file),Aetna,Commercial,"$207,749","$207,749",$0,0.0%,"186,125"
103697008,Patient referral for dental care (procedure),Humana,Commercial,"$13,593,118","$13,593,118",$0,0.0%,"303,126"
1259293006,Application of composite dental filling material to dentin of tooth following fracture of tooth (procedure),Blue Cross Blue Shield,Commercial,"$8,761,166","$8,761,166",$0,0.0%,"17,420"
66348005,Childbirth,Blue Cross Blue Shield,Commercial,"$5,133,202","$5,133,202",$0,0.0%,"10,101"
1860491,(no description on file),Humana,Commercial,"$4,579,718","$4,579,718",$0,0.0%,"17,795"
268556000,Urine screening for glucose,UnitedHealthcare,Commercial,"$22,397,167","$22,397,167",$0,0.0%,"11,373"
21,(no description on file),Medicare,Government,"$547,808","$547,808",$0,0.0%,"4,028"
14768001,Peripheral blood smear interpretation,UnitedHealthcare,Commercial,"$2,083,610","$2,083,610",$0,0.0%,"4,122"
979485,(no description on file),Medicare,Government,"$121,265","$121,265",$0,0.0%,"23,002"
2123111,(no description on file),Cigna Health,Commercial,"$14,452,820","$14,452,820",$0,0.0%,"9,526"
1367439,(no description on file),Humana,Commercial,"$3,100,607","$3,100,607",$0,0.0%,"3,297"
351136,(no description on file),NO_INSURANCE,Self-Pay / Uninsured,"$883,678","$883,678",$0,0.0%,"3,524"
1361048,(no description on file),Medicare,Government,"$886,998","$886,998",$0,0.0%,"3,423"
713106006,Screening for drug abuse (procedure),Humana,Commercial,"$9,094","$9,094",$0,0.0%,"163,527"
311555007,Speech and language therapy regime (regime/therapy),UnitedHealthcare,Commercial,"$1,766,697","$1,766,697",$0,0.0%,"1,840"
854252,(no description on file),Medicare,Government,"$500,292","$500,292",$0,0.0%,"29,741"
229064008,Movement therapy (regime/therapy),Blue Cross Blue Shield,Commercial,"$3,818,525","$3,818,525",$0,0.0%,"7,564"
65546002,Extraction of wisdom tooth,Humana,Commercial,"$4,701,062","$4,701,062",$0,0.0%,401
16335031000119103,High resolution computed tomography of chest without contrast (procedure),Medicare,Government,"$14,343,065","$14,343,065",$0,0.0%,"16,970"
49,(no description on file),UnitedHealthcare,Commercial,"$2,426,240","$2,426,240",$0,0.0%,"17,840"
311034,(no description on file),Anthem,Commercial,"$51,759","$51,759",$0,0.0%,197
243670,(no description on file),Medicare,Government,"$950,920","$950,920",$0,0.0%,"4,836"
473231009,Renal disorder medication review (procedure),Medicaid,Government,"$4,008,275","$4,008,275",$0,0.0%,"8,743"
1736854,(no description on file),NO_INSURANCE,Self-Pay / Uninsured,"$7,557,162","$7,557,162",$0,0.0%,"17,411"
394701000,Asthma follow-up,Dual Eligible,Government,"$1,160,805","$1,160,805",$0,0.0%,"9,711"
108290001,Radiation oncology AND/OR radiotherapy (procedure),Medicare,Government,"$192,371,365","$192,371,365",$0,0.0%,"1,831"
85548006,Episiotomy,Aetna,Commercial,"$15,167,875","$15,167,875",$0,0.0%,"2,985"
274474001,Bone immobilization,Aetna,Commercial,"$1,870,790","$1,870,790",$0,0.0%,"3,842"
313820,(no description on file),UnitedHealthcare,Commercial,"$761,292","$761,292",$0,0.0%,"5,705"
119,(no description on file),Blue Cross Blue Shield,Commercial,"$1,625,064","$1,625,064",$0,0.0%,"11,949"
1049221,(no description on file),Medicare,Government,"$82,290","$82,290",$0,0.0%,"6,615"
198039,(no description on file),NO_INSURANCE,Self-Pay / Uninsured,"$111,798","$111,798",$0,0.0%,433
183478001,Emergency hospital admission for asthma,Cigna Health,Commercial,"$285,121","$285,121",$0,0.0%,"2,353"
268400002,12 lead electrocardiogram (procedure),Medicare,Government,"$502,860","$502,860",$0,0.0%,766
698560000,Referral to sleep apnea clinic (procedure),Aetna,Commercial,"$519,765","$519,765",$0,0.0%,"1,071"
710839006,Assessment of cardiac status using monitoring device (procedure),Humana,Commercial,"$310,372","$310,372",$0,0.0%,623
446573003,Continuous positive airway pressure titration (procedure),Medicare,Government,"$772,604","$772,604",$0,0.0%,"1,574"
198335,(no description on file),Humana,Commercial,"$337,261","$337,261",$0,0.0%,"1,301"
3,(no description on file),Dual Eligible,Government,"$303,144","$303,144",$0,0.0%,"2,229"
65546002,Extraction of wisdom tooth,Dual Eligible,Government,"$17,193,889","$17,193,889",$0,0.0%,"1,652"
65588006,Premature birth of newborn,Cigna Health,Commercial,"$269,489","$269,489",$0,0.0%,566
52765003,Intubation,Medicaid,Government,"$1,249,706","$1,249,706",$0,0.0%,"3,472"
896209,(no description on file),NO_INSURANCE,Self-Pay / Uninsured,"$2,166,378","$2,166,378",$0,0.0%,"3,666"
483438,(no description on file),Medicare,Government,"$35,004","$35,004",$0,0.0%,"1,302"
270427003,Patient-initiated encounter,Aetna,Commercial,"$348,123","$348,123",$0,0.0%,"4,939"
418891003,Computed tomography of chest and abdomen,Medicaid,Government,"$2,320,951","$2,320,951",$0,0.0%,269
170838006,Allergic disorder follow-up assessment,UnitedHealthcare,Commercial,"$91,764","$91,764",$0,0.0%,768
385798007,Radiation therapy care (regime/therapy),Medicaid,Government,"$1,549,842","$1,549,842",$0,0.0%,"3,447"
313660005,Absolute CD4 count procedure (procedure),UnitedHealthcare,Commercial,"$523,644","$523,644",$0,0.0%,"1,055"
71493000,Transfusion of packed red blood cells (procedure),NO_INSURANCE,Self-Pay / Uninsured,"$1,241,489","$1,241,489",$0,0.0%,891
430701006,Resuscitation using intravenous fluid (procedure),Humana,Commercial,"$525,854","$525,854",$0,0.0%,574
866924,(no description on file),Humana,Commercial,"$17,506","$17,506",$0,0.0%,71
183478001,Emergency hospital admission for asthma,NO_INSURANCE,Self-Pay / Uninsured,"$243,656","$243,656",$0,0.0%,"1,975"
1736776,(no description on file),Cigna Health,Commercial,"$3,369,347","$3,369,347",$0,0.0%,"1,310"
855812,(no description on file),NO_INSURANCE,Self-Pay / Uninsured,"$124,765","$124,765",$0,0.0%,480
749196,(no description on file),Cigna Health,Commercial,"$55,215","$55,215",$0,0.0%,214
198014,(no description on file),Dual Eligible,Government,"$65,241","$65,241",$0,0.0%,287
1999667,(no description on file),Anthem,Commercial,"$64,903","$64,903",$0,0.0%,243
999999,(no description on file),Anthem,Commercial,"$20,298","$20,298",$0,0.0%,73
305340004,Admission to long stay hospital,Dual Eligible,Government,"$24,445","$24,445",$0,0.0%,54
47505003,posttraumatic stress disorder,NO_INSURANCE,Self-Pay / Uninsured,"$5,213","$5,213",$0,0.0%,44
177157003,Spontaneous breech delivery,Humana,Commercial,"$302,407","$302,407",$0,0.0%,47
241055006,Mammogram - symptomatic (procedure),Cigna Health,Commercial,"$16,645","$16,645",$0,0.0%,140
1856546,(no description on file),UnitedHealthcare,Commercial,"$29,605","$29,605",$0,0.0%,"1,331"
312853008,Medical records review (procedure),Aetna,Commercial,"$37,480","$37,480",$0,0.0%,79
198014,(no description on file),Aetna,Commercial,"$59,232","$59,232",$0,0.0%,229
408919008,Psychosocial care (regime/therapy),Dual Eligible,Government,"$36,475","$36,475",$0,0.0%,79
205532,(no description on file),Medicare,Government,"$571,652","$571,652",$0,0.0%,503
698354004,Magnetic resonance imaging for measurement of brain volume (procedure),Blue Cross Blue Shield,Commercial,"$646,920","$646,920",$0,0.0%,66
312853008,Medical records review (procedure),Dual Eligible,Government,"$210,662","$210,662",$0,0.0%,464
302497006,Hemodialysis (procedure),Aetna,Commercial,"$13,715,633","$13,715,633",$0,0.0%,73
866146005,Serum metabolic panel (procedure),Dual Eligible,Government,"$101,968","$101,968",$0,0.0%,223
234262008,Excision of axillary lymph node (procedure),Medicare,Government,"$402,781","$402,781",$0,0.0%,320
183450002,Admission to burn unit,NO_INSURANCE,Self-Pay / Uninsured,"$36,530","$36,530",$0,0.0%,75
855812,(no description on file),UnitedHealthcare,Commercial,"$76,590","$76,590",$0,0.0%,303
1728805,(no description on file),Blue Cross Blue Shield,Commercial,"$47,281","$47,281",$0,0.0%,183
42825003,Cannulation (procedure),NO_INSURANCE,Self-Pay / Uninsured,"$311,842","$311,842",$0,0.0%,640
426701000119108,Ultrasonography of abdomen  right upper quadrant and epigastrium,NO_INSURANCE,Self-Pay / Uninsured,"$36,756","$36,756",$0,0.0%,75
197541,(no description on file),Aetna,Commercial,"$15,480","$15,480",$0,0.0%,101
1290459008,Plain X-ray of ankle region (procedure),Dual Eligible,Government,"$74,900","$74,900",$0,0.0%,148
385892002,Mental health screening (procedure),Dual Eligible,Government,$658,$658,$0,0.0%,21
617312,(no description on file),UnitedHealthcare,Commercial,"$5,177","$5,177",$0,0.0%,21
1656356,(no description on file),NO_INSURANCE,Self-Pay / Uninsured,"$65,528","$65,528",$0,0.0%,258
762998009,Assessment using New York Heart Association Classification (procedure),UnitedHealthcare,Commercial,"$116,566","$116,566",$0,0.0%,234
171121004,Human immunodeficiency virus screening (procedure),Cigna Health,Commercial,"$19,685","$19,685",$0,0.0%,41
90407005,Evaluation of psychiatric state of patient,Aetna,Commercial,"$1,923","$1,923",$0,0.0%,9
1664986,(no description on file),Aetna,Commercial,"$2,432","$2,432",$0,0.0%,11
1664986,(no description on file),Medicaid,Government,"$4,558","$4,558",$0,0.0%,21
304531008,Treatment side effects education (procedure),NO_INSURANCE,Self-Pay / Uninsured,"$5,530","$5,530",$0,0.0%,11
86013001,Periodic reevaluation and management of healthy individual (procedure),Anthem,Commercial,"$18,096","$18,096",$0,0.0%,155
746466,(no description on file),Medicare,Government,"$1,653","$1,653",$0,0.0%,6
773996000,Transcatheter aortic valve implantation (procedure),NO_INSURANCE,Self-Pay / Uninsured,"$2,968","$2,968",$0,0.0%,6
384692006,Intracavitary brachytherapy (procedure),Anthem,Commercial,"$156,369","$156,369",$0,0.0%,9
476349,(no description on file),Dual Eligible,Government,"$1,616","$1,616",$0,0.0%,7
85765000,Fiberoptic bronchoscopy (procedure),Blue Cross Blue Shield,Commercial,"$100,963","$100,963",$0,0.0%,13
993452,(no description on file),Aetna,Commercial,"$4,372","$4,372",$0,0.0%,4
349200,(no description on file),Anthem,Commercial,"$1,511","$1,511",$0,0.0%,5
596926,(no description on file),UnitedHealthcare,Commercial,$118,$118,$0,0.0%,4
349483,(no description on file),Anthem,Commercial,$674,$674,$0,0.0%,2
746804,(no description on file),Anthem,Commercial,$617,$617,$0,0.0%,2
312962,(no description on file),NO_INSURANCE,Self-Pay / Uninsured,$492,$492,$0,0.0%,2
866516,(no description on file),NO_INSURANCE,Self-Pay / Uninsured,$565,$565,$0,0.0%,2
993452,(no description on file),UnitedHealthcare,Commercial,"$2,100","$2,100",$0,0.0%,2
860518,(no description on file),Anthem,Commercial,$250,$250,$0,0.0%,1
140,(no description on file),Medicaid,Government,"$170,295,664","$170,295,664",$0,0.0%,"1,252,174"
1260010008,Removal of subgingival plaque and calculus from all teeth using dental instrument (procedure),Cigna Health,Commercial,"$125,818,215","$125,818,215",$0,0.0%,"259,392"
428211000124100,Assessment of substance use (procedure),Blue Cross Blue Shield,Commercial,"$1,270,083","$1,270,083",$0,0.0%,"203,994"
225158009,Auscultation of the fetal heart,NO_INSURANCE,Self-Pay / Uninsured,"$759,921,450","$759,921,450",$0,0.0%,"150,052"
1659149,(no description on file),Humana,Commercial,"$8,907","$8,907",$0,0.0%,995
710841007,Assessment of anxiety (procedure),Blue Cross Blue Shield,Commercial,"$9,477,062","$9,477,062",$0,0.0%,"155,665"
371883000,Outpatient procedure,Cigna Health,Commercial,"$5,921,800","$5,921,800",$0,0.0%,"50,525"
31676001,Human immunodeficiency virus antigen test,UnitedHealthcare,Commercial,"$23,599,694","$23,599,694",$0,0.0%,"11,848"
119,(no description on file),NO_INSURANCE,Self-Pay / Uninsured,"$1,501,304","$1,501,304",$0,0.0%,"11,039"
18946005,Epidural anesthesia,NO_INSURANCE,Self-Pay / Uninsured,"$5,489,009","$5,489,009",$0,0.0%,"2,923"
1807513,(no description on file),Dual Eligible,Government,"$17,366","$17,366",$0,0.0%,"3,028"
183460006,Obstetric emergency hospital admission,Aetna,Commercial,"$1,374,247","$1,374,247",$0,0.0%,"11,166"
1664463,(no description on file),Aetna,Commercial,"$3,283,396","$3,283,396",$0,0.0%,"12,721"
748962,(no description on file),Medicaid,Government,"$10,375,071","$10,375,071",$0,0.0%,"12,982"
114,(no description on file),Cigna Health,Commercial,"$2,925,360","$2,925,360",$0,0.0%,"21,510"
979485,(no description on file),Humana,Commercial,"$22,517","$22,517",$0,0.0%,"4,221"
833135,(no description on file),Medicare,Government,"$234,963","$234,963",$0,0.0%,977
32485007,Hospital admission (procedure),Anthem,Commercial,"$360,125","$360,125",$0,0.0%,"3,120"
205923,(no description on file),Aetna,Commercial,"$18,404,757","$18,404,757",$0,0.0%,"307,872"
50849002,Emergency room admission (procedure),Humana,Commercial,"$7,147,779","$7,147,779",$0,0.0%,"55,036"
617310,(no description on file),Humana,Commercial,"$21,444","$21,444",$0,0.0%,85
207,(no description on file),Anthem,Commercial,"$7,509,240","$7,509,240",$0,0.0%,"55,213"
169762003,Postnatal visit,Humana,Commercial,"$2,795,445","$2,795,445",$0,0.0%,"23,200"
133,(no description on file),Dual Eligible,Government,"$2,064,344","$2,064,344",$0,0.0%,"15,179"
31208007,Medical induction of labor,Cigna Health,Commercial,"$6,941,634","$6,941,634",$0,0.0%,"1,999"
63332003,History AND physical examination (procedure),Anthem,Commercial,"$2,501,606","$2,501,606",$0,0.0%,"5,124"
715252007,Depression screening using Patient Health Questionnaire Nine Item score (procedure),UnitedHealthcare,Commercial,$902,$902,$0,0.0%,"40,558"
349094,(no description on file),Blue Cross Blue Shield,Commercial,"$1,005,199","$1,005,199",$0,0.0%,"3,970"
308192,(no description on file),UnitedHealthcare,Commercial,"$805,261","$805,261",$0,0.0%,"4,714"
65546002,Extraction of wisdom tooth,Aetna,Commercial,"$31,027,539","$31,027,539",$0,0.0%,"2,812"
183519002,Referral to cardiology service (procedure),Blue Cross Blue Shield,Commercial,"$1,305,691","$1,305,691",$0,0.0%,"2,613"
9564003,Complete blood count with white cell differential  automated (procedure),Medicare,Government,"$1,819,484","$1,819,484",$0,0.0%,"3,702"
16335031000119103,High resolution computed tomography of chest without contrast (procedure),Medicaid,Government,"$1,407,068","$1,407,068",$0,0.0%,"1,832"
127783003,Spirometry (procedure),Cigna Health,Commercial,"$10,605,516","$10,605,516",$0,0.0%,"1,502"
104435004,Screening for occult blood in feces (procedure),Cigna Health,Commercial,"$11,335,040","$11,335,040",$0,0.0%,"1,994"
749762,(no description on file),Cigna Health,Commercial,"$3,849,342","$3,849,342",$0,0.0%,"4,253"
1659263,(no description on file),Aetna,Commercial,"$2,598","$2,598",$0,0.0%,"1,581"
1605257,(no description on file),Anthem,Commercial,"$1,981,273","$1,981,273",$0,0.0%,"1,878"
1116635,(no description on file),Dual Eligible,Government,"$182,857","$182,857",$0,0.0%,804
61746007,Taking patient vital signs (procedure),NO_INSURANCE,Self-Pay / Uninsured,"$953,156","$953,156",$0,0.0%,"1,947"
310325,(no description on file),Blue Cross Blue Shield,Commercial,$133,$133,$0,0.0%,457
1659263,(no description on file),Medicare,Government,"$17,377","$17,377",$0,0.0%,"10,485"
61746007,Taking patient vital signs (procedure),Blue Cross Blue Shield,Commercial,"$681,357","$681,357",$0,0.0%,"1,346"
301807007,Removal of subcutaneous contraceptive,Anthem,Commercial,"$48,466,949","$48,466,949",$0,0.0%,"5,607"
3,(no description on file),UnitedHealthcare,Commercial,"$1,521,704","$1,521,704",$0,0.0%,"11,189"
32485007,Hospital admission (procedure),UnitedHealthcare,Commercial,"$262,836","$262,836",$0,0.0%,"2,178"
268533009,Sterilization education (procedure),Medicaid,Government,"$1,932,794","$1,932,794",$0,0.0%,"4,124"
311555007,Speech and language therapy regime (regime/therapy),Dual Eligible,Government,"$4,974,721","$4,974,721",$0,0.0%,"6,473"
243063003,Postoperative procedure education (procedure),NO_INSURANCE,Self-Pay / Uninsured,"$555,266","$555,266",$0,0.0%,"1,138"
1263416007,Removal of intrauterine contraceptive device (procedure),Humana,Commercial,"$1,022,011","$1,022,011",$0,0.0%,"1,994"
25656009,Physical examination  complete (procedure),NO_INSURANCE,Self-Pay / Uninsured,"$796,721","$796,721",$0,0.0%,"1,634"
311555007,Speech and language therapy regime (regime/therapy),Cigna Health,Commercial,"$2,553,902","$2,553,902",$0,0.0%,"2,780"
82808001,Sleep apnea monitoring with alarm (regime/therapy),Medicaid,Government,"$157,987","$157,987",$0,0.0%,348
617312,(no description on file),Medicare,Government,"$124,921","$124,921",$0,0.0%,483
306316000,Referral to transplant surgeon (procedure),Cigna Health,Commercial,"$568,427","$568,427",$0,0.0%,"1,181"
1225002,Upper arm X-ray,Medicaid,Government,"$1,662,030","$1,662,030",$0,0.0%,"3,683"
399217008,Cardioassist by aortic balloon pump (procedure),Medicare,Government,"$107,756","$107,756",$0,0.0%,219
415070008,Percutaneous coronary intervention (procedure),Blue Cross Blue Shield,Commercial,"$25,080,415","$25,080,415",$0,0.0%,"1,186"
37729005,Patient transfer  in-hospital (procedure),Medicare,Government,"$601,117","$601,117",$0,0.0%,"1,219"
233553003,Vascular cannula removal (procedure),Humana,Commercial,"$408,976","$408,976",$0,0.0%,812
413107006,Hepatitis C screening (procedure),Medicaid,Government,"$60,446","$60,446",$0,0.0%,130
473220001,Hematologic disorder medication review (procedure),Dual Eligible,Government,"$2,263,520","$2,263,520",$0,0.0%,610
1659131,(no description on file),Aetna,Commercial,"$128,856","$128,856",$0,0.0%,499
359672006,Median sternotomy (procedure),UnitedHealthcare,Commercial,"$312,647","$312,647",$0,0.0%,626
1659131,(no description on file),NO_INSURANCE,Self-Pay / Uninsured,"$103,601","$103,601",$0,0.0%,401
65575008,Biopsy of prostate,Medicaid,Government,"$1,088,564","$1,088,564",$0,0.0%,440
308460,(no description on file),Humana,Commercial,$45,$45,$0,0.0%,90
69212005,Range of motion testing (procedure),Cigna Health,Commercial,"$207,355","$207,355",$0,0.0%,424
418023006,Computed tomography of chest  abdomen and pelvis (procedure),Dual Eligible,Government,"$205,703","$205,703",$0,0.0%,453
725351001,Transcatheter aortic valve replacement (procedure),Dual Eligible,Government,"$116,810","$116,810",$0,0.0%,260
1433873,(no description on file),UnitedHealthcare,Commercial,"$44,718","$44,718",$0,0.0%,176
1807513,(no description on file),UnitedHealthcare,Commercial,"$2,908","$2,908",$0,0.0%,429
305351004,Admission to intensive care unit (procedure),Blue Cross Blue Shield,Commercial,"$15,496,850","$15,496,850",$0,0.0%,460
1290459008,Plain X-ray of ankle region (procedure),Humana,Commercial,"$199,373","$199,373",$0,0.0%,389
365853002,Imaging finding (finding),Medicare,Government,"$193,315","$193,315",$0,0.0%,365
122548005,Biopsy of breast (procedure),Humana,Commercial,"$1,178,380","$1,178,380",$0,0.0%,325
70536003,Transplant of kidney (procedure),Anthem,Commercial,"$325,800","$325,800",$0,0.0%,675
997501,(no description on file),Medicaid,Government,"$111,475","$111,475",$0,0.0%,202
979092,(no description on file),Blue Cross Blue Shield,Commercial,$26,$26,$0,0.0%,90
310436,(no description on file),NO_INSURANCE,Self-Pay / Uninsured,"$9,246","$9,246",$0,0.0%,183
744842,(no description on file),Aetna,Commercial,"$60,015","$60,015",$0,0.0%,228
1659131,(no description on file),Dual Eligible,Government,"$34,250","$34,250",$0,0.0%,150
1999667,(no description on file),Blue Cross Blue Shield,Commercial,"$32,431","$32,431",$0,0.0%,129
386510005,Amputation care (regime/therapy),Dual Eligible,Government,"$17,589","$17,589",$0,0.0%,39
833135,(no description on file),Aetna,Commercial,"$1,289","$1,289",$0,0.0%,5
854228,(no description on file),Medicare,Government,"$3,305","$3,305",$0,0.0%,275
37542007,Posttreatment stabilization  orthodontic device (procedure),Blue Cross Blue Shield,Commercial,"$68,653","$68,653",$0,0.0%,135
763138,(no description on file),Medicare,Government,"$19,367","$19,367",$0,0.0%,77
104308009,Serologic test for Toxoplasma gondii (procedure),Cigna Health,Commercial,"$23,903","$23,903",$0,0.0%,49
259255,(no description on file),Humana,Commercial,$502,$502,$0,0.0%,34
212446,(no description on file),UnitedHealthcare,Commercial,"$9,360","$9,360",$0,0.0%,37
396487001,Sentinel lymph node biopsy (procedure),Aetna,Commercial,"$519,243","$519,243",$0,0.0%,43
205326,(no description on file),Dual Eligible,Government,"$4,692","$4,692",$0,0.0%,21
61594008,Microbial culture (procedure),Blue Cross Blue Shield,Commercial,"$15,125","$15,125",$0,0.0%,30
200064,(no description on file),NO_INSURANCE,Self-Pay / Uninsured,"$8,307","$8,307",$0,0.0%,21
2047241,(no description on file),NO_INSURANCE,Self-Pay / Uninsured,"$7,290","$7,290",$0,0.0%,87
856481,(no description on file),Aetna,Commercial,"$1,163","$1,163",$0,0.0%,5
349251,(no description on file),Anthem,Commercial,"$3,677","$3,677",$0,0.0%,11
200284,(no description on file),Medicaid,Government,"$2,384","$2,384",$0,0.0%,10
197381,(no description on file),NO_INSURANCE,Self-Pay / Uninsured,"$6,307","$6,307",$0,0.0%,25
751623,(no description on file),Aetna,Commercial,"$3,210","$3,210",$0,0.0%,11
384692006,Intracavitary brachytherapy (procedure),Cigna Health,Commercial,"$116,905","$116,905",$0,0.0%,6
898687,(no description on file),Dual Eligible,Government,"$1,768","$1,768",$0,0.0%,8
904481,(no description on file),Aetna,Commercial,"$1,390","$1,390",$0,0.0%,6
58776007,Autologous bone marrow transplant (procedure),Humana,Commercial,"$1,461","$1,461",$0,0.0%,3
858810,(no description on file),Anthem,Commercial,$932,$932,$0,0.0%,4
198334,(no description on file),Humana,Commercial,"$1,565","$1,565",$0,0.0%,6
864706,(no description on file),Aetna,Commercial,$851,$851,$0,0.0%,4
751623,(no description on file),NO_INSURANCE,Self-Pay / Uninsured,"$1,629","$1,629",$0,0.0%,6
386395000,Preoperative coordination (regime/therapy),Blue Cross Blue Shield,Commercial,$238,$238,$0,0.0%,2
30088009,Blood culture (procedure),Aetna,Commercial,"$1,225","$1,225",$0,0.0%,3
856481,(no description on file),NO_INSURANCE,Self-Pay / Uninsured,$429,$429,$0,0.0%,2
213432,(no description on file),Dual Eligible,Government,$418,$418,$0,0.0%,2
441763001,Endoscopic third ventriculostomy (procedure),NO_INSURANCE,Self-Pay / Uninsured,"$1,440","$1,440",$0,0.0%,3
404909007,Injection of botulinum toxin (procedure),UnitedHealthcare,Commercial,$904,$904,$0,0.0%,2
861654,(no description on file),NO_INSURANCE,Self-Pay / Uninsured,$209,$209,$0,0.0%,1
896758,(no description on file),NO_INSURANCE,Self-Pay / Uninsured,$366,$366,$0,0.0%,1
198440,(no description on file),Medicaid,Government,"$2,006","$2,006",$0,0.0%,"62,708"
64544008,Gingivectomy or gingivoplasty  per tooth (procedure),Medicaid,Government,"$50,371,810","$50,371,810",$0,0.0%,"109,377"
205923,(no description on file),Cigna Health,Commercial,"$19,289,792","$19,289,792",$0,0.0%,"328,810"
206905,(no description on file),Blue Cross Blue Shield,Commercial,"$5,326,436","$5,326,436",$0,0.0%,"20,735"
308335008,Patient encounter procedure,Blue Cross Blue Shield,Commercial,"$9,132,053","$9,132,053",$0,0.0%,"76,132"
386394001,Pregnancy termination care,Humana,Commercial,"$5,135,477","$5,135,477",$0,0.0%,"7,254"
274031008,Rectal polypectomy,Medicaid,Government,"$53,441,736","$53,441,736",$0,0.0%,"6,024"
748962,(no description on file),Humana,Commercial,"$5,081,287","$5,081,287",$0,0.0%,"5,667"
313782,(no description on file),Anthem,Commercial,"$4,776,561","$4,776,561",$0,0.0%,"24,369"
710824005,Assessment of health and social care needs (procedure),Dual Eligible,Government,"$332,300,105","$332,300,105",$0,0.0%,"736,513"
370789001,Development of individualized plan of care (procedure),Medicaid,Government,"$8,807,924","$8,807,924",$0,0.0%,"19,081"
5880005,Physical examination procedure (procedure),Blue Cross Blue Shield,Commercial,"$16,348,275","$16,348,275",$0,0.0%,"32,187"
807283,(no description on file),Cigna Health,Commercial,"$43,301","$43,301",$0,0.0%,"1,998"
849574,(no description on file),Dual Eligible,Government,"$1,427,168","$1,427,168",$0,0.0%,"6,907"
428830000,Pretransplant evaluation of kidney recipient (procedure),Medicare,Government,"$3,001,908","$3,001,908",$0,0.0%,"6,143"
315639002,Initial patient assessment (procedure),Anthem,Commercial,"$2,669,501","$2,669,501",$0,0.0%,"5,473"
84478008,Occupational therapy (regime/therapy),Cigna Health,Commercial,"$5,055,484","$5,055,484",$0,0.0%,"3,763"
1431987,(no description on file),Medicaid,Government,"$1,044,435","$1,044,435",$0,0.0%,"4,633"
268425006,Pelvis X-ray,Humana,Commercial,"$113,501","$113,501",$0,0.0%,228
313782,(no description on file),Medicaid,Government,"$13,522,260","$13,522,260",$0,0.0%,"78,171"
185345009,Encounter for symptom,Aetna,Commercial,"$10,667,286","$10,667,286",$0,0.0%,"151,916"
309097,(no description on file),Medicaid,Government,"$4,689,036","$4,689,036",$0,0.0%,"6,869"
51116004,Passive immunization (procedure),Cigna Health,Commercial,"$11,718,947","$11,718,947",$0,0.0%,"4,864"
66348005,Childbirth,Aetna,Commercial,"$4,336,719","$4,336,719",$0,0.0%,"9,005"
311791003,Information gathering (procedure),Dual Eligible,Government,"$191,988","$191,988",$0,0.0%,"2,904"
121,(no description on file),Medicare,Government,"$3,014,032","$3,014,032",$0,0.0%,"22,162"
415300000,Review of systems (procedure),Anthem,Commercial,"$464,553","$464,553",$0,0.0%,"6,438"
223470000,Discussion about signs and symptoms (procedure),UnitedHealthcare,Commercial,"$2,500,465","$2,500,465",$0,0.0%,"4,973"
399208008,Plain chest X-ray (procedure),Anthem,Commercial,"$62,292,843","$62,292,843",$0,0.0%,"6,355"
703423002,Combined chemotherapy and radiation therapy (procedure),UnitedHealthcare,Commercial,"$33,500,154","$33,500,154",$0,0.0%,"1,015"
313660005,Absolute CD4 count procedure (procedure),Humana,Commercial,"$1,158,907","$1,158,907",$0,0.0%,"2,265"
63697000,Cardiopulmonary bypass operation (procedure),UnitedHealthcare,Commercial,"$202,547","$202,547",$0,0.0%,404
698560000,Referral to sleep apnea clinic (procedure),Medicare,Government,"$1,222,961","$1,222,961",$0,0.0%,"2,487"
713024005,Plain X-ray of wrist region (procedure),Medicaid,Government,"$377,517","$377,517",$0,0.0%,722
183478001,Emergency hospital admission for asthma,UnitedHealthcare,Commercial,"$198,796","$198,796",$0,0.0%,"1,521"
271280005,Removal of endotracheal tube (procedure),Aetna,Commercial,"$218,921","$218,921",$0,0.0%,"1,249"
197454,(no description on file),UnitedHealthcare,Commercial,"$234,808","$234,808",$0,0.0%,914
1736776,(no description on file),NO_INSURANCE,Self-Pay / Uninsured,"$3,577,365","$3,577,365",$0,0.0%,"1,373"
1505002,Hospital admission for isolation (procedure),Dual Eligible,Government,"$226,179","$226,179",$0,0.0%,"1,830"
866146005,Serum metabolic panel (procedure),Medicaid,Government,"$487,059","$487,059",$0,0.0%,"1,048"
445988008,Assessment using health assessment questionnaire (procedure),Medicare,Government,"$571,086","$571,086",$0,0.0%,"1,162"
165829005,Gonorrhea infection titer test (procedure),Blue Cross Blue Shield,Commercial,"$25,396,477","$25,396,477",$0,0.0%,"12,956"
308182,(no description on file),Humana,Commercial,"$195,849","$195,849",$0,0.0%,"1,738"
29303009,Electrocardiographic procedure (procedure),Cigna Health,Commercial,"$8,477,160","$8,477,160",$0,0.0%,"3,507"
473231009,Renal disorder medication review (procedure),Anthem,Commercial,"$1,620,802","$1,620,802",$0,0.0%,"3,351"
542347,(no description on file),NO_INSURANCE,Self-Pay / Uninsured,$133,$133,$0,0.0%,749
305408004,Admission to surgical department,UnitedHealthcare,Commercial,"$156,159","$156,159",$0,0.0%,"1,185"
308971,(no description on file),Dual Eligible,Government,"$500,919","$500,919",$0,0.0%,523
180325003,Direct current cardioversion (procedure),Medicare,Government,"$26,947,889","$26,947,889",$0,0.0%,"1,185"
1803932,(no description on file),UnitedHealthcare,Commercial,"$7,161","$7,161",$0,0.0%,618
169673001,Antenatal RhD antibody screening,Aetna,Commercial,"$3,424,142","$3,424,142",$0,0.0%,"1,840"
225338004,Risk assessment (procedure),Humana,Commercial,"$234,889","$234,889",$0,0.0%,468
301884003,Removal of aortic cross clamp (procedure),Anthem,Commercial,"$317,380","$317,380",$0,0.0%,652
999999,(no description on file),Medicare,Government,"$78,532","$78,532",$0,0.0%,304
183418007,Social case work (regime/therapy),Medicare,Government,"$263,055","$263,055",$0,0.0%,544
311700,(no description on file),Aetna,Commercial,$270,$270,$0,0.0%,"1,228"
13569004,Transfusion of plasma (procedure),Cigna Health,Commercial,"$32,165","$32,165",$0,0.0%,17
60027007,Radiography of wrist (procedure),Cigna Health,Commercial,"$353,376","$353,376",$0,0.0%,749
133900002,Intraoperative care (regime/therapy),Dual Eligible,Government,"$198,633","$198,633",$0,0.0%,435
428830000,Pretransplant evaluation of kidney recipient (procedure),Humana,Commercial,"$443,555","$443,555",$0,0.0%,885
26604007,Complete blood count (procedure),Medicare,Government,"$343,974","$343,974",$0,0.0%,702
198405,(no description on file),Medicare,Government,"$433,421","$433,421",$0,0.0%,"2,021"
384700001,Injection of tetanus antitoxin,UnitedHealthcare,Commercial,"$2,377,216","$2,377,216",$0,0.0%,968
665078,(no description on file),UnitedHealthcare,Commercial,"$97,585","$97,585",$0,0.0%,413
179632003,Closed reduction of dislocation of temporomandibular joint (procedure),UnitedHealthcare,Commercial,"$68,720","$68,720",$0,0.0%,134
1014678,(no description on file),Aetna,Commercial,"$44,974","$44,974",$0,0.0%,78
197511,(no description on file),NO_INSURANCE,Self-Pay / Uninsured,"$217,619","$217,619",$0,0.0%,846
183976008,Operative procedure planned (situation),Dual Eligible,Government,"$211,313","$211,313",$0,0.0%,465
866924,(no description on file),NO_INSURANCE,Self-Pay / Uninsured,"$15,550","$15,550",$0,0.0%,61
241615005,Magnetic resonance imaging of breast (procedure),Anthem,Commercial,"$86,959","$86,959",$0,0.0%,72
2003249,(no description on file),UnitedHealthcare,Commercial,"$62,870","$62,870",$0,0.0%,242
122460008,Reexploration procedure (procedure),Medicare,Government,"$60,844","$60,844",$0,0.0%,123
103746007,Heparin therapy (procedure),Medicare,Government,"$183,118","$183,118",$0,0.0%,256
79094001,Initial Psychiatric Interview with mental status evaluation,Cigna Health,Commercial,"$7,050","$7,050",$0,0.0%,59
1014676,(no description on file),UnitedHealthcare,Commercial,"$219,287","$219,287",$0,0.0%,391
88039007,Transplant of lung (procedure),Medicaid,Government,"$6,290,315","$6,290,315",$0,0.0%,42
3457005,Patient referral (procedure),Anthem,Commercial,"$23,211","$23,211",$0,0.0%,46
198240,(no description on file),Cigna Health,Commercial,"$83,451","$83,451",$0,0.0%,109
26763009,Controlled ventilation procedure and therapy  initiation and management (procedure),UnitedHealthcare,Commercial,"$188,332","$188,332",$0,0.0%,51
85765000,Fiberoptic bronchoscopy (procedure),Humana,Commercial,"$329,289","$329,289",$0,0.0%,38
105585,(no description on file),Medicaid,Government,"$5,973","$5,973",$0,0.0%,148
12719002,Platelet transfusion (procedure),Humana,Commercial,"$39,281","$39,281",$0,0.0%,77
171122006,Hepatitis B screening (procedure),Dual Eligible,Government,"$17,229","$17,229",$0,0.0%,39
302351005,Ligation of salivary duct (procedure),Dual Eligible,Government,"$6,069","$6,069",$0,0.0%,13
412809002,Viral hepatitis screening test (procedure),Aetna,Commercial,"$21,857","$21,857",$0,0.0%,44
1649987,(no description on file),Dual Eligible,Government,"$18,812","$18,812",$0,0.0%,78
1536148,(no description on file),Humana,Commercial,"$26,293","$26,293",$0,0.0%,96
896023,(no description on file),Humana,Commercial,"$6,321","$6,321",$0,0.0%,36
713021002,Plain X-ray of pelvis (procedure),Dual Eligible,Government,"$45,774","$45,774",$0,0.0%,89
18286008,Catheter ablation of tissue of heart (procedure),NO_INSURANCE,Self-Pay / Uninsured,"$142,414","$142,414",$0,0.0%,19
312615,(no description on file),Cigna Health,Commercial,$147,$147,$0,0.0%,13
966222,(no description on file),Anthem,Commercial,$33,$33,$0,0.0%,109
1732136,(no description on file),Blue Cross Blue Shield,Commercial,$68,$68,$0,0.0%,48
312384001,Multidisciplinary assessment (procedure),Anthem,Commercial,"$39,935","$39,935",$0,0.0%,85
200095,(no description on file),Medicare,Government,"$9,890","$9,890",$0,0.0%,37
225415001,Close observation (regime/therapy),Medicaid,Government,"$19,232","$19,232",$0,0.0%,42
103746007,Heparin therapy (procedure),Aetna,Commercial,"$12,643","$12,643",$0,0.0%,25
856556,(no description on file),Medicaid,Government,"$1,950","$1,950",$0,0.0%,9
365853002,Imaging finding (finding),Blue Cross Blue Shield,Commercial,"$8,013","$8,013",$0,0.0%,16
898690,(no description on file),Anthem,Commercial,"$1,650","$1,650",$0,0.0%,6
232965003,Implantation of ventricular assist device (procedure),Cigna Health,Commercial,"$2,713","$2,713",$0,0.0%,6
410011004,Administration of anesthesia AND/OR sedation (procedure),UnitedHealthcare,Commercial,"$3,199","$3,199",$0,0.0%,7
856980,(no description on file),Aetna,Commercial,$250,$250,$0,0.0%,16
200096,(no description on file),Anthem,Commercial,$712,$712,$0,0.0%,3
858804,(no description on file),Medicaid,Government,$492,$492,$0,0.0%,2
387713003,Surgical procedure (procedure),Medicaid,Government,$347,$347,$0,0.0%,3
856481,(no description on file),Humana,Commercial,$516,$516,$0,0.0%,2
166001,Behavioral therapy (regime/therapy),NO_INSURANCE,Self-Pay / Uninsured,"$1,010","$1,010",$0,0.0%,2
898356,(no description on file),NO_INSURANCE,Self-Pay / Uninsured,$283,$283,$0,0.0%,1
16983000,Death in hospital (event),Cigna Health,Commercial,$408,$408,$0,0.0%,1
310798,(no description on file),Humana,Commercial,"$218,779","$218,779",$0,0.0%,"199,048"
274804006,Evaluation of uterine fundal height,Medicare,Government,"$457,635,442","$457,635,442",$0,0.0%,"91,143"
763302001,Assessment using Alcohol Use Disorders Identification Test - Consumption (procedure),Humana,Commercial,"$10,732","$10,732",$0,0.0%,"163,080"
185349003,Encounter for check up (procedure),UnitedHealthcare,Commercial,"$17,791,411","$17,791,411",$0,0.0%,"247,943"
305428000,Admission to orthopedic department,Medicaid,Government,"$2,425,004","$2,425,004",$0,0.0%,"5,212"
50849002,Emergency room admission (procedure),NO_INSURANCE,Self-Pay / Uninsured,"$7,031,748","$7,031,748",$0,0.0%,"57,663"
831533,(no description on file),Aetna,Commercial,"$3,912,369","$3,912,369",$0,0.0%,"4,318"
854235,(no description on file),Anthem,Commercial,"$202,718","$202,718",$0,0.0%,"14,684"
127783003,Spirometry (procedure),Medicare,Government,"$777,828,652","$777,828,652",$0,0.0%,"105,404"
241046008,Dental X-ray bitewing (procedure),Cigna Health,Commercial,"$66,142,955","$66,142,955",$0,0.0%,"136,392"
896001,(no description on file),Anthem,Commercial,"$1,880,336","$1,880,336",$0,0.0%,"7,153"
410401003,Nursing care/supplementary surveillance (regime/therapy),Dual Eligible,Government,"$94,527,474","$94,527,474",$0,0.0%,"28,631"
757594,(no description on file),Cigna Health,Commercial,"$5,339,957","$5,339,957",$0,0.0%,"5,947"
209387,(no description on file),Aetna,Commercial,"$8,564,593","$8,564,593",$0,0.0%,"32,971"
173291009,Simple extraction of tooth (procedure),Blue Cross Blue Shield,Commercial,"$2,805,921","$2,805,921",$0,0.0%,"5,590"
762993000,Assessment using Morse Fall Scale (procedure),Aetna,Commercial,"$216,140","$216,140",$0,0.0%,"4,498"
705129,(no description on file),Humana,Commercial,"$568,999","$568,999",$0,0.0%,"2,988"
748879,(no description on file),Medicare,Government,"$2,479,535","$2,479,535",$0,0.0%,"2,733"
596926,(no description on file),Medicare,Government,"$24,681","$24,681",$0,0.0%,"1,021"
397821002,Patient transfer to intensive care unit (procedure),Humana,Commercial,"$158,816","$158,816",$0,0.0%,"1,216"
305342007,Admission to ward (procedure),Aetna,Commercial,"$166,798","$166,798",$0,0.0%,"1,353"
854235,(no description on file),Medicare,Government,"$585,341","$585,341",$0,0.0%,"43,346"
117010004,Urine culture,Aetna,Commercial,"$32,799,191","$32,799,191",$0,0.0%,"17,224"
351109,(no description on file),Humana,Commercial,"$3,752,919","$3,752,919",$0,0.0%,"14,650"
855332,(no description on file),Dual Eligible,Government,"$399,355","$399,355",$0,0.0%,"41,748"
119,(no description on file),Cigna Health,Commercial,"$1,326,272","$1,326,272",$0,0.0%,"9,752"
271280005,Removal of endotracheal tube (procedure),Medicare,Government,"$1,301,985","$1,301,985",$0,0.0%,"7,206"
443529005,Detection of chromosomal aneuploidy in prenatal amniotic fluid specimen using fluorescence in situ hybridization screening technique (procedure),Aetna,Commercial,"$26,842,669","$26,842,669",$0,0.0%,"14,347"
978950,(no description on file),Medicare,Government,"$2,428,371","$2,428,371",$0,0.0%,"2,708"
171231001,Asthma screening,Medicaid,Government,"$923,319","$923,319",$0,0.0%,"1,966"
65200003,Insertion of intrauterine contraceptive device,Blue Cross Blue Shield,Commercial,"$51,881,164","$51,881,164",$0,0.0%,"5,809"
1367439,(no description on file),Medicaid,Government,"$6,667,873","$6,667,873",$0,0.0%,"7,831"
1000126,(no description on file),Medicare,Government,"$258,821","$258,821",$0,0.0%,"4,327"
170837001,Allergic disorder initial assessment,Anthem,Commercial,"$124,128","$124,128",$0,0.0%,"1,058"
410006001,Digital examination of rectum,Aetna,Commercial,"$514,125","$514,125",$0,0.0%,"1,025"
410410006,Screening surveillance (regime/therapy),Medicaid,Government,"$277,563","$277,563",$0,0.0%,"2,311"
1747691,(no description on file),Medicaid,Government,"$86,702","$86,702",$0,0.0%,362
1049504,(no description on file),UnitedHealthcare,Commercial,"$2,202,220","$2,202,220",$0,0.0%,"8,586"
736169004,Post anesthesia care management (procedure),Blue Cross Blue Shield,Commercial,"$833,194","$833,194",$0,0.0%,"1,664"
71493000,Transfusion of packed red blood cells (procedure),Blue Cross Blue Shield,Commercial,"$922,109","$922,109",$0,0.0%,630
11466000,Cesarean section,Anthem,Commercial,"$11,100,639","$11,100,639",$0,0.0%,"1,433"
1808217,(no description on file),UnitedHealthcare,Commercial,$187,$187,$0,0.0%,705
63697000,Cardiopulmonary bypass operation (procedure),Aetna,Commercial,"$356,431","$356,431",$0,0.0%,740
133,(no description on file),Humana,Commercial,"$3,724,768","$3,724,768",$0,0.0%,"27,388"
84100007,History taking (procedure),Dual Eligible,Government,"$1,878,179","$1,878,179",$0,0.0%,"4,116"
763228001,Assessment using Canadian Study of Health and Aging Clinical Frailty Scale (procedure),Dual Eligible,Government,"$170,204","$170,204",$0,0.0%,376
449411000124106,Admission to skilled nursing facility (procedure),Cigna Health,Commercial,"$472,287","$472,287",$0,0.0%,"3,845"
281789004,Antibiotic therapy (procedure),Aetna,Commercial,"$3,318,711","$3,318,711",$0,0.0%,"6,828"
1287742003,Radiotherapy (procedure),Medicare,Government,"$357,380","$357,380",$0,0.0%,648
74016001,Knee X-ray,Cigna Health,Commercial,"$390,959","$390,959",$0,0.0%,827
225386006,Pre-discharge assessment (procedure),Medicaid,Government,"$7,585,109","$7,585,109",$0,0.0%,"16,375"
857005,(no description on file),Medicaid,Government,"$59,787","$59,787",$0,0.0%,"2,768"
453131000124105,Videotelephony encounter (procedure),Medicaid,Government,"$181,000","$181,000",$0,0.0%,"1,448"
440546007,Discussion about pregnancy (procedure),Dual Eligible,Government,"$591,635","$591,635",$0,0.0%,"1,301"
1860480,(no description on file),Medicare,Government,"$51,575","$51,575",$0,0.0%,"1,691"
165197003,Diagnostic assessment (procedure),NO_INSURANCE,Self-Pay / Uninsured,"$259,167","$259,167",$0,0.0%,532
398171003,Hearing examination (procedure),Humana,Commercial,"$2,526,411","$2,526,411",$0,0.0%,837
1732186,(no description on file),Humana,Commercial,$380,$380,$0,0.0%,200
392247006,Insertion of catheter into artery (procedure),UnitedHealthcare,Commercial,"$330,506","$330,506",$0,0.0%,662
223484005,Discussion about treatment (procedure),Dual Eligible,Government,"$45,113","$45,113",$0,0.0%,383
313191000,Injection of epinephrine (procedure),Cigna Health,Commercial,"$1,274,784","$1,274,784",$0,0.0%,532
305432006,Admission to surgical transplant department (procedure),Blue Cross Blue Shield,Commercial,"$69,318","$69,318",$0,0.0%,538
711018006,Assessment of social support (procedure),Medicare,Government,"$34,309","$34,309",$0,0.0%,74
185087000,Notifications (procedure),Blue Cross Blue Shield,Commercial,"$169,610","$169,610",$0,0.0%,338
1870230,(no description on file),Medicare,Government,"$74,501","$74,501",$0,0.0%,367
385892002,Mental health screening (procedure),Medicare,Government,"$1,489","$1,489",$0,0.0%,44
86013001,Periodic reevaluation and management of healthy individual (procedure),NO_INSURANCE,Self-Pay / Uninsured,"$17,417","$17,417",$0,0.0%,148
1116635,(no description on file),Aetna,Commercial,"$60,429","$60,429",$0,0.0%,244
198240,(no description on file),Medicaid,Government,"$176,762","$176,762",$0,0.0%,268
1790099,(no description on file),Dual Eligible,Government,"$1,346","$1,346",$0,0.0%,536
808917,(no description on file),UnitedHealthcare,Commercial,"$26,592","$26,592",$0,0.0%,105
198405,(no description on file),Dual Eligible,Government,"$226,173","$226,173",$0,0.0%,"1,108"
197887,(no description on file),Medicare,Government,"$27,551","$27,551",$0,0.0%,105
433114000,Human epidermal growth factor receptor 2 gene detection by immunohistochemistry (procedure),Anthem,Commercial,"$64,303","$64,303",$0,0.0%,279
25656009,Physical examination  complete (procedure),Aetna,Commercial,"$266,386","$266,386",$0,0.0%,547
179632003,Closed reduction of dislocation of temporomandibular joint (procedure),NO_INSURANCE,Self-Pay / Uninsured,"$73,971","$73,971",$0,0.0%,151
252480006,Simple walk test (procedure),Humana,Commercial,"$31,422","$31,422",$0,0.0%,62
197541,(no description on file),NO_INSURANCE,Self-Pay / Uninsured,"$12,738","$12,738",$0,0.0%,73
180325003,Direct current cardioversion (procedure),Medicaid,Government,"$4,106,668","$4,106,668",$0,0.0%,181
141962,(no description on file),NO_INSURANCE,Self-Pay / Uninsured,"$17,531","$17,531",$0,0.0%,68
233174007,Cardiac pacemaker procedure (procedure),Medicaid,Government,"$4,231","$4,231",$0,0.0%,9
198014,(no description on file),Blue Cross Blue Shield,Commercial,"$44,701","$44,701",$0,0.0%,166
898353,(no description on file),Dual Eligible,Government,"$3,685","$3,685",$0,0.0%,15
367494004,Premature birth of newborn (finding),Dual Eligible,Government,"$24,965","$24,965",$0,0.0%,47
452331000124102,Review of imaging finding (procedure),Cigna Health,Commercial,"$27,510","$27,510",$0,0.0%,59
79733001,Amputation of right leg,Medicare,Government,"$975,042","$975,042",$0,0.0%,46
232965003,Implantation of ventricular assist device (procedure),Medicare,Government,"$24,495","$24,495",$0,0.0%,51
385892002,Mental health screening (procedure),Humana,Commercial,"$1,146","$1,146",$0,0.0%,33
22523008,Vasectomy,Medicare,Government,"$3,577,493","$3,577,493",$0,0.0%,273
349201,(no description on file),Medicare,Government,"$21,682","$21,682",$0,0.0%,85
745791,(no description on file),Cigna Health,Commercial,"$17,522","$17,522",$0,0.0%,75
112001000119100,positive screening for depression on phq9,Blue Cross Blue Shield,Commercial,"$21,507","$21,507",$0,0.0%,42
1547672,(no description on file),Blue Cross Blue Shield,Commercial,"$4,613","$4,613",$0,0.0%,21
1665021,(no description on file),Humana,Commercial,"$6,761","$6,761",$0,0.0%,28
234262008,Excision of axillary lymph node (procedure),NO_INSURANCE,Self-Pay / Uninsured,"$40,135","$40,135",$0,0.0%,32
859419,(no description on file),NO_INSURANCE,Self-Pay / Uninsured,"$4,141","$4,141",$0,0.0%,15
225415001,Close observation (regime/therapy),Anthem,Commercial,"$3,784","$3,784",$0,0.0%,8
82808001,Sleep apnea monitoring with alarm (regime/therapy),Anthem,Commercial,"$62,041","$62,041",$0,0.0%,126
183976008,Operative procedure planned (situation),Blue Cross Blue Shield,Commercial,"$19,601","$19,601",$0,0.0%,39
302497006,Hemodialysis (procedure),UnitedHealthcare,Commercial,"$5,892,491","$5,892,491",$0,0.0%,34
198211,(no description on file),UnitedHealthcare,Commercial,"$6,570","$6,570",$0,0.0%,26
303653007,Computed tomography of head (procedure),Cigna Health,Commercial,"$4,830","$4,830",$0,0.0%,11
373786007,Reasons for treatment delay (finding),Medicare,Government,"$5,064","$5,064",$0,0.0%,12
432231006,Fine needle aspiration biopsy of lung (procedure),UnitedHealthcare,Commercial,"$240,668","$240,668",$0,0.0%,16
711495003,Patient transfer to coronary care unit (procedure),Dual Eligible,Government,$474,$474,$0,0.0%,4
898346,(no description on file),Cigna Health,Commercial,$695,$695,$0,0.0%,3
773996000,Transcatheter aortic valve implantation (procedure),Aetna,Commercial,"$2,066","$2,066",$0,0.0%,4
183801001,Inpatient stay 3 days,Aetna,Commercial,$218,$218,$0,0.0%,2
311707005,Oromotor Exercises,Anthem,Commercial,$992,$992,$0,0.0%,2
252895004,Urodynamic studies (procedure,Cigna Health,Commercial,$816,$816,$0,0.0%,2
183646003,Postoperative visit (finding),Medicaid,Government,$358,$358,$0,0.0%,3
866419,(no description on file),Anthem,Commercial,$558,$558,$0,0.0%,2
905269,(no description on file),Humana,Commercial,$261,$261,$0,0.0%,1
88848003,Psychiatric follow-up,UnitedHealthcare,Commercial,$103,$103,$0,0.0%,1
454711000124102,Depression screening using Patient Health Questionnaire Two-Item score (procedure),Medicare,Government,"$30,055","$30,055",$0,0.0%,"1,191,171"
1260009003,Removal of supragingival plaque and calculus from all teeth using dental instrument (procedure),Anthem,Commercial,"$117,290,023","$117,290,023",$0,0.0%,"240,937"
268556000,Urine screening for glucose,Cigna Health,Commercial,"$24,502,131","$24,502,131",$0,0.0%,"12,932"
83,(no description on file),Cigna Health,Commercial,"$1,370,608","$1,370,608",$0,0.0%,"10,078"
385798007,Radiation therapy care (regime/therapy),Cigna Health,Commercial,"$522,457","$522,457",$0,0.0%,"1,069"
33367005,Angiography of coronary artery (procedure),Aetna,Commercial,"$1,655,096","$1,655,096",$0,0.0%,"3,444"
9564003,Complete blood count with white cell differential  automated (procedure),Anthem,Commercial,"$928,108","$928,108",$0,0.0%,"1,872"
76601001,Intramuscular injection,Aetna,Commercial,"$205,883,876","$205,883,876",$0,0.0%,"84,534"
395123002,Urine screening test for diabetes,Medicare,Government,"$21,315,489","$21,315,489",$0,0.0%,"11,029"
310798,(no description on file),Blue Cross Blue Shield,Commercial,"$117,715","$117,715",$0,0.0%,"107,008"
390791001,Referral for echocardiography (procedure),Cigna Health,Commercial,"$614,498","$614,498",$0,0.0%,"1,259"
389221,(no description on file),Blue Cross Blue Shield,Commercial,"$185,669","$185,669",$0,0.0%,"3,653"
268556000,Urine screening for glucose,Medicare,Government,"$19,110,285","$19,110,285",$0,0.0%,"9,913"
703423002,Combined chemotherapy and radiation therapy (procedure),NO_INSURANCE,Self-Pay / Uninsured,"$207,634,716","$207,634,716",$0,0.0%,"4,328"
212,(no description on file),Humana,Commercial,"$752,216","$752,216",$0,0.0%,"5,531"
1665060,(no description on file),Humana,Commercial,"$335,749","$335,749",$0,0.0%,"1,305"
31208007,Medical induction of labor,Dual Eligible,Government,"$2,808,275","$2,808,275",$0,0.0%,846
367336001,Chemotherapy (procedure),Humana,Commercial,"$541,244","$541,244",$0,0.0%,"1,080"
103697008,Patient referral for dental care (procedure),Cigna Health,Commercial,"$11,224,618","$11,224,618",$0,0.0%,"269,646"
133,(no description on file),Cigna Health,Commercial,"$2,637,720","$2,637,720",$0,0.0%,"19,395"
275833003,AFP test - antenatal,Blue Cross Blue Shield,Commercial,"$24,452,094","$24,452,094",$0,0.0%,"12,460"
252160004,Standard pregnancy test,Cigna Health,Commercial,"$136,264,442","$136,264,442",$0,0.0%,"27,411"
449381000124108,Discharge from skilled nursing facility (procedure),Aetna,Commercial,"$1,780,396","$1,780,396",$0,0.0%,"3,770"
456191000124101,Postoperative care for dental procedure (regime/therapy),Aetna,Commercial,"$23,152,214","$23,152,214",$0,0.0%,"46,490"
14768001,Peripheral blood smear interpretation,Blue Cross Blue Shield,Commercial,"$2,279,059","$2,279,059",$0,0.0%,"4,503"
834061,(no description on file),Aetna,Commercial,"$789,742","$789,742",$0,0.0%,"3,658"
183460006,Obstetric emergency hospital admission,Anthem,Commercial,"$1,417,376","$1,417,376",$0,0.0%,"11,557"
315639002,Initial patient assessment (procedure),Humana,Commercial,"$3,524,476","$3,524,476",$0,0.0%,"6,981"
237001001,Augmentation of labor,Anthem,Commercial,"$3,819,530","$3,819,530",$0,0.0%,"1,014"
710839006,Assessment of cardiac status using monitoring device (procedure),Aetna,Commercial,"$281,703","$281,703",$0,0.0%,593
390791001,Referral for echocardiography (procedure),Aetna,Commercial,"$580,982","$580,982",$0,0.0%,"1,206"
315124004,Human immunodeficiency virus viral load (procedure),Cigna Health,Commercial,"$1,252,083","$1,252,083",$0,0.0%,"2,564"
233553003,Vascular cannula removal (procedure),Medicare,Government,"$2,220,239","$2,220,239",$0,0.0%,"4,524"
114,(no description on file),Dual Eligible,Government,"$648,584","$648,584",$0,0.0%,"4,769"
1729584,(no description on file),Humana,Commercial,"$61,647","$61,647",$0,0.0%,570
1856546,(no description on file),Humana,Commercial,"$60,334","$60,334",$0,0.0%,"2,738"
43075005,Partial resection of colon,Medicare,Government,"$50,981,084","$50,981,084",$0,0.0%,"2,283"
473231009,Renal disorder medication review (procedure),Aetna,Commercial,"$1,867,546","$1,867,546",$0,0.0%,"3,866"
10383002,Counseling for termination of pregnancy,NO_INSURANCE,Self-Pay / Uninsured,"$2,183,395","$2,183,395",$0,0.0%,"4,396"
311555007,Speech and language therapy regime (regime/therapy),Humana,Commercial,"$3,264,217","$3,264,217",$0,0.0%,"3,389"
225338004,Risk assessment (procedure),Dual Eligible,Government,"$739,666","$739,666",$0,0.0%,"1,636"
1659149,(no description on file),NO_INSURANCE,Self-Pay / Uninsured,"$5,404","$5,404",$0,0.0%,597
868187001,Assessment using Car  Relax  Alone  Forget  Friends  Trouble Screening Test (procedure),NO_INSURANCE,Self-Pay / Uninsured,$904,$904,$0,0.0%,"25,116"
63332003,History AND physical examination (procedure),Medicare,Government,"$14,462,454","$14,462,454",$0,0.0%,"29,518"
351266,(no description on file),Dual Eligible,Government,"$1,729,824","$1,729,824",$0,0.0%,"7,768"
473231009,Renal disorder medication review (procedure),Dual Eligible,Government,"$4,410,292","$4,410,292",$0,0.0%,"9,710"
1290459008,Plain X-ray of ankle region (procedure),Medicaid,Government,"$349,955","$349,955",$0,0.0%,663
315124004,Human immunodeficiency virus viral load (procedure),UnitedHealthcare,Commercial,"$699,352","$699,352",$0,0.0%,"1,403"
170837001,Allergic disorder initial assessment,Aetna,Commercial,"$135,060","$135,060",$0,0.0%,"1,153"
274031008,Rectal polypectomy,NO_INSURANCE,Self-Pay / Uninsured,"$17,873,406","$17,873,406",$0,0.0%,"1,856"
33195004,External beam radiation therapy procedure (procedure),Blue Cross Blue Shield,Commercial,"$1,945,287","$1,945,287",$0,0.0%,"1,946"
3,(no description on file),Medicare,Government,"$547,808","$547,808",$0,0.0%,"4,028"
26604007,Complete blood count (procedure),Cigna Health,Commercial,"$179,317","$179,317",$0,0.0%,369
197511,(no description on file),Aetna,Commercial,"$224,647","$224,647",$0,0.0%,866
1732136,(no description on file),Medicare,Government,$581,$581,$0,0.0%,407
309097,(no description on file),Humana,Commercial,"$1,326,102","$1,326,102",$0,0.0%,"1,804"
313988,(no description on file),Humana,Commercial,"$1,825","$1,825",$0,0.0%,810
170838006,Allergic disorder follow-up assessment,Blue Cross Blue Shield,Commercial,"$96,647","$96,647",$0,0.0%,812
1997015,(no description on file),Cigna Health,Commercial,"$33,701","$33,701",$0,0.0%,130
749196,(no description on file),Dual Eligible,Government,"$150,091","$150,091",$0,0.0%,659
16335031000119103,High resolution computed tomography of chest without contrast (procedure),Humana,Commercial,"$529,019","$529,019",$0,0.0%,593
65546002,Extraction of wisdom tooth,Medicare,Government,"$23,915,809","$23,915,809",$0,0.0%,"2,157"
252482003,Stair-climbing test (procedure),Anthem,Commercial,"$518,627","$518,627",$0,0.0%,"1,068"
305351004,Admission to intensive care unit (procedure),UnitedHealthcare,Commercial,"$10,886,929","$10,886,929",$0,0.0%,383
8290005,Induced cardioplegia (procedure),Blue Cross Blue Shield,Commercial,"$246,399","$246,399",$0,0.0%,488
108219001,Physician visit with evaluation AND/OR management service (procedure),NO_INSURANCE,Self-Pay / Uninsured,"$2,359","$2,359",$0,0.0%,20
429609002,Lung volume reduction surgery (procedure),Cigna Health,Commercial,"$298,860","$298,860",$0,0.0%,9
896019,(no description on file),Medicaid,Government,"$12,716","$12,716",$0,0.0%,50
433112001,Percutaneous mechanical thrombectomy of portal vein using fluoroscopic guidance with contrast (procedure),Dual Eligible,Government,"$6,528,370","$6,528,370",$0,0.0%,356
979492,(no description on file),Cigna Health,Commercial,"$64,383","$64,383",$0,0.0%,251
608139,(no description on file),Humana,Commercial,"$17,694","$17,694",$0,0.0%,150
710839006,Assessment of cardiac status using monitoring device (procedure),UnitedHealthcare,Commercial,"$167,999","$167,999",$0,0.0%,339
305411003,Admission to thoracic surgery department,Dual Eligible,Government,"$50,143","$50,143",$0,0.0%,406
1659263,(no description on file),Blue Cross Blue Shield,Commercial,"$1,567","$1,567",$0,0.0%,980
171121004,Human immunodeficiency virus screening (procedure),Blue Cross Blue Shield,Commercial,"$15,389","$15,389",$0,0.0%,31
444260001,20 Gene mutation test,Blue Cross Blue Shield,Commercial,"$2,336","$2,336",$0,0.0%,5
234687006,Grafting of periodontal bone defect (procedure),NO_INSURANCE,Self-Pay / Uninsured,"$305,421","$305,421",$0,0.0%,620
183450002,Admission to burn unit,Cigna Health,Commercial,"$39,199","$39,199",$0,0.0%,82
305433001,Admission to trauma surgery department,Cigna Health,Commercial,"$52,743","$52,743",$0,0.0%,109
1734919,(no description on file),Blue Cross Blue Shield,Commercial,"$42,522","$42,522",$0,0.0%,84
305433001,Admission to trauma surgery department,Humana,Commercial,"$57,143","$57,143",$0,0.0%,113
773996000,Transcatheter aortic valve implantation (procedure),Medicare,Government,"$121,274","$121,274",$0,0.0%,226
200619008,Comprehensive interview and evaluation (procedure),Medicaid,Government,"$118,208","$118,208",$0,0.0%,261
238100,(no description on file),NO_INSURANCE,Self-Pay / Uninsured,$29,$29,$0,0.0%,32
198014,(no description on file),UnitedHealthcare,Commercial,"$30,795","$30,795",$0,0.0%,141
745791,(no description on file),Blue Cross Blue Shield,Commercial,"$3,332","$3,332",$0,0.0%,14
396487001,Sentinel lymph node biopsy (procedure),NO_INSURANCE,Self-Pay / Uninsured,"$591,765","$591,765",$0,0.0%,48
617310,(no description on file),Blue Cross Blue Shield,Commercial,"$10,786","$10,786",$0,0.0%,41
371361000119107,Comprehensive metabolic panel (procedure),UnitedHealthcare,Commercial,"$43,781","$43,781",$0,0.0%,86
200033,(no description on file),UnitedHealthcare,Commercial,"$44,489","$44,489",$0,0.0%,177
752899,(no description on file),UnitedHealthcare,Commercial,"$42,264","$42,264",$0,0.0%,64
2119714,(no description on file),Anthem,Commercial,"$25,185","$25,185",$0,0.0%,27
866427,(no description on file),NO_INSURANCE,Self-Pay / Uninsured,"$11,608","$11,608",$0,0.0%,47
1656356,(no description on file),Aetna,Commercial,"$6,836","$6,836",$0,0.0%,27
200032,(no description on file),Cigna Health,Commercial,"$4,013","$4,013",$0,0.0%,14
197885,(no description on file),Cigna Health,Commercial,"$5,439","$5,439",$0,0.0%,23
898719,(no description on file),Medicaid,Government,"$2,171","$2,171",$0,0.0%,9
434363004,Human epidermal growth factor receptor 2 gene detection by fluorescence in situ hybridization (procedure),NO_INSURANCE,Self-Pay / Uninsured,"$456,156","$456,156",$0,0.0%,240
1999667,(no description on file),Cigna Health,Commercial,"$51,238","$51,238",$0,0.0%,204
617320,(no description on file),Cigna Health,Commercial,"$1,561","$1,561",$0,0.0%,6
858813,(no description on file),Medicare,Government,"$3,946","$3,946",$0,0.0%,15
1437975,(no description on file),Anthem,Commercial,$921,$921,$0,0.0%,4
597195,(no description on file),Humana,Commercial,$16,$16,$0,0.0%,18
672149,(no description on file),Aetna,Commercial,$213,$213,$0,0.0%,3
725351001,Transcatheter aortic valve replacement (procedure),Humana,Commercial,"$4,011","$4,011",$0,0.0%,8
67799006,Diagnosis of cystic fibrosis using sweat test and gene test,Blue Cross Blue Shield,Commercial,$623,$623,$0,0.0%,5
48387007,Incision of trachea (procedure),Dual Eligible,Government,"$3,411","$3,411",$0,0.0%,6
304532001,Treatment failure risk education (procedure),UnitedHealthcare,Commercial,$948,$948,$0,0.0%,2
183801001,Inpatient stay 3 days,Dual Eligible,Government,$768,$768,$0,0.0%,6
312421008,Radionuclide Imaging,Cigna Health,Commercial,$904,$904,$0,0.0%,2
198334,(no description on file),Anthem,Commercial,"$1,265","$1,265",$0,0.0%,6
617320,(no description on file),UnitedHealthcare,Commercial,$784,$784,$0,0.0%,3
979494,(no description on file),Medicare,Government,$366,$366,$0,0.0%,1
898350,(no description on file),Dual Eligible,Government,$130,$130,$0,0.0%,1
1940648,(no description on file),Blue Cross Blue Shield,Commercial,$99,$99,$0,0.0%,1
428211000124100,Assessment of substance use (procedure),Aetna,Commercial,"$1,321,178","$1,321,178",$0,0.0%,"283,581"
1664463,(no description on file),Medicare,Government,"$83,364,490","$83,364,490",$0,0.0%,"328,195"
108515,(no description on file),Medicaid,Government,"$4,418,174","$4,418,174",$0,0.0%,"19,548"
274788003,Examination of gingivae (procedure),NO_INSURANCE,Self-Pay / Uninsured,"$111,371,763","$111,371,763",$0,0.0%,"228,707"
424441002,Prenatal initial visit,Medicaid,Government,"$9,769,004","$9,769,004",$0,0.0%,"81,250"
1723208,(no description on file),Medicaid,Government,"$1,756","$1,756",$0,0.0%,699
308283009,Discharge from hospital (procedure),Dual Eligible,Government,"$1,755,022","$1,755,022",$0,0.0%,"3,752"
713106006,Screening for drug abuse (procedure),Aetna,Commercial,"$10,496","$10,496",$0,0.0%,"129,168"
103750000,Sleep apnea assessment (procedure),Dual Eligible,Government,"$44,850,032","$44,850,032",$0,0.0%,"99,304"
315639002,Initial patient assessment (procedure),Cigna Health,Commercial,"$2,847,682","$2,847,682",$0,0.0%,"5,858"
31676001,Human immunodeficiency virus antigen test,Humana,Commercial,"$48,098,227","$48,098,227",$0,0.0%,"24,148"
309362,(no description on file),Blue Cross Blue Shield,Commercial,"$1,333,853","$1,333,853",$0,0.0%,"1,673"
748962,(no description on file),Cigna Health,Commercial,"$4,000,895","$4,000,895",$0,0.0%,"4,422"
859088,(no description on file),Humana,Commercial,"$2,458,220","$2,458,220",$0,0.0%,"9,558"
11466000,Cesarean section,Humana,Commercial,"$24,603,780","$24,603,780",$0,0.0%,"2,930"
270427003,Patient-initiated encounter,Dual Eligible,Government,"$74,136","$74,136",$0,0.0%,"1,027"
807283,(no description on file),Humana,Commercial,"$55,261","$55,261",$0,0.0%,"2,582"
1665060,(no description on file),Aetna,Commercial,"$324,311","$324,311",$0,0.0%,"1,257"
208,(no description on file),Medicaid,Government,"$28,838,392","$28,838,392",$0,0.0%,"212,025"
34043003,Dental consultation and report (procedure),Blue Cross Blue Shield,Commercial,"$90,362,494","$90,362,494",$0,0.0%,"179,597"
1049504,(no description on file),Aetna,Commercial,"$4,061,946","$4,061,946",$0,0.0%,"15,727"
182813001,Emergency treatment (procedure),Medicare,Government,"$509,910","$509,910",$0,0.0%,"4,290"
351109,(no description on file),Aetna,Commercial,"$3,218,129","$3,218,129",$0,0.0%,"12,532"
310965,(no description on file),Medicare,Government,"$4,946,653","$4,946,653",$0,0.0%,"20,462"
90226004,Cytopathology procedure  preparation of smear  genital source,Dual Eligible,Government,"$22,802,569","$22,802,569",$0,0.0%,"12,846"
711446003,Transplantation of kidney regime (regime/therapy),Aetna,Commercial,"$3,771,891","$3,771,891",$0,0.0%,"4,659"
1664463,(no description on file),Blue Cross Blue Shield,Commercial,"$1,812,260","$1,812,260",$0,0.0%,"7,079"
1665060,(no description on file),Dual Eligible,Government,"$593,544","$593,544",$0,0.0%,"2,610"
834061,(no description on file),Medicare,Government,"$345,589","$345,589",$0,0.0%,"1,615"
714812005,Induced termination of pregnancy,Aetna,Commercial,"$42,328,550","$42,328,550",$0,0.0%,"4,939"
449214001,Transfer to stepdown unit (procedure),NO_INSURANCE,Self-Pay / Uninsured,"$279,715","$279,715",$0,0.0%,411
33195004,External beam radiation therapy procedure (procedure),Anthem,Commercial,"$1,808,676","$1,808,676",$0,0.0%,"1,908"
762993000,Assessment using Morse Fall Scale (procedure),Humana,Commercial,"$288,234","$288,234",$0,0.0%,"4,751"
665078,(no description on file),Blue Cross Blue Shield,Commercial,"$100,560","$100,560",$0,0.0%,420
390791001,Referral for echocardiography (procedure),UnitedHealthcare,Commercial,"$385,934","$385,934",$0,0.0%,767
834102,(no description on file),UnitedHealthcare,Commercial,"$464,583","$464,583",$0,0.0%,"2,044"
85548006,Episiotomy,Blue Cross Blue Shield,Commercial,"$17,268,263","$17,268,263",$0,0.0%,"3,208"
305428000,Admission to orthopedic department,Dual Eligible,Government,"$1,109,290","$1,109,290",$0,0.0%,"2,439"
748962,(no description on file),Aetna,Commercial,"$3,915,456","$3,915,456",$0,0.0%,"4,313"
284053004,Tooth socket procedure (procedure),Blue Cross Blue Shield,Commercial,"$545,013","$545,013",$0,0.0%,"1,089"
275833003,AFP test - antenatal,UnitedHealthcare,Commercial,"$22,280,027","$22,280,027",$0,0.0%,"11,385"
616830,(no description on file),UnitedHealthcare,Commercial,"$574,466","$574,466",$0,0.0%,"2,213"
1648755,(no description on file),Cigna Health,Commercial,"$503,901","$503,901",$0,0.0%,"1,921"
308283009,Discharge from hospital (procedure),Anthem,Commercial,"$1,309,503","$1,309,503",$0,0.0%,"2,575"
40701008,Echocardiography (procedure),UnitedHealthcare,Commercial,"$909,386","$909,386",$0,0.0%,978
1998774,(no description on file),Humana,Commercial,"$349,531","$349,531",$0,0.0%,"1,329"
14736009,History and physical examination with evaluation and management of patient (procedure),NO_INSURANCE,Self-Pay / Uninsured,"$953,156","$953,156",$0,0.0%,"1,947"
312384001,Multidisciplinary assessment (procedure),Dual Eligible,Government,"$211,593","$211,593",$0,0.0%,466
392247006,Insertion of catheter into artery (procedure),Aetna,Commercial,"$597,855","$597,855",$0,0.0%,"1,246"
703423002,Combined chemotherapy and radiation therapy (procedure),Anthem,Commercial,"$53,646,755","$53,646,755",$0,0.0%,"1,795"
384700001,Injection of tetanus antitoxin,Dual Eligible,Government,"$2,329,951","$2,329,951",$0,0.0%,"1,010"
744842,(no description on file),Medicare,Government,"$271,975","$271,975",$0,0.0%,"1,077"
313660005,Absolute CD4 count procedure (procedure),Aetna,Commercial,"$888,005","$888,005",$0,0.0%,"1,808"
433114000,Human epidermal growth factor receptor 2 gene detection by immunohistochemistry (procedure),Medicaid,Government,"$159,355","$159,355",$0,0.0%,741
746763,(no description on file),Medicaid,Government,"$200,254","$200,254",$0,0.0%,873
312617,(no description on file),Medicare,Government,"$6,599","$6,599",$0,0.0%,880
1807510,(no description on file),Anthem,Commercial,"$148,383","$148,383",$0,0.0%,560
268400002,12 lead electrocardiogram (procedure),Medicaid,Government,"$42,008","$42,008",$0,0.0%,67
1306292,(no description on file),Anthem,Commercial,"$86,591","$86,591",$0,0.0%,331
542347,(no description on file),UnitedHealthcare,Commercial,$83,$83,$0,0.0%,484
76464004,Hospital admission  for observation (procedure),Aetna,Commercial,"$15,377","$15,377",$0,0.0%,127
309309,(no description on file),Blue Cross Blue Shield,Commercial,"$183,404","$183,404",$0,0.0%,715
197454,(no description on file),Dual Eligible,Government,"$132,236","$132,236",$0,0.0%,582
1665021,(no description on file),Dual Eligible,Government,"$2,286","$2,286",$0,0.0%,11
200243,(no description on file),Anthem,Commercial,$73,$73,$0,0.0%,161
433112001,Percutaneous mechanical thrombectomy of portal vein using fluoroscopic guidance with contrast (procedure),Aetna,Commercial,"$2,717,830","$2,717,830",$0,0.0%,128
24832002,Closed reduction of mandibular fracture (procedure),UnitedHealthcare,Commercial,"$74,279","$74,279",$0,0.0%,148
897122,(no description on file),Medicaid,Government,"$6,249,467","$6,249,467",$0,0.0%,382
80146002,Appendectomy,Humana,Commercial,"$7,431,891","$7,431,891",$0,0.0%,613
200243,(no description on file),Medicaid,Government,$191,$191,$0,0.0%,484
445988008,Assessment using health assessment questionnaire (procedure),UnitedHealthcare,Commercial,"$16,978","$16,978",$0,0.0%,35
1940648,(no description on file),Medicare,Government,"$1,880","$1,880",$0,0.0%,21
54550000,Electroencephalogram (procedure),Anthem,Commercial,"$2,945,480","$2,945,480",$0,0.0%,324
1999667,(no description on file),Dual Eligible,Government,"$40,453","$40,453",$0,0.0%,168
1665021,(no description on file),Cigna Health,Commercial,"$5,625","$5,625",$0,0.0%,21
306206005,Referral to service (procedure),Anthem,Commercial,"$191,675","$191,675",$0,0.0%,400
617310,(no description on file),Anthem,Commercial,"$18,842","$18,842",$0,0.0%,72
596926,(no description on file),Dual Eligible,Government,"$5,864","$5,864",$0,0.0%,278
749196,(no description on file),Blue Cross Blue Shield,Commercial,"$30,809","$30,809",$0,0.0%,115
198031,(no description on file),Blue Cross Blue Shield,Commercial,"$2,431","$2,431",$0,0.0%,35
252480006,Simple walk test (procedure),UnitedHealthcare,Commercial,"$16,978","$16,978",$0,0.0%,35
1735006,(no description on file),UnitedHealthcare,Commercial,$60,$60,$0,0.0%,130
449214001,Transfer to stepdown unit (procedure),Dual Eligible,Government,"$112,516","$112,516",$0,0.0%,197
410299006,Lab findings education  guidance  and counseling (procedure),Medicare,Government,"$67,992","$67,992",$0,0.0%,136
197904,(no description on file),NO_INSURANCE,Self-Pay / Uninsured,"$4,635","$4,635",$0,0.0%,17
171121004,Human immunodeficiency virus screening (procedure),UnitedHealthcare,Commercial,"$12,259","$12,259",$0,0.0%,25
866427,(no description on file),Aetna,Commercial,"$12,001","$12,001",$0,0.0%,49
3457005,Patient referral (procedure),Medicaid,Government,"$71,717","$71,717",$0,0.0%,155
717778001,Mouth care (regime/therapy),Medicaid,Government,"$16,122","$16,122",$0,0.0%,35
88039007,Transplant of lung (procedure),NO_INSURANCE,Self-Pay / Uninsured,"$3,273,907","$3,273,907",$0,0.0%,22
418891003,Computed tomography of chest and abdomen,Blue Cross Blue Shield,Commercial,"$684,358","$684,358",$0,0.0%,65
241615005,Magnetic resonance imaging of breast (procedure),NO_INSURANCE,Self-Pay / Uninsured,"$45,915","$45,915",$0,0.0%,39
1747691,(no description on file),Aetna,Commercial,"$15,936","$15,936",$0,0.0%,56
384682003,Multidisciplinary care conference (procedure),Cigna Health,Commercial,"$4,078","$4,078",$0,0.0%,9
904467,(no description on file),UnitedHealthcare,Commercial,"$2,189","$2,189",$0,0.0%,8
384682003,Multidisciplinary care conference (procedure),UnitedHealthcare,Commercial,"$3,402","$3,402",$0,0.0%,7
312615,(no description on file),Anthem,Commercial,$258,$258,$0,0.0%,14
91602002,Thoracentesis (procedure),Humana,Commercial,"$494,010","$494,010",$0,0.0%,33
746815,(no description on file),UnitedHealthcare,Commercial,"$9,921","$9,921",$0,0.0%,39
261962,(no description on file),Aetna,Commercial,"$2,378","$2,378",$0,0.0%,10
993452,(no description on file),Cigna Health,Commercial,"$3,808","$3,808",$0,0.0%,4
1599803,(no description on file),Anthem,Commercial,"$9,379","$9,379",$0,0.0%,12
116863004,Transfusion of red blood cells (procedure),Aetna,Commercial,"$8,665","$8,665",$0,0.0%,18
349199,(no description on file),Humana,Commercial,"$1,474","$1,474",$0,0.0%,5
74857009,Hospital admission  short-term  24 hours,Dual Eligible,Government,"$16,917","$16,917",$0,0.0%,7
1658084,(no description on file),Cigna Health,Commercial,"$6,844","$6,844",$0,0.0%,2
349251,(no description on file),Blue Cross Blue Shield,Commercial,"$1,101","$1,101",$0,0.0%,5
709640007,Doppler ultrasonography of renal vein (procedure),NO_INSURANCE,Self-Pay / Uninsured,"$2,521","$2,521",$0,0.0%,5
859753,(no description on file),Blue Cross Blue Shield,Commercial,$418,$418,$0,0.0%,2
473220001,Hematologic disorder medication review (procedure),Blue Cross Blue Shield,Commercial,"$14,885","$14,885",$0,0.0%,3
898367,(no description on file),UnitedHealthcare,Commercial,$541,$541,$0,0.0%,2
200095,(no description on file),Anthem,Commercial,$250,$250,$0,0.0%,1
314203,(no description on file),Medicaid,Government,$250,$250,$0,0.0%,1
9002005,Manual testing of muscle function (procedure),UnitedHealthcare,Commercial,$484,$484,$0,0.0%,1
106892,(no description on file),Dual Eligible,Government,"$216,033,860","$216,033,860",$0,0.0%,"506,167"
206905,(no description on file),Aetna,Commercial,"$8,388,768","$8,388,768",$0,0.0%,"32,304"
185349003,Encounter for check up (procedure),Dual Eligible,Government,"$48,450,388","$48,450,388",$0,0.0%,"672,101"
140,(no description on file),UnitedHealthcare,Commercial,"$37,048,576","$37,048,576",$0,0.0%,"272,416"
5880005,Physical examination procedure (procedure),Aetna,Commercial,"$17,658,658","$17,658,658",$0,0.0%,"36,401"
169553002,Insertion of subcutaneous contraceptive,Aetna,Commercial,"$67,078,886","$67,078,886",$0,0.0%,"7,777"
103697008,Patient referral for dental care (procedure),Blue Cross Blue Shield,Commercial,"$11,815,832","$11,815,832",$0,0.0%,"179,256"
308136,(no description on file),Dual Eligible,Government,"$756,697","$756,697",$0,0.0%,"417,505"
745752,(no description on file),Dual Eligible,Government,"$2,293,831","$2,293,831",$0,0.0%,"10,045"
118001005,Streptococcus pneumoniae group B antigen assay,Aetna,Commercial,"$19,910,911","$19,910,911",$0,0.0%,"10,713"
43,(no description on file),Blue Cross Blue Shield,Commercial,"$1,572,296","$1,572,296",$0,0.0%,"11,561"
90226004,Cytopathology procedure  preparation of smear  genital source,Aetna,Commercial,"$32,599,900","$32,599,900",$0,0.0%,"17,345"
44608003,Blood group typing (procedure),Anthem,Commercial,"$34,152,737","$34,152,737",$0,0.0%,"17,973"
1234995,(no description on file),Cigna Health,Commercial,"$1,768","$1,768",$0,0.0%,"1,326"
1431987,(no description on file),Aetna,Commercial,"$339,763","$339,763",$0,0.0%,"1,292"
284053004,Tooth socket procedure (procedure),Aetna,Commercial,"$835,890","$835,890",$0,0.0%,"1,713"
274474001,Bone immobilization,Dual Eligible,Government,"$2,669,251","$2,669,251",$0,0.0%,"5,883"
310436,(no description on file),Medicare,Government,"$297,649","$297,649",$0,0.0%,"5,923"
410006001,Digital examination of rectum,Blue Cross Blue Shield,Commercial,"$300,051","$300,051",$0,0.0%,589
26763009,Controlled ventilation procedure and therapy  initiation and management (procedure),Medicare,Government,"$4,106,601","$4,106,601",$0,0.0%,"1,091"
410620009,Well child visit (procedure),NO_INSURANCE,Self-Pay / Uninsured,"$17,795,531","$17,795,531",$0,0.0%,"139,070"
1656356,(no description on file),Medicare,Government,"$1,328,035","$1,328,035",$0,0.0%,"5,268"
856987,(no description on file),NO_INSURANCE,Self-Pay / Uninsured,"$1,683,056","$1,683,056",$0,0.0%,"31,311"
28163009,Skin test for tuberculosis  Tine test (procedure),Cigna Health,Commercial,"$32,441,250","$32,441,250",$0,0.0%,"17,216"
117010004,Urine culture,Blue Cross Blue Shield,Commercial,"$25,536,414","$25,536,414",$0,0.0%,"12,956"
8,(no description on file),Blue Cross Blue Shield,Commercial,"$2,428,824","$2,428,824",$0,0.0%,"17,859"
449381000124108,Discharge from skilled nursing facility (procedure),Medicare,Government,"$9,851,118","$9,851,118",$0,0.0%,"20,654"
757594,(no description on file),Medicaid,Government,"$13,675,277","$13,675,277",$0,0.0%,"17,086"
85548006,Episiotomy,Dual Eligible,Government,"$6,063,239","$6,063,239",$0,0.0%,"1,228"
808917,(no description on file),Medicaid,Government,"$123,280","$123,280",$0,0.0%,531
979485,(no description on file),Aetna,Commercial,"$19,145","$19,145",$0,0.0%,"3,713"
245314,(no description on file),Humana,Commercial,"$134,181","$134,181",$0,0.0%,"2,320"
311791003,Information gathering (procedure),Cigna Health,Commercial,"$186,127","$186,127",$0,0.0%,"2,580"
31208007,Medical induction of labor,Blue Cross Blue Shield,Commercial,"$7,623,062","$7,623,062",$0,0.0%,"2,143"
854252,(no description on file),Medicaid,Government,"$256,202","$256,202",$0,0.0%,"17,064"
127783003,Spirometry (procedure),Medicaid,Government,"$55,763,610","$55,763,610",$0,0.0%,"8,134"
23426006,Measurement of respiratory function (procedure),UnitedHealthcare,Commercial,"$3,102,792","$3,102,792",$0,0.0%,"8,554"
440546007,Discussion about pregnancy (procedure),UnitedHealthcare,Commercial,"$851,527","$851,527",$0,0.0%,"1,693"
65200003,Insertion of intrauterine contraceptive device,NO_INSURANCE,Self-Pay / Uninsured,"$56,116,799","$56,116,799",$0,0.0%,"6,535"
1648755,(no description on file),Aetna,Commercial,"$480,905","$480,905",$0,0.0%,"1,842"
418824004,Off-pump coronary artery bypass (procedure),UnitedHealthcare,Commercial,"$112,288","$112,288",$0,0.0%,227
453131000124105,Videotelephony encounter (procedure),UnitedHealthcare,Commercial,"$103,375","$103,375",$0,0.0%,827
1808217,(no description on file),Blue Cross Blue Shield,Commercial,$209,$209,$0,0.0%,785
110467000,Pre-surgery testing (procedure),UnitedHealthcare,Commercial,"$343,190","$343,190",$0,0.0%,687
309097,(no description on file),Aetna,Commercial,"$1,102,315","$1,102,315",$0,0.0%,"1,435"
359672006,Median sternotomy (procedure),Cigna Health,Commercial,"$563,208","$563,208",$0,0.0%,"1,174"
313613002,Hepatitis A antibody test (procedure),Anthem,Commercial,"$10,952","$10,952",$0,0.0%,23
1536148,(no description on file),Blue Cross Blue Shield,Commercial,"$9,807","$9,807",$0,0.0%,33
47758006,Hepatitis B Surface Antigen Measurement,NO_INSURANCE,Self-Pay / Uninsured,"$27,131,967","$27,131,967",$0,0.0%,"14,275"
206905,(no description on file),Dual Eligible,Government,"$13,788,042","$13,788,042",$0,0.0%,"60,754"
40701008,Echocardiography (procedure),Medicaid,Government,"$4,393,519","$4,393,519",$0,0.0%,"5,141"
241055006,Mammogram - symptomatic (procedure),Aetna,Commercial,"$15,949","$15,949",$0,0.0%,135
410770002,Administration of anesthesia for procedure (procedure),Anthem,Commercial,"$562,234","$562,234",$0,0.0%,"1,157"
1269321004,Fitting of denture (procedure),Blue Cross Blue Shield,Commercial,"$1,951,283","$1,951,283",$0,0.0%,"3,874"
23933004,Excision of lingual frenum (procedure),Aetna,Commercial,"$46,676","$46,676",$0,0.0%,97
65677008,Pulmonary catheterization with Swan-Ganz catheter (procedure),Blue Cross Blue Shield,Commercial,"$357,103","$357,103",$0,0.0%,708
122856003,Oral examination (procedure),Anthem,Commercial,"$194,287","$194,287",$0,0.0%,401
418891003,Computed tomography of chest and abdomen,Dual Eligible,Government,"$1,574,898","$1,574,898",$0,0.0%,187
713024005,Plain X-ray of wrist region (procedure),Anthem,Commercial,"$128,287","$128,287",$0,0.0%,245
306316000,Referral to transplant surgeon (procedure),Anthem,Commercial,"$500,694","$500,694",$0,0.0%,"1,028"
104308009,Serologic test for Toxoplasma gondii (procedure),Medicare,Government,"$34,309","$34,309",$0,0.0%,74
314098000,Rubella screening test (procedure),Dual Eligible,Government,"$375,486","$375,486",$0,0.0%,724
430701006,Resuscitation using intravenous fluid (procedure),Medicare,Government,"$415,613","$415,613",$0,0.0%,474
855812,(no description on file),Cigna Health,Commercial,"$142,444","$142,444",$0,0.0%,556
241615005,Magnetic resonance imaging of breast (procedure),Aetna,Commercial,"$102,720","$102,720",$0,0.0%,76
2563431,(no description on file),Aetna,Commercial,"$214,034","$214,034",$0,0.0%,803
200033,(no description on file),Humana,Commercial,"$118,338","$118,338",$0,0.0%,459
19589009,Radiography of mandible (procedure),Blue Cross Blue Shield,Commercial,"$130,262","$130,262",$0,0.0%,256
112790001,Nasal sinus endoscopy (procedure),Anthem,Commercial,"$1,887,396","$1,887,396",$0,0.0%,353
1605257,(no description on file),UnitedHealthcare,Commercial,"$1,383,079","$1,383,079",$0,0.0%,"1,339"
223484005,Discussion about treatment (procedure),Blue Cross Blue Shield,Commercial,"$35,674","$35,674",$0,0.0%,351
305432006,Admission to surgical transplant department (procedure),UnitedHealthcare,Commercial,"$57,881","$57,881",$0,0.0%,447
45595009,Laparoscopic Removal of Gall Bladder,NO_INSURANCE,Self-Pay / Uninsured,"$330,200","$330,200",$0,0.0%,72
311354,(no description on file),Humana,Commercial,"$8,237","$8,237",$0,0.0%,33
116861002,Transfusion of fresh frozen plasma (procedure),Cigna Health,Commercial,"$85,153","$85,153",$0,0.0%,172
1870230,(no description on file),Dual Eligible,Government,"$39,341","$39,341",$0,0.0%,183
727711,(no description on file),NO_INSURANCE,Self-Pay / Uninsured,"$16,264","$16,264",$0,0.0%,96
999998,(no description on file),Medicare,Government,"$25,493","$25,493",$0,0.0%,104
1116758,(no description on file),Anthem,Commercial,"$14,271","$14,271",$0,0.0%,90
1361226,(no description on file),Cigna Health,Commercial,"$16,738","$16,738",$0,0.0%,64
866514,(no description on file),NO_INSURANCE,Self-Pay / Uninsured,"$13,753","$13,753",$0,0.0%,53
3457005,Patient referral (procedure),UnitedHealthcare,Commercial,"$13,851","$13,851",$0,0.0%,28
1536148,(no description on file),Anthem,Commercial,"$24,087","$24,087",$0,0.0%,89
197379,(no description on file),Dual Eligible,Government,"$7,693","$7,693",$0,0.0%,34
349251,(no description on file),Cigna Health,Commercial,"$7,875","$7,875",$0,0.0%,38
1536144,(no description on file),Anthem,Commercial,"$20,498","$20,498",$0,0.0%,97
47505003,posttraumatic stress disorder,Medicaid,Government,"$13,327","$13,327",$0,0.0%,109
103746007,Heparin therapy (procedure),NO_INSURANCE,Self-Pay / Uninsured,"$26,045","$26,045",$0,0.0%,52
349251,(no description on file),Medicare,Government,"$16,519","$16,519",$0,0.0%,67
394894008,Pre-operative chemotherapy (procedure),Anthem,Commercial,"$3,866","$3,866",$0,0.0%,8
252559,(no description on file),Humana,Commercial,"$4,737","$4,737",$0,0.0%,18
898346,(no description on file),Anthem,Commercial,$767,$767,$0,0.0%,3
313398001,Hepatitis antibody test (procedure),Aetna,Commercial,"$5,596","$5,596",$0,0.0%,10
608139,(no description on file),Dual Eligible,Government,"$3,748","$3,748",$0,0.0%,30
108219001,Physician visit with evaluation AND/OR management service (procedure),Blue Cross Blue Shield,Commercial,"$2,303","$2,303",$0,0.0%,20
445528004,Treatment changed (situation),Anthem,Commercial,"$5,765","$5,765",$0,0.0%,11
856519,(no description on file),Medicaid,Government,"$1,800","$1,800",$0,0.0%,8
205532,(no description on file),Cigna Health,Commercial,"$7,819","$7,819",$0,0.0%,7
859753,(no description on file),Humana,Commercial,$908,$908,$0,0.0%,4
90407005,Evaluation of psychiatric state of patient,Dual Eligible,Government,$953,$953,$0,0.0%,7
898687,(no description on file),NO_INSURANCE,Self-Pay / Uninsured,$641,$641,$0,0.0%,2
311707005,Oromotor Exercises,UnitedHealthcare,Commercial,"$2,331","$2,331",$0,0.0%,5
197887,(no description on file),Blue Cross Blue Shield,Commercial,"$1,548","$1,548",$0,0.0%,6
1155885007,Repair of aortic valve (procedure),Anthem,Commercial,"$1,010","$1,010",$0,0.0%,2
183801001,Inpatient stay 3 days,NO_INSURANCE,Self-Pay / Uninsured,$350,$350,$0,0.0%,3
200284,(no description on file),Dual Eligible,Government,$250,$250,$0,0.0%,1
861650,(no description on file),Cigna Health,Commercial,$366,$366,$0,0.0%,1
67799006,Diagnosis of cystic fibrosis using sweat test and gene test,Cigna Health,Commercial,$237,$237,$0,0.0%,2
866429,(no description on file),NO_INSURANCE,Self-Pay / Uninsured,$209,$209,$0,0.0%,1
349483,(no description on file),Medicaid,Government,$233,$233,$0,0.0%,1
430193006,Medication Reconciliation (procedure),Cigna Health,Commercial,"$142,229,343","$142,229,343",$0,0.0%,"303,289"
171207006,Depression screening (procedure),Medicare,Government,"$12,688,307","$12,688,307",$0,0.0%,"1,644,787"
167271000,Urine protein test,Medicaid,Government,"$99,176,922","$99,176,922",$0,0.0%,"54,630"
308136,(no description on file),Blue Cross Blue Shield,Commercial,"$196,455","$196,455",$0,0.0%,"95,826"
371883000,Outpatient procedure,Blue Cross Blue Shield,Commercial,"$5,635,698","$5,635,698",$0,0.0%,"47,532"
310417005,Certification procedure (procedure),Medicare,Government,"$16,843,660","$16,843,660",$0,0.0%,"34,423"
763302001,Assessment using Alcohol Use Disorders Identification Test - Consumption (procedure),Dual Eligible,Government,"$5,285","$5,285",$0,0.0%,"173,466"
315639002,Initial patient assessment (procedure),Medicaid,Government,"$8,807,924","$8,807,924",$0,0.0%,"19,081"
441550005,Urinalysis with reflex to microscopy and culture (procedure),Aetna,Commercial,"$3,734,057","$3,734,057",$0,0.0%,"5,865"
106892,(no description on file),Aetna,Commercial,"$63,557,396","$63,557,396",$0,0.0%,"129,174"
1860491,(no description on file),Anthem,Commercial,"$4,018,446","$4,018,446",$0,0.0%,"15,168"
713024005,Plain X-ray of wrist region (procedure),Medicare,Government,"$540,869","$540,869",$0,0.0%,"1,031"
698314001,Consultation for treatment,Aetna,Commercial,"$7,315,831","$7,315,831",$0,0.0%,"63,664"
169230002,Ultrasound scan for fetal viability,Anthem,Commercial,"$223,501,059","$223,501,059",$0,0.0%,"25,230"
33879002,Administration of vaccine to produce active immunity (procedure),Humana,Commercial,"$19,034,206","$19,034,206",$0,0.0%,"158,557"
76601001,Intramuscular injection,Blue Cross Blue Shield,Commercial,"$144,466,042","$144,466,042",$0,0.0%,"56,900"
115,(no description on file),Medicaid,Government,"$3,660,848","$3,660,848",$0,0.0%,"26,918"
1431987,(no description on file),NO_INSURANCE,Self-Pay / Uninsured,"$587,472","$587,472",$0,0.0%,"2,373"
56876005,Drug rehabilitation and detoxification,Dual Eligible,Government,"$1,867,393","$1,867,393",$0,0.0%,"15,486"
118001005,Streptococcus pneumoniae group B antigen assay,Medicaid,Government,"$111,184,713","$111,184,713",$0,0.0%,"60,121"
229064008,Movement therapy (regime/therapy),NO_INSURANCE,Self-Pay / Uninsured,"$3,968,772","$3,968,772",$0,0.0%,"8,211"
351137,(no description on file),Medicaid,Government,"$3,263,832","$3,263,832",$0,0.0%,"14,354"
104326007,Measurement of Varicella-zoster virus antibody,Medicare,Government,"$21,066,785","$21,066,785",$0,0.0%,"11,029"
19490002,Ankle X-ray,Medicare,Government,"$1,490,140","$1,490,140",$0,0.0%,"3,129"
866412,(no description on file),Medicaid,Government,"$1,647,093","$1,647,093",$0,0.0%,"7,250"
978950,(no description on file),NO_INSURANCE,Self-Pay / Uninsured,"$3,151,278","$3,151,278",$0,0.0%,"3,554"
284053004,Tooth socket procedure (procedure),UnitedHealthcare,Commercial,"$494,461","$494,461",$0,0.0%,987
866148006,Screening for domestic abuse (procedure),Aetna,Commercial,"$24,793","$24,793",$0,0.0%,"134,039"
225362009,Dental care (regime/therapy),Humana,Commercial,"$148,073,701","$148,073,701",$0,0.0%,"293,752"
8,(no description on file),Cigna Health,Commercial,"$1,991,176","$1,991,176",$0,0.0%,"14,641"
748879,(no description on file),Blue Cross Blue Shield,Commercial,"$2,809,880","$2,809,880",$0,0.0%,"3,249"
1431987,(no description on file),Medicare,Government,"$10,494,051","$10,494,051",$0,0.0%,"40,878"
113,(no description on file),Aetna,Commercial,"$5,628,360","$5,628,360",$0,0.0%,"41,385"
67879005,History and physical examination  limited (procedure),Blue Cross Blue Shield,Commercial,"$2,303,583","$2,303,583",$0,0.0%,"4,610"
185087000,Notifications (procedure),Dual Eligible,Government,"$5,558,389","$5,558,389",$0,0.0%,"12,243"
313820,(no description on file),Anthem,Commercial,"$689,813","$689,813",$0,0.0%,"5,109"
114,(no description on file),NO_INSURANCE,Self-Pay / Uninsured,"$2,392,104","$2,392,104",$0,0.0%,"17,589"
351137,(no description on file),Humana,Commercial,"$1,085,613","$1,085,613",$0,0.0%,"4,367"
394701000,Asthma follow-up,UnitedHealthcare,Commercial,"$979,380","$979,380",$0,0.0%,"8,200"
428830000,Pretransplant evaluation of kidney recipient (procedure),Medicaid,Government,"$821,026","$821,026",$0,0.0%,"1,789"
133899007,Postoperative care (regime/therapy),Medicaid,Government,"$4,600,758","$4,600,758",$0,0.0%,"9,216"
225338004,Risk assessment (procedure),UnitedHealthcare,Commercial,"$127,368","$127,368",$0,0.0%,257
2103182,(no description on file),Humana,Commercial,"$8,259","$8,259",$0,0.0%,731
116861002,Transfusion of fresh frozen plasma (procedure),Medicare,Government,"$554,180","$554,180",$0,0.0%,"1,061"
212,(no description on file),NO_INSURANCE,Self-Pay / Uninsured,"$501,840","$501,840",$0,0.0%,"3,690"
306706006,Discharge to ward (procedure),Medicaid,Government,"$1,443,005","$1,443,005",$0,0.0%,"3,176"
31208007,Medical induction of labor,Anthem,Commercial,"$6,859,295","$6,859,295",$0,0.0%,"2,033"
245314,(no description on file),Blue Cross Blue Shield,Commercial,"$72,626","$72,626",$0,0.0%,"1,324"
410299006,Lab findings education  guidance  and counseling (procedure),Anthem,Commercial,"$82,621","$82,621",$0,0.0%,169
310965,(no description on file),Blue Cross Blue Shield,Commercial,"$1,236,752","$1,236,752",$0,0.0%,"5,002"
711069006,Coordination of care plan (procedure),Humana,Commercial,"$66,497","$66,497",$0,0.0%,131
308182,(no description on file),Blue Cross Blue Shield,Commercial,"$109,967","$109,967",$0,0.0%,972
198405,(no description on file),Cigna Health,Commercial,"$1,136,817","$1,136,817",$0,0.0%,"5,310"
309309,(no description on file),Aetna,Commercial,"$303,385","$303,385",$0,0.0%,"1,153"
23426006,Measurement of respiratory function (procedure),Dual Eligible,Government,"$2,770,124","$2,770,124",$0,0.0%,"8,451"
1736854,(no description on file),Cigna Health,Commercial,"$1,803,554","$1,803,554",$0,0.0%,"4,061"
103750000,Sleep apnea assessment (procedure),Anthem,Commercial,"$1,170,945","$1,170,945",$0,0.0%,"2,395"
1049221,(no description on file),Cigna Health,Commercial,"$37,189","$37,189",$0,0.0%,"3,778"
1721613,(no description on file),Medicaid,Government,"$39,806","$39,806",$0,0.0%,176
542347,(no description on file),Anthem,Commercial,$146,$146,$0,0.0%,817
165197003,Diagnostic assessment (procedure),Medicare,Government,"$2,694,049","$2,694,049",$0,0.0%,"5,501"
1659131,(no description on file),Cigna Health,Commercial,"$144,554","$144,554",$0,0.0%,546
306206005,Referral to service (procedure),Medicare,Government,"$1,285,057","$1,285,057",$0,0.0%,"2,614"
1433873,(no description on file),Cigna Health,Commercial,"$98,636","$98,636",$0,0.0%,362
76464004,Hospital admission  for observation (procedure),Medicaid,Government,"$39,185","$39,185",$0,0.0%,314
315124004,Human immunodeficiency virus viral load (procedure),Anthem,Commercial,"$1,212,654","$1,212,654",$0,0.0%,"2,454"
37542007,Posttreatment stabilization  orthodontic device (procedure),Medicare,Government,"$123,155","$123,155",$0,0.0%,251
252895004,Urodynamic studies (procedure,Medicaid,Government,"$4,299","$4,299",$0,0.0%,9
311791003,Information gathering (procedure),Blue Cross Blue Shield,Commercial,"$86,936","$86,936",$0,0.0%,"1,177"
69212005,Range of motion testing (procedure),Anthem,Commercial,"$194,287","$194,287",$0,0.0%,401
252482003,Stair-climbing test (procedure),Blue Cross Blue Shield,Commercial,"$382,430","$382,430",$0,0.0%,758
80146002,Appendectomy,Anthem,Commercial,"$5,741,310","$5,741,310",$0,0.0%,486
1433873,(no description on file),Dual Eligible,Government,"$77,712","$77,712",$0,0.0%,353
183495009,Non-urgent orthopedic admission,Blue Cross Blue Shield,Commercial,"$91,049","$91,049",$0,0.0%,703
752899,(no description on file),Medicaid,Government,"$179,557","$179,557",$0,0.0%,316
317150,(no description on file),Medicare,Government,"$229,926","$229,926",$0,0.0%,836
449214001,Transfer to stepdown unit (procedure),Aetna,Commercial,"$375,787","$375,787",$0,0.0%,507
1225002,Upper arm X-ray,Blue Cross Blue Shield,Commercial,"$339,403","$339,403",$0,0.0%,678
34896006,Incision (procedure),Dual Eligible,Government,"$198,033","$198,033",$0,0.0%,434
896023,(no description on file),NO_INSURANCE,Self-Pay / Uninsured,"$15,951","$15,951",$0,0.0%,65
1091392,(no description on file),Humana,Commercial,"$452,110","$452,110",$0,0.0%,150
12719002,Platelet transfusion (procedure),Cigna Health,Commercial,"$45,320","$45,320",$0,0.0%,93
19490002,Ankle X-ray,NO_INSURANCE,Self-Pay / Uninsured,"$331,640","$331,640",$0,0.0%,699
1729584,(no description on file),NO_INSURANCE,Self-Pay / Uninsured,"$46,895","$46,895",$0,0.0%,432
185087000,Notifications (procedure),Cigna Health,Commercial,"$245,103","$245,103",$0,0.0%,510
713026007,Plain X-ray of humerus (procedure),UnitedHealthcare,Commercial,"$153,648","$153,648",$0,0.0%,299
112798008,Insertion of endotracheal tube (procedure),Aetna,Commercial,"$45,790","$45,790",$0,0.0%,159
25656009,Physical examination  complete (procedure),Blue Cross Blue Shield,Commercial,"$131,326","$131,326",$0,0.0%,258
433112001,Percutaneous mechanical thrombectomy of portal vein using fluoroscopic guidance with contrast (procedure),NO_INSURANCE,Self-Pay / Uninsured,"$2,591,492","$2,591,492",$0,0.0%,135
243670,(no description on file),Blue Cross Blue Shield,Commercial,"$55,077","$55,077",$0,0.0%,275
410299006,Lab findings education  guidance  and counseling (procedure),Medicaid,Government,"$105,623","$105,623",$0,0.0%,229
183450002,Admission to burn unit,UnitedHealthcare,Commercial,"$24,543","$24,543",$0,0.0%,49
200031,(no description on file),Dual Eligible,Government,"$15,519","$15,519",$0,0.0%,69
966524,(no description on file),UnitedHealthcare,Commercial,"$23,608","$23,608",$0,0.0%,79
966524,(no description on file),NO_INSURANCE,Self-Pay / Uninsured,"$16,243","$16,243",$0,0.0%,61
113120007,Interstitial brachytherapy (procedure),Medicare,Government,"$604,960","$604,960",$0,0.0%,34
617311,(no description on file),Anthem,Commercial,"$21,417","$21,417",$0,0.0%,82
423475008,Heart failure education (procedure),Humana,Commercial,"$56,157","$56,157",$0,0.0%,113
284215,(no description on file),Cigna Health,Commercial,"$12,928","$12,928",$0,0.0%,48
234336002,Hemopoietic stem cell transplant (procedure),Dual Eligible,Government,"$39,862","$39,862",$0,0.0%,88
371361000119107,Comprehensive metabolic panel (procedure),Dual Eligible,Government,"$48,312","$48,312",$0,0.0%,105
112798008,Insertion of endotracheal tube (procedure),UnitedHealthcare,Commercial,"$24,734","$24,734",$0,0.0%,80
711069006,Coordination of care plan (procedure),Blue Cross Blue Shield,Commercial,"$36,887","$36,887",$0,0.0%,74
447759004,Brachytherapy of breast (procedure),NO_INSURANCE,Self-Pay / Uninsured,"$206,863","$206,863",$0,0.0%,11
446987006,Determination of susceptibility of Human immunodeficiency virus 1 to panel of antiretroviral drugs using genotypic technique (procedure),Humana,Commercial,"$22,748","$22,748",$0,0.0%,44
365853002,Imaging finding (finding),UnitedHealthcare,Commercial,"$7,507","$7,507",$0,0.0%,15
310385,(no description on file),Blue Cross Blue Shield,Commercial,$41,$41,$0,0.0%,27
636045,(no description on file),Aetna,Commercial,"$1,142","$1,142",$0,0.0%,5
386510005,Amputation care (regime/therapy),Anthem,Commercial,"$5,598","$5,598",$0,0.0%,11
200346,(no description on file),Dual Eligible,Government,"$3,980","$3,980",$0,0.0%,18
858817,(no description on file),Dual Eligible,Government,"$2,001","$2,001",$0,0.0%,9
243150007,Assist control ventilation (regime/therapy),Blue Cross Blue Shield,Commercial,"$117,598","$117,598",$0,0.0%,30
1732186,(no description on file),Blue Cross Blue Shield,Commercial,$298,$298,$0,0.0%,156
744842,(no description on file),Blue Cross Blue Shield,Commercial,"$33,791","$33,791",$0,0.0%,128
386510005,Amputation care (regime/therapy),Blue Cross Blue Shield,Commercial,"$4,026","$4,026",$0,0.0%,8
979480,(no description on file),NO_INSURANCE,Self-Pay / Uninsured,"$6,279","$6,279",$0,0.0%,24
859421,(no description on file),Medicare,Government,"$2,080","$2,080",$0,0.0%,6
410011004,Administration of anesthesia AND/OR sedation (procedure),Cigna Health,Commercial,"$3,189","$3,189",$0,0.0%,7
241149003,Videofluoroscopy swallow (procedure),Medicaid,Government,$816,$816,$0,0.0%,2
898346,(no description on file),Humana,Commercial,$492,$492,$0,0.0%,2
751616,(no description on file),Humana,Commercial,"$1,220","$1,220",$0,0.0%,5
979468,(no description on file),UnitedHealthcare,Commercial,"$1,559","$1,559",$0,0.0%,6
311353,(no description on file),Blue Cross Blue Shield,Commercial,"$1,582","$1,582",$0,0.0%,6
866419,(no description on file),Blue Cross Blue Shield,Commercial,"$1,057","$1,057",$0,0.0%,4
896758,(no description on file),Humana,Commercial,"$1,191","$1,191",$0,0.0%,4
898353,(no description on file),Medicaid,Government,$774,$774,$0,0.0%,3
636042,(no description on file),Aetna,Commercial,$492,$492,$0,0.0%,2
898690,(no description on file),Humana,Commercial,"$1,819","$1,819",$0,0.0%,7
180030006,Amputation of right foot,Humana,Commercial,"$215,388","$215,388",$0,0.0%,5
898719,(no description on file),Cigna Health,Commercial,$674,$674,$0,0.0%,2
898687,(no description on file),UnitedHealthcare,Commercial,$233,$233,$0,0.0%,1
856569,(no description on file),Blue Cross Blue Shield,Commercial,$209,$209,$0,0.0%,1
314203,(no description on file),Dual Eligible,Government,$130,$130,$0,0.0%,1
428211000124100,Assessment of substance use (procedure),Dual Eligible,Government,"$382,965","$382,965",$0,0.0%,"355,552"
106892,(no description on file),Medicare,Government,"$658,957,282","$658,957,282",$0,0.0%,"1,357,349"
33879002,Administration of vaccine to produce active immunity (procedure),Anthem,Commercial,"$14,488,060","$14,488,060",$0,0.0%,"124,099"
310798,(no description on file),NO_INSURANCE,Self-Pay / Uninsured,"$211,717","$211,717",$0,0.0%,"193,373"
410620009,Well child visit (procedure),Medicare,Government,"$7,066,407","$7,066,407",$0,0.0%,"54,658"
232717009,Coronary artery bypass grafting (procedure),Dual Eligible,Government,"$47,260,395","$47,260,395",$0,0.0%,"1,299"
448337001,Telemedicine consultation with patient,Humana,Commercial,"$392,867","$392,867",$0,0.0%,"3,936"
1269321004,Fitting of denture (procedure),NO_INSURANCE,Self-Pay / Uninsured,"$2,916,119","$2,916,119",$0,0.0%,"5,984"
428211000124100,Assessment of substance use (procedure),Medicare,Government,"$893,388","$893,388",$0,0.0%,"1,233,231"
68071007,Dental fluoride treatment (procedure),NO_INSURANCE,Self-Pay / Uninsured,"$55,677,465","$55,677,465",$0,0.0%,"114,343"
371883000,Outpatient procedure,NO_INSURANCE,Self-Pay / Uninsured,"$6,086,933","$6,086,933",$0,0.0%,"51,927"
449411000124106,Admission to skilled nursing facility (procedure),Anthem,Commercial,"$436,721","$436,721",$0,0.0%,"3,561"
65546002,Extraction of wisdom tooth,Medicaid,Government,"$146,453,343","$146,453,343",$0,0.0%,"13,884"
68071007,Dental fluoride treatment (procedure),Aetna,Commercial,"$61,789,389","$61,789,389",$0,0.0%,"127,284"
33195004,External beam radiation therapy procedure (procedure),Medicaid,Government,"$6,363,384","$6,363,384",$0,0.0%,"7,017"
1735006,(no description on file),Dual Eligible,Government,$210,$210,$0,0.0%,523
223495004,Preparation of patient for procedure (regime/therapy),Medicaid,Government,"$1,404,378","$1,404,378",$0,0.0%,"3,093"
1000126,(no description on file),NO_INSURANCE,Self-Pay / Uninsured,"$290,451","$290,451",$0,0.0%,"4,915"
57617002,Urine specimen collection (procedure),Medicare,Government,"$5,497,433","$5,497,433",$0,0.0%,"11,168"
310965,(no description on file),Dual Eligible,Government,"$1,464,536","$1,464,536",$0,0.0%,"6,899"
11466000,Cesarean section,Medicaid,Government,"$65,164,844","$65,164,844",$0,0.0%,"8,474"
370789001,Development of individualized plan of care (procedure),Medicare,Government,"$34,325,648","$34,325,648",$0,0.0%,"70,100"
386394001,Pregnancy termination care,Blue Cross Blue Shield,Commercial,"$2,747,410","$2,747,410",$0,0.0%,"3,919"
185317003,Telephone encounter (procedure),Medicare,Government,"$347,929","$347,929",$0,0.0%,"4,639"
1665060,(no description on file),Medicaid,Government,"$754,084","$754,084",$0,0.0%,"3,318"
167271000,Urine protein test,Cigna Health,Commercial,"$32,730,309","$32,730,309",$0,0.0%,"17,216"
65677008,Pulmonary catheterization with Swan-Ganz catheter (procedure),Medicare,Government,"$3,369,271","$3,369,271",$0,0.0%,"6,872"
1361048,(no description on file),Cigna Health,Commercial,"$102,088","$102,088",$0,0.0%,398
305342007,Admission to ward (procedure),Medicare,Government,"$1,435,150","$1,435,150",$0,0.0%,"8,675"
315124004,Human immunodeficiency virus viral load (procedure),Humana,Commercial,"$1,515,990","$1,515,990",$0,0.0%,"2,955"
1870230,(no description on file),Humana,Commercial,"$386,782","$386,782",$0,0.0%,"1,745"
313191000,Injection of epinephrine (procedure),Humana,Commercial,"$1,660,447","$1,660,447",$0,0.0%,679
583214,(no description on file),Anthem,Commercial,"$11,672","$11,672",$0,0.0%,"3,427"
183519002,Referral to cardiology service (procedure),NO_INSURANCE,Self-Pay / Uninsured,"$1,721,502","$1,721,502",$0,0.0%,"3,536"
301807007,Removal of subcutaneous contraceptive,Dual Eligible,Government,"$11,706,023","$11,706,023",$0,0.0%,"1,453"
744842,(no description on file),Medicaid,Government,"$153,850","$153,850",$0,0.0%,674
452331000124102,Review of imaging finding (procedure),Medicare,Government,"$480,242","$480,242",$0,0.0%,"1,008"
855332,(no description on file),Humana,Commercial,"$17,581","$17,581",$0,0.0%,"1,554"
69212005,Range of motion testing (procedure),NO_INSURANCE,Self-Pay / Uninsured,"$159,805","$159,805",$0,0.0%,326
314231,(no description on file),UnitedHealthcare,Commercial,"$8,764","$8,764",$0,0.0%,"11,911"
117015009,Throat culture (procedure),Anthem,Commercial,"$27,010,597","$27,010,597",$0,0.0%,"14,246"
711069006,Coordination of care plan (procedure),Dual Eligible,Government,"$1,388,950","$1,388,950",$0,0.0%,"3,054"
33195004,External beam radiation therapy procedure (procedure),Aetna,Commercial,"$2,761,561","$2,761,561",$0,0.0%,"2,790"
831533,(no description on file),Anthem,Commercial,"$3,818,354","$3,818,354",$0,0.0%,"4,194"
261352009,Face mask (physical object),UnitedHealthcare,Commercial,"$15,906","$15,906",$0,0.0%,"6,974"
290045001,Kitchen practice,Aetna,Commercial,"$1,176,976","$1,176,976",$0,0.0%,"2,426"
417511005,Referral to home health care service (procedure),Medicare,Government,"$3,737,882","$3,737,882",$0,0.0%,"7,629"
212033,(no description on file),Aetna,Commercial,"$142,081","$142,081",$0,0.0%,563
713026007,Plain X-ray of humerus (procedure),Blue Cross Blue Shield,Commercial,"$142,381","$142,381",$0,0.0%,279
385763009,Hospice care (regime/therapy),Humana,Commercial,"$5,330,133","$5,330,133",$0,0.0%,530
197541,(no description on file),Medicare,Government,"$57,969","$57,969",$0,0.0%,334
68254000,Removal of intrauterine device,Aetna,Commercial,"$26,941,571","$26,941,571",$0,0.0%,"3,272"
896006,(no description on file),Medicare,Government,"$140,371","$140,371",$0,0.0%,501
398171003,Hearing examination (procedure),Blue Cross Blue Shield,Commercial,"$1,742,321","$1,742,321",$0,0.0%,578
317150,(no description on file),Medicaid,Government,"$132,300","$132,300",$0,0.0%,574
1735006,(no description on file),Cigna Health,Commercial,$112,$112,$0,0.0%,245
397821002,Patient transfer to intensive care unit (procedure),Anthem,Commercial,"$117,611","$117,611",$0,0.0%,986
268533009,Sterilization education (procedure),Humana,Commercial,"$984,690","$984,690",$0,0.0%,"1,939"
183976008,Operative procedure planned (situation),Medicaid,Government,"$112,653","$112,653",$0,0.0%,246
304532001,Treatment failure risk education (procedure),Medicare,Government,"$443,326","$443,326",$0,0.0%,901
1860480,(no description on file),Anthem,Commercial,"$3,617","$3,617",$0,0.0%,113
865098,(no description on file),NO_INSURANCE,Self-Pay / Uninsured,"$674,036","$674,036",$0,0.0%,796
225953001,Evaluating response to treatment (procedure),Aetna,Commercial,"$42,415","$42,415",$0,0.0%,88
185389009,Follow-up visit (procedure),Blue Cross Blue Shield,Commercial,"$5,402","$5,402",$0,0.0%,71
197541,(no description on file),Dual Eligible,Government,"$16,703","$16,703",$0,0.0%,118
305433001,Admission to trauma surgery department,Blue Cross Blue Shield,Commercial,"$40,839","$40,839",$0,0.0%,82
317150,(no description on file),Anthem,Commercial,"$66,004","$66,004",$0,0.0%,233
82808001,Sleep apnea monitoring with alarm (regime/therapy),Cigna Health,Commercial,"$67,432","$67,432",$0,0.0%,139
54550000,Electroencephalogram (procedure),Aetna,Commercial,"$3,129,403","$3,129,403",$0,0.0%,343
858810,(no description on file),Dual Eligible,Government,"$2,667","$2,667",$0,0.0%,12
1998772,(no description on file),Aetna,Commercial,"$32,337","$32,337",$0,0.0%,138
428830000,Pretransplant evaluation of kidney recipient (procedure),NO_INSURANCE,Self-Pay / Uninsured,"$602,766","$602,766",$0,0.0%,"1,275"
309078,(no description on file),Medicaid,Government,"$37,561","$37,561",$0,0.0%,163
24623002,Screening mammography (procedure),Anthem,Commercial,"$17,593","$17,593",$0,0.0%,155
1732136,(no description on file),Cigna Health,Commercial,$116,$116,$0,0.0%,77
744842,(no description on file),NO_INSURANCE,Self-Pay / Uninsured,"$68,115","$68,115",$0,0.0%,270
212446,(no description on file),Medicare,Government,"$33,993","$33,993",$0,0.0%,129
2119714,(no description on file),Dual Eligible,Government,"$84,109","$84,109",$0,0.0%,98
1999667,(no description on file),Aetna,Commercial,"$64,088","$64,088",$0,0.0%,246
1114085,(no description on file),Medicare,Government,"$1,018","$1,018",$0,0.0%,160
141962,(no description on file),Medicare,Government,"$30,413","$30,413",$0,0.0%,113
439708006,Home visit (procedure),Aetna,Commercial,"$12,139","$12,139",$0,0.0%,99
1735006,(no description on file),Anthem,Commercial,$106,$106,$0,0.0%,227
439708006,Home visit (procedure),Anthem,Commercial,"$21,437","$21,437",$0,0.0%,176
105585,(no description on file),Blue Cross Blue Shield,Commercial,"$1,758","$1,758",$0,0.0%,38
71651007,Mammography (procedure),Humana,Commercial,"$12,388","$12,388",$0,0.0%,117
197380,(no description on file),Cigna Health,Commercial,"$9,027","$9,027",$0,0.0%,34
309078,(no description on file),Aetna,Commercial,"$13,246","$13,246",$0,0.0%,48
966529,(no description on file),UnitedHealthcare,Commercial,"$40,169","$40,169",$0,0.0%,147
1804799,(no description on file),Anthem,Commercial,"$24,320,668","$24,320,668",$0,0.0%,131
79094001,Initial Psychiatric Interview with mental status evaluation,Blue Cross Blue Shield,Commercial,"$4,497","$4,497",$0,0.0%,37
1721613,(no description on file),Aetna,Commercial,"$14,124","$14,124",$0,0.0%,55
310385,(no description on file),Cigna Health,Commercial,$79,$79,$0,0.0%,47
1791701,(no description on file),Cigna Health,Commercial,$17,$17,$0,0.0%,37
1547660,(no description on file),Cigna Health,Commercial,"$16,485","$16,485",$0,0.0%,68
1091392,(no description on file),Dual Eligible,Government,"$78,951","$78,951",$0,0.0%,29
413107006,Hepatitis C screening (procedure),Humana,Commercial,"$22,748","$22,748",$0,0.0%,44
266753000,Referral for laboratory tests (procedure),NO_INSURANCE,Self-Pay / Uninsured,"$28,535","$28,535",$0,0.0%,56
349200,(no description on file),Dual Eligible,Government,"$3,369","$3,369",$0,0.0%,16
308460,(no description on file),Dual Eligible,Government,$18,$18,$0,0.0%,37
904467,(no description on file),Blue Cross Blue Shield,Commercial,"$3,020","$3,020",$0,0.0%,11
429609002,Lung volume reduction surgery (procedure),NO_INSURANCE,Self-Pay / Uninsured,"$1,448,257","$1,448,257",$0,0.0%,46
311707005,Oromotor Exercises,Medicaid,Government,"$3,903","$3,903",$0,0.0%,8
229069003,Posture training (procedure),Anthem,Commercial,"$3,435","$3,435",$0,0.0%,7
617320,(no description on file),Medicare,Government,"$5,549","$5,549",$0,0.0%,21
733863009,Assessment of readiness for self-management (procedure),Blue Cross Blue Shield,Commercial,"$15,389","$15,389",$0,0.0%,31
232965003,Implantation of ventricular assist device (procedure),Aetna,Commercial,"$3,921","$3,921",$0,0.0%,8
308460,(no description on file),Blue Cross Blue Shield,Commercial,$16,$16,$0,0.0%,32
52734007,Total replacement of hip,Cigna Health,Commercial,"$282,491","$282,491",$0,0.0%,14
858804,(no description on file),Medicare,Government,"$5,127","$5,127",$0,0.0%,21
617320,(no description on file),Anthem,Commercial,"$1,207","$1,207",$0,0.0%,4
1014678,(no description on file),Dual Eligible,Government,"$5,897","$5,897",$0,0.0%,11
309078,(no description on file),UnitedHealthcare,Commercial,"$7,173","$7,173",$0,0.0%,29
1547672,(no description on file),UnitedHealthcare,Commercial,"$4,730","$4,730",$0,0.0%,17
197884,(no description on file),NO_INSURANCE,Self-Pay / Uninsured,"$5,722","$5,722",$0,0.0%,22
854919,(no description on file),Cigna Health,Commercial,"$1,767","$1,767",$0,0.0%,7
116863004,Transfusion of red blood cells (procedure),NO_INSURANCE,Self-Pay / Uninsured,"$6,135","$6,135",$0,0.0%,13
313212,(no description on file),NO_INSURANCE,Self-Pay / Uninsured,"$1,667","$1,667",$0,0.0%,7
238100,(no description on file),Aetna,Commercial,$29,$29,$0,0.0%,32
445528004,Treatment changed (situation),UnitedHealthcare,Commercial,"$5,141","$5,141",$0,0.0%,11
82078001,Take blood sample,UnitedHealthcare,Commercial,"$5,051","$5,051",$0,0.0%,10
1665021,(no description on file),UnitedHealthcare,Commercial,"$3,794","$3,794",$0,0.0%,14
856556,(no description on file),Dual Eligible,Government,$961,$961,$0,0.0%,4
727762,(no description on file),Anthem,Commercial,"$2,394","$2,394",$0,0.0%,11
304532001,Treatment failure risk education (procedure),Aetna,Commercial,"$1,047","$1,047",$0,0.0%,2
709640007,Doppler ultrasonography of renal vein (procedure),Blue Cross Blue Shield,Commercial,$904,$904,$0,0.0%,2
241645008,Magnetic resonance imaging of spine (procedure),Blue Cross Blue Shield,Commercial,$904,$904,$0,0.0%,2
14152002,Intravenous infusion (procedure),Medicare,Government,"$3,290","$3,290",$0,0.0%,6
1665227,(no description on file),Medicaid,Government,$0,$0,$0,0.0%,3
483438,(no description on file),UnitedHealthcare,Commercial,$161,$161,$0,0.0%,3
232967006,Implantation of left ventricular assist device (procedure),NO_INSURANCE,Self-Pay / Uninsured,"$1,024","$1,024",$0,0.0%,2
773996000,Transcatheter aortic valve implantation (procedure),Blue Cross Blue Shield,Commercial,"$2,282","$2,282",$0,0.0%,4
856448,(no description on file),Dual Eligible,Government,"$1,865","$1,865",$0,0.0%,8
979468,(no description on file),NO_INSURANCE,Self-Pay / Uninsured,"$1,296","$1,296",$0,0.0%,5
896766,(no description on file),Blue Cross Blue Shield,Commercial,$559,$559,$0,0.0%,2
180030006,Amputation of right foot,NO_INSURANCE,Self-Pay / Uninsured,"$61,980","$61,980",$0,0.0%,4
312962,(no description on file),Anthem,Commercial,$503,$503,$0,0.0%,2
1656351,(no description on file),Aetna,Commercial,$308,$308,$0,0.0%,1
311707005,Oromotor Exercises,Cigna Health,Commercial,$408,$408,$0,0.0%,1
979470,(no description on file),Cigna Health,Commercial,$281,$281,$0,0.0%,1
306237005,Referral to palliative care service (procedure),UnitedHealthcare,Commercial,$496,$496,$0,0.0%,1
225158009,Auscultation of the fetal heart,Blue Cross Blue Shield,Commercial,"$583,369,307","$583,369,307",$0,0.0%,"112,941"
562251,(no description on file),NO_INSURANCE,Self-Pay / Uninsured,"$4,802,171","$4,802,171",$0,0.0%,"9,610"
866148006,Screening for domestic abuse (procedure),Anthem,Commercial,"$26,776","$26,776",$0,0.0%,"126,418"
715252007,Depression screening using Patient Health Questionnaire Nine Item score (procedure),Cigna Health,Commercial,"$1,778","$1,778",$0,0.0%,"51,159"
314076,(no description on file),NO_INSURANCE,Self-Pay / Uninsured,"$360,306","$360,306",$0,0.0%,"199,840"
169762003,Postnatal visit,Dual Eligible,Government,"$576,366","$576,366",$0,0.0%,"4,856"
169673001,Antenatal RhD antibody screening,NO_INSURANCE,Self-Pay / Uninsured,"$4,802,446","$4,802,446",$0,0.0%,"2,495"
90226004,Cytopathology procedure  preparation of smear  genital source,Medicare,Government,"$73,503,462","$73,503,462",$0,0.0%,"38,460"
454711000124102,Depression screening using Patient Health Questionnaire Two-Item score (procedure),Blue Cross Blue Shield,Commercial,"$5,392","$5,392",$0,0.0%,"141,413"
104091002,Hemogram  automated  with RBC  WBC  Hgb  Hct  Indices  Platelet count  and manual WBC differential,Cigna Health,Commercial,"$56,676,169","$56,676,169",$0,0.0%,"30,148"
1736854,(no description on file),Medicaid,Government,"$7,205,813","$7,205,813",$0,0.0%,"18,338"
241046008,Dental X-ray bitewing (procedure),Humana,Commercial,"$77,475,983","$77,475,983",$0,0.0%,"153,704"
234745004,Take oral or dental impression (procedure),Medicaid,Government,"$7,845,924","$7,845,924",$0,0.0%,"17,151"
301884003,Removal of aortic cross clamp (procedure),Cigna Health,Commercial,"$356,849","$356,849",$0,0.0%,745
287664005,Bilateral tubal ligation,Cigna Health,Commercial,"$10,493,786","$10,493,786",$0,0.0%,"1,499"
85548006,Episiotomy,NO_INSURANCE,Self-Pay / Uninsured,"$19,555,424","$19,555,424",$0,0.0%,"3,751"
1049625,(no description on file),Dual Eligible,Government,"$11,237,153","$11,237,153",$0,0.0%,"49,456"
359672006,Median sternotomy (procedure),Humana,Commercial,"$616,628","$616,628",$0,0.0%,"1,221"
312617,(no description on file),Medicaid,Government,"$20,111","$20,111",$0,0.0%,"2,982"
1259293006,Application of composite dental filling material to dentin of tooth following fracture of tooth (procedure),Dual Eligible,Government,"$15,033,661","$15,033,661",$0,0.0%,"33,182"
8,(no description on file),Aetna,Commercial,"$1,989,816","$1,989,816",$0,0.0%,"14,631"
993770,(no description on file),Blue Cross Blue Shield,Commercial,"$1,940,802","$1,940,802",$0,0.0%,"7,574"
370789001,Development of individualized plan of care (procedure),Humana,Commercial,"$3,524,476","$3,524,476",$0,0.0%,"6,981"
1259293006,Application of composite dental filling material to dentin of tooth following fracture of tooth (procedure),NO_INSURANCE,Self-Pay / Uninsured,"$11,098,016","$11,098,016",$0,0.0%,"22,805"
311555007,Speech and language therapy regime (regime/therapy),NO_INSURANCE,Self-Pay / Uninsured,"$2,207,783","$2,207,783",$0,0.0%,"2,407"
433236007,Transthoracic echocardiography (procedure),Medicaid,Government,"$2,337,044","$2,337,044",$0,0.0%,"5,057"
1259293006,Application of composite dental filling material to dentin of tooth following fracture of tooth (procedure),Cigna Health,Commercial,"$12,588,682","$12,588,682",$0,0.0%,"25,951"
748879,(no description on file),Medicaid,Government,"$10,716,082","$10,716,082",$0,0.0%,"13,310"
993770,(no description on file),UnitedHealthcare,Commercial,"$1,743,836","$1,743,836",$0,0.0%,"6,748"
200033,(no description on file),Dual Eligible,Government,"$1,626,886","$1,626,886",$0,0.0%,"7,038"
698560000,Referral to sleep apnea clinic (procedure),Humana,Commercial,"$692,813","$692,813",$0,0.0%,"1,367"
32485007,Hospital admission (procedure),Aetna,Commercial,"$385,476","$385,476",$0,0.0%,"3,321"
204892,(no description on file),Dual Eligible,Government,"$9,053","$9,053",$0,0.0%,569
84478008,Occupational therapy (regime/therapy),NO_INSURANCE,Self-Pay / Uninsured,"$4,369,097","$4,369,097",$0,0.0%,"3,309"
831533,(no description on file),Medicare,Government,"$2,869,568","$2,869,568",$0,0.0%,"3,181"
133899007,Postoperative care (regime/therapy),UnitedHealthcare,Commercial,"$1,055,681","$1,055,681",$0,0.0%,"2,007"
225338004,Risk assessment (procedure),NO_INSURANCE,Self-Pay / Uninsured,"$196,012","$196,012",$0,0.0%,403
397821002,Patient transfer to intensive care unit (procedure),UnitedHealthcare,Commercial,"$79,594","$79,594",$0,0.0%,616
314077,(no description on file),NO_INSURANCE,Self-Pay / Uninsured,"$230,039","$230,039",$0,0.0%,910
56876005,Drug rehabilitation and detoxification,UnitedHealthcare,Commercial,"$93,726","$93,726",$0,0.0%,737
441550005,Urinalysis with reflex to microscopy and culture (procedure),Humana,Commercial,"$4,952,282","$4,952,282",$0,0.0%,"7,478"
757594,(no description on file),Anthem,Commercial,"$5,065,744","$5,065,744",$0,0.0%,"5,511"
630208,(no description on file),UnitedHealthcare,Commercial,"$3,696,627","$3,696,627",$0,0.0%,"14,394"
275833003,AFP test - antenatal,Dual Eligible,Government,"$6,930,931","$6,930,931",$0,0.0%,"3,860"
1809104,(no description on file),Medicare,Government,"$8,244","$8,244",$0,0.0%,"1,592"
896001,(no description on file),UnitedHealthcare,Commercial,"$1,203,262","$1,203,262",$0,0.0%,"4,807"
309309,(no description on file),Medicare,Government,"$1,360,478","$1,360,478",$0,0.0%,"5,240"
310325,(no description on file),Medicaid,Government,$450,$450,$0,0.0%,"1,692"
229095001,Exercise class,Humana,Commercial,"$1,254,657","$1,254,657",$0,0.0%,"2,532"
210098006,Domiciliary or rest home patient evaluation and management,NO_INSURANCE,Self-Pay / Uninsured,"$246,996","$246,996",$0,0.0%,"2,118"
367336001,Chemotherapy (procedure),NO_INSURANCE,Self-Pay / Uninsured,"$500,107","$500,107",$0,0.0%,993
185317003,Telephone encounter (procedure),Medicaid,Government,"$89,734","$89,734",$0,0.0%,"1,197"
1536148,(no description on file),Medicare,Government,"$92,472","$92,472",$0,0.0%,352
1659131,(no description on file),Anthem,Commercial,"$145,212","$145,212",$0,0.0%,549
116861002,Transfusion of fresh frozen plasma (procedure),Humana,Commercial,"$100,212","$100,212",$0,0.0%,187
4525004,Emergency department patient visit (procedure),Dual Eligible,Government,"$65,509","$65,509",$0,0.0%,531
2003249,(no description on file),Medicaid,Government,"$237,794","$237,794",$0,0.0%,"1,059"
308971,(no description on file),UnitedHealthcare,Commercial,"$103,591","$103,591",$0,0.0%,102
2103182,(no description on file),Blue Cross Blue Shield,Commercial,"$4,642","$4,642",$0,0.0%,392
223495004,Preparation of patient for procedure (regime/therapy),NO_INSURANCE,Self-Pay / Uninsured,"$488,103","$488,103",$0,0.0%,999
105585,(no description on file),Humana,Commercial,"$3,559","$3,559",$0,0.0%,78
386395000,Preoperative coordination (regime/therapy),Dual Eligible,Government,"$36,595","$36,595",$0,0.0%,306
236931002,Methotrexate injection into tubal pregnancy,NO_INSURANCE,Self-Pay / Uninsured,"$436,775","$436,775",$0,0.0%,169
1014676,(no description on file),Medicare,Government,"$55,897","$55,897",$0,0.0%,100
410410006,Screening surveillance (regime/therapy),Anthem,Commercial,"$16,014","$16,014",$0,0.0%,138
445528004,Treatment changed (situation),Medicare,Government,"$7,377","$7,377",$0,0.0%,15
69212005,Range of motion testing (procedure),Blue Cross Blue Shield,Commercial,"$129,265","$129,265",$0,0.0%,254
617311,(no description on file),Humana,Commercial,"$24,808","$24,808",$0,0.0%,96
259255,(no description on file),Medicare,Government,"$4,312","$4,312",$0,0.0%,352
65575008,Biopsy of prostate,Anthem,Commercial,"$356,748","$356,748",$0,0.0%,138
2103182,(no description on file),NO_INSURANCE,Self-Pay / Uninsured,"$5,577","$5,577",$0,0.0%,464
88848003,Psychiatric follow-up,Medicaid,Government,"$1,700","$1,700",$0,0.0%,9
313077009,Human immunodeficiency virus counseling (procedure),Medicaid,Government,"$63,584","$63,584",$0,0.0%,137
310061009,Gynecology service (qualifier value),Aetna,Commercial,"$14,068","$14,068",$0,0.0%,121
396487001,Sentinel lymph node biopsy (procedure),Dual Eligible,Government,"$1,085,882","$1,085,882",$0,0.0%,102
108290001,Radiation oncology AND/OR radiotherapy (procedure),Anthem,Commercial,"$14,106,733","$14,106,733",$0,0.0%,145
866146005,Serum metabolic panel (procedure),Anthem,Commercial,"$125,502","$125,502",$0,0.0%,256
302761001,Walking exercise test (procedure),Anthem,Commercial,"$518,627","$518,627",$0,0.0%,"1,068"
1737466,(no description on file),Dual Eligible,Government,"$20,376","$20,376",$0,0.0%,89
751616,(no description on file),Medicare,Government,"$10,468","$10,468",$0,0.0%,40
105585,(no description on file),Dual Eligible,Government,"$2,364","$2,364",$0,0.0%,61
305433001,Admission to trauma surgery department,Aetna,Commercial,"$50,167","$50,167",$0,0.0%,104
1860480,(no description on file),NO_INSURANCE,Self-Pay / Uninsured,"$3,983","$3,983",$0,0.0%,128
252559,(no description on file),Anthem,Commercial,"$6,856","$6,856",$0,0.0%,28
617296,(no description on file),Anthem,Commercial,"$96,192","$96,192",$0,0.0%,368
1790099,(no description on file),UnitedHealthcare,Commercial,$254,$254,$0,0.0%,90
387685009,Surgical manipulation of shoulder joint,Blue Cross Blue Shield,Commercial,"$692,460","$692,460",$0,0.0%,46
313613002,Hepatitis A antibody test (procedure),UnitedHealthcare,Commercial,"$8,299","$8,299",$0,0.0%,19
305433001,Admission to trauma surgery department,Dual Eligible,Government,"$23,083","$23,083",$0,0.0%,51
312853008,Medical records review (procedure),Anthem,Commercial,"$39,935","$39,935",$0,0.0%,85
313002,(no description on file),Dual Eligible,Government,$213,$213,$0,0.0%,136
311372,(no description on file),Dual Eligible,Government,$960,$960,$0,0.0%,6
763228001,Assessment using Canadian Study of Health and Aging Clinical Frailty Scale (procedure),Humana,Commercial,"$31,422","$31,422",$0,0.0%,62
371361000119107,Comprehensive metabolic panel (procedure),Anthem,Commercial,"$57,245","$57,245",$0,0.0%,118
305411003,Admission to thoracic surgery department,Cigna Health,Commercial,"$1,799","$1,799",$0,0.0%,15
733863009,Assessment of readiness for self-management (procedure),Medicare,Government,"$34,309","$34,309",$0,0.0%,74
171126009,Tuberculosis screening (procedure),Aetna,Commercial,"$21,857","$21,857",$0,0.0%,44
866436,(no description on file),NO_INSURANCE,Self-Pay / Uninsured,"$10,646","$10,646",$0,0.0%,41
52734007,Total replacement of hip,Anthem,Commercial,"$217,054","$217,054",$0,0.0%,14
200064,(no description on file),Medicaid,Government,"$11,971","$11,971",$0,0.0%,33
197886,(no description on file),Cigna Health,Commercial,"$3,386","$3,386",$0,0.0%,14
105376000,Transesophageal echocardiography (procedure),NO_INSURANCE,Self-Pay / Uninsured,"$23,431","$23,431",$0,0.0%,48
200346,(no description on file),Medicare,Government,"$15,134","$15,134",$0,0.0%,58
727711,(no description on file),Humana,Commercial,"$6,913","$6,913",$0,0.0%,54
204844,(no description on file),Dual Eligible,Government,$699,$699,$0,0.0%,3
313398001,Hepatitis antibody test (procedure),Anthem,Commercial,"$7,724","$7,724",$0,0.0%,14
304531008,Treatment side effects education (procedure),Aetna,Commercial,"$1,047","$1,047",$0,0.0%,2
859753,(no description on file),Aetna,Commercial,"$1,448","$1,448",$0,0.0%,5
418824004,Off-pump coronary artery bypass (procedure),Aetna,Commercial,"$212,126","$212,126",$0,0.0%,444
1998772,(no description on file),Cigna Health,Commercial,"$108,176","$108,176",$0,0.0%,309
412809002,Viral hepatitis screening test (procedure),Cigna Health,Commercial,"$23,903","$23,903",$0,0.0%,49
866511,(no description on file),Dual Eligible,Government,"$9,547","$9,547",$0,0.0%,41
866438,(no description on file),Medicare,Government,"$1,959","$1,959",$0,0.0%,8
904458,(no description on file),Dual Eligible,Government,"$1,075","$1,075",$0,0.0%,5
197887,(no description on file),Dual Eligible,Government,"$6,101","$6,101",$0,0.0%,26
386395000,Preoperative coordination (regime/therapy),NO_INSURANCE,Self-Pay / Uninsured,"$1,269","$1,269",$0,0.0%,11
197904,(no description on file),Cigna Health,Commercial,"$3,180","$3,180",$0,0.0%,12
74857009,Hospital admission  short-term  24 hours,Cigna Health,Commercial,"$11,619","$11,619",$0,0.0%,6
305411003,Admission to thoracic surgery department,Anthem,Commercial,"$2,045","$2,045",$0,0.0%,17
305425002,Admission to neurosurgical department,Dual Eligible,Government,"$2,649","$2,649",$0,0.0%,6
104173009,Sputum Culture,Humana,Commercial,"$1,985","$1,985",$0,0.0%,4
905269,(no description on file),Anthem,Commercial,$412,$412,$0,0.0%,2
32413006,Transplantation of heart (procedure),Medicaid,Government,$816,$816,$0,0.0%,2
177765008,Opening of chest (procedure),Blue Cross Blue Shield,Commercial,"$2,193","$2,193",$0,0.0%,4
197905,(no description on file),Aetna,Commercial,"$1,795","$1,795",$0,0.0%,7
200094,(no description on file),Humana,Commercial,$817,$817,$0,0.0%,3
866516,(no description on file),Humana,Commercial,$848,$848,$0,0.0%,3
394894008,Pre-operative chemotherapy (procedure),Blue Cross Blue Shield,Commercial,$992,$992,$0,0.0%,2
74857009,Hospital admission  short-term  24 hours,Blue Cross Blue Shield,Commercial,"$5,807","$5,807",$0,0.0%,3
858817,(no description on file),Humana,Commercial,"$1,002","$1,002",$0,0.0%,5
854916,(no description on file),Cigna Health,Commercial,$517,$517,$0,0.0%,2
1665227,(no description on file),NO_INSURANCE,Self-Pay / Uninsured,$0,$0,$0,0.0%,3
261962,(no description on file),UnitedHealthcare,Commercial,$712,$712,$0,0.0%,3
898353,(no description on file),Aetna,Commercial,$366,$366,$0,0.0%,1
483438,(no description on file),Blue Cross Blue Shield,Commercial,$35,$35,$0,0.0%,1
311707005,Oromotor Exercises,Blue Cross Blue Shield,Commercial,$514,$514,$0,0.0%,1
243085009,Oral health education (procedure),Blue Cross Blue Shield,Commercial,"$88,090,279","$88,090,279",$0,0.0%,"175,089"
710841007,Assessment of anxiety (procedure),Medicare,Government,"$6,262,939","$6,262,939",$0,0.0%,"1,029,223"
50849002,Emergency room admission (procedure),Medicare,Government,"$36,001,132","$36,001,132",$0,0.0%,"290,956"
206905,(no description on file),Medicare,Government,"$45,206,191","$45,206,191",$0,0.0%,"176,108"
715252007,Depression screening using Patient Health Questionnaire Nine Item score (procedure),Blue Cross Blue Shield,Commercial,$835,$835,$0,0.0%,"42,623"
1736776,(no description on file),Dual Eligible,Government,"$6,372,720","$6,372,720",$0,0.0%,"2,870"
165829005,Gonorrhea infection titer test (procedure),NO_INSURANCE,Self-Pay / Uninsured,"$27,300,657","$27,300,657",$0,0.0%,"14,275"
65677008,Pulmonary catheterization with Swan-Ganz catheter (procedure),Dual Eligible,Government,"$981,560","$981,560",$0,0.0%,"2,174"
630208,(no description on file),Blue Cross Blue Shield,Commercial,"$4,498,123","$4,498,123",$0,0.0%,"17,544"
225158009,Auscultation of the fetal heart,Cigna Health,Commercial,"$606,718,262","$606,718,262",$0,0.0%,"122,982"
371883000,Outpatient procedure,Dual Eligible,Government,"$6,485,090","$6,485,090",$0,0.0%,"54,635"
410401003,Nursing care/supplementary surveillance (regime/therapy),Medicare,Government,"$298,852,542","$298,852,542",$0,0.0%,"84,065"
713106006,Screening for drug abuse (procedure),UnitedHealthcare,Commercial,"$4,813","$4,813",$0,0.0%,"80,541"
200033,(no description on file),Medicare,Government,"$5,319,785","$5,319,785",$0,0.0%,"20,833"
228557008,Cognitive and behavioral therapy (regime/therapy),Medicaid,Government,"$352,782,967","$352,782,967",$0,0.0%,"37,803"
229064008,Movement therapy (regime/therapy),Anthem,Commercial,"$3,486,243","$3,486,243",$0,0.0%,"7,173"
1269321004,Fitting of denture (procedure),Medicaid,Government,"$7,806,822","$7,806,822",$0,0.0%,"17,062"
370995009,Health risks education (procedure),Aetna,Commercial,$514,$514,$0,0.0%,"5,429"
736169004,Post anesthesia care management (procedure),UnitedHealthcare,Commercial,"$771,413","$771,413",$0,0.0%,"1,544"
1736776,(no description on file),Anthem,Commercial,"$2,991,341","$2,991,341",$0,0.0%,"1,171"
979485,(no description on file),Blue Cross Blue Shield,Commercial,"$10,651","$10,651",$0,0.0%,"2,116"
117010004,Urine culture,Dual Eligible,Government,"$6,903,644","$6,903,644",$0,0.0%,"3,811"
390791001,Referral for echocardiography (procedure),Medicaid,Government,"$1,550,626","$1,550,626",$0,0.0%,"3,356"
271442007,Fetal anatomy study,NO_INSURANCE,Self-Pay / Uninsured,"$9,276,926","$9,276,926",$0,0.0%,"18,514"
312961,(no description on file),NO_INSURANCE,Self-Pay / Uninsured,"$640,606","$640,606",$0,0.0%,"2,113"
308646001,Death Certification,Medicare,Government,"$2,502,163","$2,502,163",$0,0.0%,"19,346"
46706006,Replacement of contraceptive intrauterine device,Aetna,Commercial,"$27,166,509","$27,166,509",$0,0.0%,"3,285"
431182000,Placing subject in prone position (procedure),NO_INSURANCE,Self-Pay / Uninsured,"$9,413,631","$9,413,631",$0,0.0%,"2,020"
305342007,Admission to ward (procedure),Humana,Commercial,"$191,759","$191,759",$0,0.0%,"1,421"
25656009,Physical examination  complete (procedure),Medicaid,Government,"$1,751,692","$1,751,692",$0,0.0%,"3,846"
110467000,Pre-surgery testing (procedure),Aetna,Commercial,"$630,543","$630,543",$0,0.0%,"1,311"
705129,(no description on file),UnitedHealthcare,Commercial,"$264,238","$264,238",$0,0.0%,"1,480"
807283,(no description on file),Aetna,Commercial,"$45,351","$45,351",$0,0.0%,"2,072"
453131000124105,Videotelephony encounter (procedure),Aetna,Commercial,"$151,750","$151,750",$0,0.0%,"1,214"
306185001,Referral to cardiac surgery service (procedure),Aetna,Commercial,"$642,116","$642,116",$0,0.0%,"1,330"
26763009,Controlled ventilation procedure and therapy  initiation and management (procedure),Dual Eligible,Government,"$1,659,623","$1,659,623",$0,0.0%,464
197511,(no description on file),Humana,Commercial,"$307,102","$307,102",$0,0.0%,"1,191"
1740467,(no description on file),NO_INSURANCE,Self-Pay / Uninsured,$338,$338,$0,0.0%,"1,197"
367336001,Chemotherapy (procedure),Anthem,Commercial,"$512,074","$512,074",$0,0.0%,"1,056"
228557008,Cognitive and behavioral therapy (regime/therapy),UnitedHealthcare,Commercial,"$76,146,290","$76,146,290",$0,0.0%,"7,683"
84100007,History taking (procedure),Humana,Commercial,"$4,449,088","$4,449,088",$0,0.0%,"8,844"
69212005,Range of motion testing (procedure),Aetna,Commercial,"$206,451","$206,451",$0,0.0%,422
74016001,Knee X-ray,Dual Eligible,Government,"$282,767","$282,767",$0,0.0%,631
162676008,Brief general examination (procedure),Dual Eligible,Government,"$252,856","$252,856",$0,0.0%,"1,963"
312617,(no description on file),Dual Eligible,Government,"$3,403","$3,403",$0,0.0%,502
709138001,Notification of treatment plan (procedure),Blue Cross Blue Shield,Commercial,"$382,592","$382,592",$0,0.0%,759
18946005,Epidural anesthesia,Aetna,Commercial,"$4,079,163","$4,079,163",$0,0.0%,"2,212"
1790099,(no description on file),Medicare,Government,"$3,971","$3,971",$0,0.0%,"1,387"
42825003,Cannulation (procedure),Humana,Commercial,"$408,976","$408,976",$0,0.0%,812
40701008,Echocardiography (procedure),Cigna Health,Commercial,"$1,639,526","$1,639,526",$0,0.0%,"1,790"
312681000,Bone density scan (procedure),Anthem,Commercial,"$11,469,094","$11,469,094",$0,0.0%,"1,314"
302761001,Walking exercise test (procedure),Blue Cross Blue Shield,Commercial,"$382,430","$382,430",$0,0.0%,758
223495004,Preparation of patient for procedure (regime/therapy),Cigna Health,Commercial,"$572,221","$572,221",$0,0.0%,"1,192"
225297008,Care planning and problem solving actions (procedure),Medicare,Government,"$34,309","$34,309",$0,0.0%,74
106258,(no description on file),Humana,Commercial,"$66,932","$66,932",$0,0.0%,351
313660005,Absolute CD4 count procedure (procedure),Blue Cross Blue Shield,Commercial,"$631,378","$631,378",$0,0.0%,"1,267"
423475008,Heart failure education (procedure),Medicaid,Government,"$196,803","$196,803",$0,0.0%,428
808917,(no description on file),Anthem,Commercial,"$36,732","$36,732",$0,0.0%,141
896006,(no description on file),UnitedHealthcare,Commercial,"$40,187","$40,187",$0,0.0%,138
1091392,(no description on file),UnitedHealthcare,Commercial,"$406,558","$406,558",$0,0.0%,144
105376000,Transesophageal echocardiography (procedure),Dual Eligible,Government,"$65,396","$65,396",$0,0.0%,143
1359269,(no description on file),UnitedHealthcare,Commercial,"$25,005","$25,005",$0,0.0%,103
225297008,Care planning and problem solving actions (procedure),NO_INSURANCE,Self-Pay / Uninsured,"$17,310","$17,310",$0,0.0%,37
414088005,Emergency coronary artery bypass graft (procedure),Anthem,Commercial,"$21,597","$21,597",$0,0.0%,45
200349,(no description on file),Humana,Commercial,"$7,218","$7,218",$0,0.0%,28
243174005,Weaning from mechanically assisted ventilation (procedure),Anthem,Commercial,"$34,085","$34,085",$0,0.0%,68
74016001,Knee X-ray,Humana,Commercial,"$439,241","$439,241",$0,0.0%,869
1359269,(no description on file),NO_INSURANCE,Self-Pay / Uninsured,"$61,138","$61,138",$0,0.0%,237
562366,(no description on file),UnitedHealthcare,Commercial,$42,$42,$0,0.0%,121
445988008,Assessment using health assessment questionnaire (procedure),Blue Cross Blue Shield,Commercial,"$17,577","$17,577",$0,0.0%,35
37542007,Posttreatment stabilization  orthodontic device (procedure),Anthem,Commercial,"$101,824","$101,824",$0,0.0%,210
198039,(no description on file),UnitedHealthcare,Commercial,"$68,554","$68,554",$0,0.0%,272
179632003,Closed reduction of dislocation of temporomandibular joint (procedure),Anthem,Commercial,"$100,348","$100,348",$0,0.0%,209
268425006,Pelvis X-ray,UnitedHealthcare,Commercial,"$65,603","$65,603",$0,0.0%,131
443497002,Excision of sentinel lymph node (procedure),Humana,Commercial,"$559,907","$559,907",$0,0.0%,49
58828004,Application of dressing  sterile (procedure),NO_INSURANCE,Self-Pay / Uninsured,"$31,325","$31,325",$0,0.0%,64
309845,(no description on file),Aetna,Commercial,$4,$4,$0,0.0%,44
225297008,Care planning and problem solving actions (procedure),Medicaid,Government,"$60,446","$60,446",$0,0.0%,130
79733001,Amputation of right leg,Dual Eligible,Government,"$358,257","$358,257",$0,0.0%,21
898353,(no description on file),Medicare,Government,"$6,686","$6,686",$0,0.0%,28
311372,(no description on file),Blue Cross Blue Shield,Commercial,"$10,586","$10,586",$0,0.0%,42
392021009,Lumpectomy of breast (procedure),Blue Cross Blue Shield,Commercial,"$3,470,572","$3,470,572",$0,0.0%,106
1747691,(no description on file),Blue Cross Blue Shield,Commercial,"$15,410","$15,410",$0,0.0%,58
313613002,Hepatitis A antibody test (procedure),Blue Cross Blue Shield,Commercial,"$10,272","$10,272",$0,0.0%,21
866511,(no description on file),Cigna Health,Commercial,"$5,751","$5,751",$0,0.0%,23
311353,(no description on file),Medicaid,Government,"$9,184","$9,184",$0,0.0%,39
234262008,Excision of axillary lymph node (procedure),Cigna Health,Commercial,"$56,077","$56,077",$0,0.0%,46
866511,(no description on file),Anthem,Commercial,"$5,288","$5,288",$0,0.0%,22
229069003,Posture training (procedure),UnitedHealthcare,Commercial,"$4,653","$4,653",$0,0.0%,10
859747,(no description on file),Medicaid,Government,"$12,262","$12,262",$0,0.0%,54
105376000,Transesophageal echocardiography (procedure),Anthem,Commercial,"$28,600","$28,600",$0,0.0%,61
38102005,Open Removal of Gall Bladder,Medicaid,Government,"$808,382","$808,382",$0,0.0%,46
966222,(no description on file),Aetna,Commercial,$43,$43,$0,0.0%,139
866514,(no description on file),Medicaid,Government,"$29,217","$29,217",$0,0.0%,124
1737466,(no description on file),Blue Cross Blue Shield,Commercial,"$4,614","$4,614",$0,0.0%,18
1790099,(no description on file),Blue Cross Blue Shield,Commercial,$389,$389,$0,0.0%,131
133900002,Intraoperative care (regime/therapy),Blue Cross Blue Shield,Commercial,"$17,556","$17,556",$0,0.0%,35
387607004,Construction of diverting colostomy,Medicare,Government,"$324,365","$324,365",$0,0.0%,11
316744009,Office Visit,Anthem,Commercial,"$1,242","$1,242",$0,0.0%,18
90470006,Prostatectomy,Cigna Health,Commercial,"$544,818","$544,818",$0,0.0%,77
205532,(no description on file),Blue Cross Blue Shield,Commercial,"$34,268","$34,268",$0,0.0%,32
859419,(no description on file),Dual Eligible,Government,"$4,658","$4,658",$0,0.0%,20
1664986,(no description on file),Humana,Commercial,"$2,606","$2,606",$0,0.0%,11
313398001,Hepatitis antibody test (procedure),Humana,Commercial,"$10,284","$10,284",$0,0.0%,20
854908,(no description on file),Medicaid,Government,"$1,841","$1,841",$0,0.0%,8
727762,(no description on file),Blue Cross Blue Shield,Commercial,"$2,134","$2,134",$0,0.0%,10
385488000,Surgical procedure on chest wall (procedure),Medicaid,Government,"$2,702","$2,702",$0,0.0%,6
1657981,(no description on file),Anthem,Commercial,"$7,101","$7,101",$0,0.0%,20
386395000,Preoperative coordination (regime/therapy),Medicaid,Government,"$5,431","$5,431",$0,0.0%,45
418023006,Computed tomography of chest  abdomen and pelvis (procedure),Aetna,Commercial,"$37,698","$37,698",$0,0.0%,79
225337009,Suicide risk assessment (procedure),Anthem,Commercial,$311,$311,$0,0.0%,32
200064,(no description on file),Anthem,Commercial,"$3,483","$3,483",$0,0.0%,9
197380,(no description on file),Blue Cross Blue Shield,Commercial,"$5,072","$5,072",$0,0.0%,20
104173009,Sputum Culture,UnitedHealthcare,Commercial,"$5,051","$5,051",$0,0.0%,10
386395000,Preoperative coordination (regime/therapy),Anthem,Commercial,$959,$959,$0,0.0%,8
717778001,Mouth care (regime/therapy),Anthem,Commercial,"$3,435","$3,435",$0,0.0%,7
52734007,Total replacement of hip,Dual Eligible,Government,"$181,193","$181,193",$0,0.0%,12
205305,(no description on file),Medicaid,Government,$847,$847,$0,0.0%,4
122460008,Reexploration procedure (procedure),Blue Cross Blue Shield,Commercial,"$6,217","$6,217",$0,0.0%,12
859751,(no description on file),Blue Cross Blue Shield,Commercial,"$2,854","$2,854",$0,0.0%,10
363215001,Musculoskeletal system physical examination (procedure),NO_INSURANCE,Self-Pay / Uninsured,"$1,936","$1,936",$0,0.0%,4
898342,(no description on file),NO_INSURANCE,Self-Pay / Uninsured,"$1,317","$1,317",$0,0.0%,5
166001,Behavioral therapy (regime/therapy),Medicaid,Government,"$3,308","$3,308",$0,0.0%,7
82078001,Take blood sample,Humana,Commercial,"$1,985","$1,985",$0,0.0%,4
686924,(no description on file),UnitedHealthcare,Commercial,"$1,525","$1,525",$0,0.0%,6
859749,(no description on file),Aetna,Commercial,"$1,474","$1,474",$0,0.0%,5
212390,(no description on file),Medicaid,Government,$774,$774,$0,0.0%,3
861650,(no description on file),Dual Eligible,Government,$611,$611,$0,0.0%,3
351875,(no description on file),UnitedHealthcare,Commercial,$627,$627,$0,0.0%,3
30088009,Blood culture (procedure),Dual Eligible,Government,$816,$816,$0,0.0%,2
363215001,Musculoskeletal system physical examination (procedure),Blue Cross Blue Shield,Commercial,$904,$904,$0,0.0%,2
311707005,Oromotor Exercises,Humana,Commercial,"$1,216","$1,216",$0,0.0%,2
773996000,Transcatheter aortic valve implantation (procedure),Anthem,Commercial,"$1,716","$1,716",$0,0.0%,3
197905,(no description on file),Blue Cross Blue Shield,Commercial,$276,$276,$0,0.0%,1
113076002,Oral Glucose Tolerance Test,Anthem,Commercial,$175,$175,$0,0.0%,1
713106006,Screening for drug abuse (procedure),Anthem,Commercial,"$6,562","$6,562",$0,0.0%,"122,352"
205923,(no description on file),Medicare,Government,"$127,761,884","$127,761,884",$0,0.0%,"2,175,937"
34043003,Dental consultation and report (procedure),Dual Eligible,Government,"$157,290,232","$157,290,232",$0,0.0%,"347,169"
3802001,Dental application of desensitizing medicament (procedure),Humana,Commercial,"$26,644,278","$26,644,278",$0,0.0%,"51,489"
314076,(no description on file),Anthem,Commercial,"$331,420","$331,420",$0,0.0%,"179,423"
2563431,(no description on file),Dual Eligible,Government,"$4,264,762","$4,264,762",$0,0.0%,"19,045"
3,(no description on file),Blue Cross Blue Shield,Commercial,"$1,538,568","$1,538,568",$0,0.0%,"11,313"
212,(no description on file),Aetna,Commercial,"$599,488","$599,488",$0,0.0%,"4,408"
866148006,Screening for domestic abuse (procedure),Blue Cross Blue Shield,Commercial,"$24,988","$24,988",$0,0.0%,"82,300"
1256042007,Restoration of tooth with coverage of all cusps using dental filling material (procedure),NO_INSURANCE,Self-Pay / Uninsured,"$11,197,969","$11,197,969",$0,0.0%,"23,000"
866148006,Screening for domestic abuse (procedure),Medicaid,Government,"$145,397","$145,397",$0,0.0%,"359,789"
715252007,Depression screening using Patient Health Questionnaire Nine Item score (procedure),Medicaid,Government,"$4,539","$4,539",$0,0.0%,"203,466"
121,(no description on file),UnitedHealthcare,Commercial,"$1,205,232","$1,205,232",$0,0.0%,"8,862"
866148006,Screening for domestic abuse (procedure),NO_INSURANCE,Self-Pay / Uninsured,"$27,990","$27,990",$0,0.0%,"120,257"
274474001,Bone immobilization,Medicare,Government,"$8,430,297","$8,430,297",$0,0.0%,"17,231"
56876005,Drug rehabilitation and detoxification,Medicaid,Government,"$5,000,833","$5,000,833",$0,0.0%,"41,125"
1505002,Hospital admission for isolation (procedure),UnitedHealthcare,Commercial,"$133,178","$133,178",$0,0.0%,"1,020"
351109,(no description on file),NO_INSURANCE,Self-Pay / Uninsured,"$3,320,648","$3,320,648",$0,0.0%,"13,040"
859088,(no description on file),Medicare,Government,"$7,036,037","$7,036,037",$0,0.0%,"27,793"
392091000,Care regimes assessment (procedure),Humana,Commercial,"$610,730","$610,730",$0,0.0%,"1,044"
315639002,Initial patient assessment (procedure),Blue Cross Blue Shield,Commercial,"$2,102,761","$2,102,761",$0,0.0%,"4,188"
386516004,Anticipatory guidance (procedure),Blue Cross Blue Shield,Commercial,"$1,338","$1,338",$0,0.0%,"20,661"
84478008,Occupational therapy (regime/therapy),Medicare,Government,"$32,154,562","$32,154,562",$0,0.0%,"29,794"
113,(no description on file),Dual Eligible,Government,"$3,730,344","$3,730,344",$0,0.0%,"27,429"
2563431,(no description on file),Medicare,Government,"$12,935,809","$12,935,809",$0,0.0%,"50,175"
314077,(no description on file),Medicaid,Government,"$289,507","$289,507",$0,0.0%,"1,268"
284053004,Tooth socket procedure (procedure),Medicaid,Government,"$2,310,336","$2,310,336",$0,0.0%,"5,018"
835603,(no description on file),Cigna Health,Commercial,"$4,100,899","$4,100,899",$0,0.0%,"15,755"
1796676,(no description on file),Medicaid,Government,"$738,689","$738,689",$0,0.0%,"3,251"
308182,(no description on file),Medicaid,Government,"$406,943","$406,943",$0,0.0%,"4,062"
1803932,(no description on file),Aetna,Commercial,"$13,425","$13,425",$0,0.0%,"1,200"
198767,(no description on file),Medicare,Government,"$127,820","$127,820",$0,0.0%,474
616830,(no description on file),Anthem,Commercial,"$871,787","$871,787",$0,0.0%,"3,371"
83,(no description on file),Medicare,Government,"$462,400","$462,400",$0,0.0%,"3,400"
390791001,Referral for echocardiography (procedure),Anthem,Commercial,"$603,622","$603,622",$0,0.0%,"1,239"
33367005,Angiography of coronary artery (procedure),UnitedHealthcare,Commercial,"$925,390","$925,390",$0,0.0%,"1,855"
312961,(no description on file),Aetna,Commercial,"$886,042","$886,042",$0,0.0%,"2,843"
197604,(no description on file),Aetna,Commercial,"$1,990,547","$1,990,547",$0,0.0%,"1,480"
445912000,Excision of fallopian tube and surgical removal of ectopic pregnancy,Medicaid,Government,"$4,392,661","$4,392,661",$0,0.0%,612
236974004,Instrumental delivery,Medicare,Government,"$4,546,111","$4,546,111",$0,0.0%,701
245134,(no description on file),Humana,Commercial,"$5,855,962","$5,855,962",$0,0.0%,"22,764"
63697000,Cardiopulmonary bypass operation (procedure),Dual Eligible,Government,"$649,320","$649,320",$0,0.0%,"1,442"
1732186,(no description on file),Anthem,Commercial,$488,$488,$0,0.0%,253
412809002,Viral hepatitis screening test (procedure),Humana,Commercial,"$22,748","$22,748",$0,0.0%,44
371908008,Oxygen administration by mask (procedure),Cigna Health,Commercial,"$11,526,203","$11,526,203",$0,0.0%,"2,744"
63332003,History AND physical examination (procedure),Blue Cross Blue Shield,Commercial,"$1,965,747","$1,965,747",$0,0.0%,"3,915"
1534809,(no description on file),Medicare,Government,"$953,972","$953,972",$0,0.0%,"1,085"
229095001,Exercise class,NO_INSURANCE,Self-Pay / Uninsured,"$1,064,388","$1,064,388",$0,0.0%,"2,211"
433112001,Percutaneous mechanical thrombectomy of portal vein using fluoroscopic guidance with contrast (procedure),Medicare,Government,"$20,771,458","$20,771,458",$0,0.0%,"1,090"
305336008,Admission to hospice (procedure),Humana,Commercial,"$67,210","$67,210",$0,0.0%,522
306706006,Discharge to ward (procedure),Cigna Health,Commercial,"$585,993","$585,993",$0,0.0%,"1,221"
60027007,Radiography of wrist (procedure),Aetna,Commercial,"$345,672","$345,672",$0,0.0%,733
312681000,Bone density scan (procedure),Blue Cross Blue Shield,Commercial,"$7,672,127","$7,672,127",$0,0.0%,837
866146005,Serum metabolic panel (procedure),Cigna Health,Commercial,"$126,670","$126,670",$0,0.0%,261
1873983,(no description on file),Medicare,Government,"$73,577","$73,577",$0,0.0%,303
305351004,Admission to intensive care unit (procedure),Cigna Health,Commercial,"$22,517,364","$22,517,364",$0,0.0%,734
35025007,Manual pelvic examination (procedure),NO_INSURANCE,Self-Pay / Uninsured,"$73,439","$73,439",$0,0.0%,512
305351004,Admission to intensive care unit (procedure),NO_INSURANCE,Self-Pay / Uninsured,"$15,912,698","$15,912,698",$0,0.0%,759
179632003,Closed reduction of dislocation of temporomandibular joint (procedure),Aetna,Commercial,"$107,069","$107,069",$0,0.0%,217
284215,(no description on file),Medicaid,Government,"$66,511","$66,511",$0,0.0%,276
897122,(no description on file),UnitedHealthcare,Commercial,"$4,802,979","$4,802,979",$0,0.0%,264
445912000,Excision of fallopian tube and surgical removal of ectopic pregnancy,NO_INSURANCE,Self-Pay / Uninsured,"$1,213,390","$1,213,390",$0,0.0%,158
200349,(no description on file),NO_INSURANCE,Self-Pay / Uninsured,"$5,742","$5,742",$0,0.0%,23
1116758,(no description on file),Cigna Health,Commercial,"$11,726","$11,726",$0,0.0%,60
167995008,Sputum microscopy (procedure),NO_INSURANCE,Self-Pay / Uninsured,"$162,423","$162,423",$0,0.0%,24
171128005,Venereal disease screening (procedure),Aetna,Commercial,"$21,857","$21,857",$0,0.0%,44
308251003,Admission to clinical oncology department (procedure),Anthem,Commercial,"$2,459","$2,459",$0,0.0%,21
1547672,(no description on file),Medicaid,Government,"$42,774","$42,774",$0,0.0%,202
1998774,(no description on file),Cigna Health,Commercial,"$306,185","$306,185",$0,0.0%,"1,162"
1809104,(no description on file),Cigna Health,Commercial,"$1,323","$1,323",$0,0.0%,258
133900002,Intraoperative care (regime/therapy),NO_INSURANCE,Self-Pay / Uninsured,"$31,325","$31,325",$0,0.0%,64
866427,(no description on file),Medicare,Government,"$145,033","$145,033",$0,0.0%,570
80146002,Appendectomy,NO_INSURANCE,Self-Pay / Uninsured,"$5,382,126","$5,382,126",$0,0.0%,451
236931002,Methotrexate injection into tubal pregnancy,Anthem,Commercial,"$418,340","$418,340",$0,0.0%,190
349353,(no description on file),Medicare,Government,"$5,367","$5,367",$0,0.0%,22
225415001,Close observation (regime/therapy),Dual Eligible,Government,"$77,019","$77,019",$0,0.0%,169
1547660,(no description on file),Aetna,Commercial,"$8,321","$8,321",$0,0.0%,36
392021009,Lumpectomy of breast (procedure),Dual Eligible,Government,"$6,734,220","$6,734,220",$0,0.0%,230
966529,(no description on file),Cigna Health,Commercial,"$30,899","$30,899",$0,0.0%,133
90470006,Prostatectomy,Aetna,Commercial,"$566,891","$566,891",$0,0.0%,83
200033,(no description on file),Cigna Health,Commercial,"$99,524","$99,524",$0,0.0%,387
82078001,Take blood sample,Blue Cross Blue Shield,Commercial,"$11,437","$11,437",$0,0.0%,24
1547672,(no description on file),Medicare,Government,"$8,920","$8,920",$0,0.0%,32
349200,(no description on file),Medicare,Government,"$19,262","$19,262",$0,0.0%,73
1732136,(no description on file),Humana,Commercial,$147,$147,$0,0.0%,101
34896006,Incision (procedure),NO_INSURANCE,Self-Pay / Uninsured,"$31,325","$31,325",$0,0.0%,64
1649987,(no description on file),Humana,Commercial,"$31,386","$31,386",$0,0.0%,118
399217008,Cardioassist by aortic balloon pump (procedure),Medicaid,Government,"$42,688","$42,688",$0,0.0%,91
171122006,Hepatitis B screening (procedure),Medicare,Government,"$34,309","$34,309",$0,0.0%,74
413107006,Hepatitis C screening (procedure),Aetna,Commercial,"$21,857","$21,857",$0,0.0%,44
349353,(no description on file),Cigna Health,Commercial,"$1,175","$1,175",$0,0.0%,4
1547660,(no description on file),Medicare,Government,"$13,323","$13,323",$0,0.0%,45
445988008,Assessment using health assessment questionnaire (procedure),NO_INSURANCE,Self-Pay / Uninsured,"$25,804","$25,804",$0,0.0%,53
197903,(no description on file),Medicare,Government,"$2,627","$2,627",$0,0.0%,11
896006,(no description on file),Blue Cross Blue Shield,Commercial,"$13,906","$13,906",$0,0.0%,47
90470006,Prostatectomy,Blue Cross Blue Shield,Commercial,"$255,065","$255,065",$0,0.0%,34
1873983,(no description on file),UnitedHealthcare,Commercial,"$3,703","$3,703",$0,0.0%,16
200346,(no description on file),Blue Cross Blue Shield,Commercial,"$4,839","$4,839",$0,0.0%,19
223487003,Discussion about options (procedure),UnitedHealthcare,Commercial,"$76,137","$76,137",$0,0.0%,152
91602002,Thoracentesis (procedure),NO_INSURANCE,Self-Pay / Uninsured,"$323,348","$323,348",$0,0.0%,26
103746007,Heparin therapy (procedure),Cigna Health,Commercial,"$8,314","$8,314",$0,0.0%,20
116863004,Transfusion of red blood cells (procedure),Humana,Commercial,"$6,094","$6,094",$0,0.0%,12
1437975,(no description on file),NO_INSURANCE,Self-Pay / Uninsured,"$2,512","$2,512",$0,0.0%,10
180325003,Direct current cardioversion (procedure),UnitedHealthcare,Commercial,"$1,157,126","$1,157,126",$0,0.0%,40
1599803,(no description on file),UnitedHealthcare,Commercial,"$8,335","$8,335",$0,0.0%,13
122460008,Reexploration procedure (procedure),NO_INSURANCE,Self-Pay / Uninsured,"$8,774","$8,774",$0,0.0%,18
717778001,Mouth care (regime/therapy),Cigna Health,Commercial,"$5,042","$5,042",$0,0.0%,11
1155885007,Repair of aortic valve (procedure),Medicare,Government,"$7,351","$7,351",$0,0.0%,15
385892002,Mental health screening (procedure),Anthem,Commercial,$544,$544,$0,0.0%,16
200285,(no description on file),Medicare,Government,"$4,946","$4,946",$0,0.0%,21
896758,(no description on file),Cigna Health,Commercial,"$1,255","$1,255",$0,0.0%,5
313398001,Hepatitis antibody test (procedure),Blue Cross Blue Shield,Commercial,"$5,117","$5,117",$0,0.0%,10
232657004,Lung Transplant,Medicare,Government,"$2,728,400","$2,728,400",$0,0.0%,4
200285,(no description on file),Anthem,Commercial,"$1,035","$1,035",$0,0.0%,4
225953001,Evaluating response to treatment (procedure),NO_INSURANCE,Self-Pay / Uninsured,"$9,262","$9,262",$0,0.0%,18
1014678,(no description on file),Blue Cross Blue Shield,Commercial,"$25,904","$25,904",$0,0.0%,46
74857009,Hospital admission  short-term  24 hours,Medicaid,Government,"$15,005","$15,005",$0,0.0%,9
856460,(no description on file),Medicare,Government,"$3,391","$3,391",$0,0.0%,15
904481,(no description on file),Medicaid,Government,"$3,504","$3,504",$0,0.0%,14
859419,(no description on file),Aetna,Commercial,"$2,243","$2,243",$0,0.0%,8
709979004,Doppler ultrasonography of artery (procedure),Anthem,Commercial,"$4,491","$4,491",$0,0.0%,9
898350,(no description on file),Aetna,Commercial,$418,$418,$0,0.0%,2
399217008,Cardioassist by aortic balloon pump (procedure),UnitedHealthcare,Commercial,"$9,429","$9,429",$0,0.0%,19
856569,(no description on file),Aetna,Commercial,"$1,130","$1,130",$0,0.0%,5
197379,(no description on file),Blue Cross Blue Shield,Commercial,"$1,600","$1,600",$0,0.0%,6
200096,(no description on file),NO_INSURANCE,Self-Pay / Uninsured,$690,$690,$0,0.0%,3
205532,(no description on file),Anthem,Commercial,"$8,463","$8,463",$0,0.0%,6
311707005,Oromotor Exercises,NO_INSURANCE,Self-Pay / Uninsured,"$1,815","$1,815",$0,0.0%,4
856578,(no description on file),Medicaid,Government,"$1,056","$1,056",$0,0.0%,5
313212,(no description on file),UnitedHealthcare,Commercial,$621,$621,$0,0.0%,3
386510005,Amputation care (regime/therapy),Cigna Health,Commercial,"$4,397","$4,397",$0,0.0%,9
854916,(no description on file),Blue Cross Blue Shield,Commercial,$734,$734,$0,0.0%,3
445528004,Treatment changed (situation),Dual Eligible,Government,$982,$982,$0,0.0%,2
200095,(no description on file),UnitedHealthcare,Commercial,$391,$391,$0,0.0%,2
617314,(no description on file),Dual Eligible,Government,$992,$992,$0,0.0%,4
1656351,(no description on file),Medicare,Government,$494,$494,$0,0.0%,2
234817001,Insertion of oral appliance for the handicapped (procedure),Anthem,Commercial,$496,$496,$0,0.0%,1
32413006,Transplantation of heart (procedure),Cigna Health,Commercial,$514,$514,$0,0.0%,1
1260009003,Removal of supragingival plaque and calculus from all teeth using dental instrument (procedure),Medicaid,Government,"$355,364,482","$355,364,482",$0,0.0%,"771,325"
140,(no description on file),Medicare,Government,"$123,330,784","$123,330,784",$0,0.0%,"906,844"
68071007,Dental fluoride treatment (procedure),Medicare,Government,"$228,411,021","$228,411,021",$0,0.0%,"466,976"
209387,(no description on file),NO_INSURANCE,Self-Pay / Uninsured,"$8,201,451","$8,201,451",$0,0.0%,"32,145"
65200003,Insertion of intrauterine contraceptive device,Cigna Health,Commercial,"$70,347,388","$70,347,388",$0,0.0%,"8,205"
269911007,Sputum examination (procedure),Aetna,Commercial,"$28,748,457","$28,748,457",$0,0.0%,"4,930"
849574,(no description on file),Humana,Commercial,"$2,426,179","$2,426,179",$0,0.0%,"10,322"
835603,(no description on file),Medicare,Government,"$21,950,982","$21,950,982",$0,0.0%,"85,878"
21,(no description on file),Medicaid,Government,"$7,653,808","$7,653,808",$0,0.0%,"56,278"
308335008,Patient encounter procedure,Cigna Health,Commercial,"$12,887,098","$12,887,098",$0,0.0%,"110,323"
118001005,Streptococcus pneumoniae group B antigen assay,Humana,Commercial,"$42,915,206","$42,915,206",$0,0.0%,"21,642"
104375008,Hepatitis C antibody  confirmatory test,Medicaid,Government,"$99,289,682","$99,289,682",$0,0.0%,"54,630"
114,(no description on file),Blue Cross Blue Shield,Commercial,"$2,444,872","$2,444,872",$0,0.0%,"17,977"
23426006,Measurement of respiratory function (procedure),Cigna Health,Commercial,"$4,376,513","$4,376,513",$0,0.0%,"12,430"
18946005,Epidural anesthesia,Medicaid,Government,"$24,601,323","$24,601,323",$0,0.0%,"13,333"
473231009,Renal disorder medication review (procedure),Medicare,Government,"$14,681,254","$14,681,254",$0,0.0%,"30,054"
314231,(no description on file),Cigna Health,Commercial,"$16,085","$16,085",$0,0.0%,"21,745"
762993000,Assessment using Morse Fall Scale (procedure),Blue Cross Blue Shield,Commercial,"$238,157","$238,157",$0,0.0%,"2,567"
233553003,Vascular cannula removal (procedure),Cigna Health,Commercial,"$356,849","$356,849",$0,0.0%,745
1234995,(no description on file),Dual Eligible,Government,"$2,859","$2,859",$0,0.0%,"2,453"
311791003,Information gathering (procedure),NO_INSURANCE,Self-Pay / Uninsured,"$149,846","$149,846",$0,0.0%,"2,118"
308335008,Patient encounter procedure,Aetna,Commercial,"$12,837,409","$12,837,409",$0,0.0%,"109,669"
90226004,Cytopathology procedure  preparation of smear  genital source,Blue Cross Blue Shield,Commercial,"$25,681,422","$25,681,422",$0,0.0%,"13,005"
234745004,Take oral or dental impression (procedure),Dual Eligible,Government,"$5,672,434","$5,672,434",$0,0.0%,"12,533"
281789004,Antibiotic therapy (procedure),NO_INSURANCE,Self-Pay / Uninsured,"$2,886,549","$2,886,549",$0,0.0%,"5,905"
399208008,Plain chest X-ray (procedure),NO_INSURANCE,Self-Pay / Uninsured,"$59,572,348","$59,572,348",$0,0.0%,"6,101"
183460006,Obstetric emergency hospital admission,Dual Eligible,Government,"$578,545","$578,545",$0,0.0%,"4,650"
281789004,Antibiotic therapy (procedure),Medicare,Government,"$5,832,426","$5,832,426",$0,0.0%,"11,848"
62,(no description on file),Blue Cross Blue Shield,Commercial,"$2,307,104","$2,307,104",$0,0.0%,"16,964"
52052004,Rehabilitation therapy (regime/therapy),UnitedHealthcare,Commercial,"$3,902,983","$3,902,983",$0,0.0%,"7,793"
453131000124105,Videotelephony encounter (procedure),Cigna Health,Commercial,"$152,375","$152,375",$0,0.0%,"1,219"
1736854,(no description on file),Aetna,Commercial,"$1,805,111","$1,805,111",$0,0.0%,"4,037"
1809104,(no description on file),Dual Eligible,Government,"$2,181","$2,181",$0,0.0%,482
392247006,Insertion of catheter into artery (procedure),Medicaid,Government,"$1,477,493","$1,477,493",$0,0.0%,"3,251"
306706006,Discharge to ward (procedure),Anthem,Commercial,"$508,738","$508,738",$0,0.0%,"1,047"
237001001,Augmentation of labor,Humana,Commercial,"$8,096,842","$8,096,842",$0,0.0%,"2,021"
1997015,(no description on file),Medicare,Government,"$327,365","$327,365",$0,0.0%,"1,264"
1367439,(no description on file),Cigna Health,Commercial,"$2,420,285","$2,420,285",$0,0.0%,"2,550"
11466000,Cesarean section,Cigna Health,Commercial,"$11,457,911","$11,457,911",$0,0.0%,"1,467"
1807510,(no description on file),Humana,Commercial,"$147,550","$147,550",$0,0.0%,573
18946005,Epidural anesthesia,Anthem,Commercial,"$4,312,970","$4,312,970",$0,0.0%,"2,308"
269911007,Sputum examination (procedure),Blue Cross Blue Shield,Commercial,"$21,558,775","$21,558,775",$0,0.0%,"3,647"
313660005,Absolute CD4 count procedure (procedure),Medicare,Government,"$1,839,763","$1,839,763",$0,0.0%,"3,745"
313988,(no description on file),Cigna Health,Commercial,"$1,655","$1,655",$0,0.0%,713
1599803,(no description on file),Dual Eligible,Government,"$884,871","$884,871",$0,0.0%,"1,746"
43,(no description on file),Anthem,Commercial,"$2,354,160","$2,354,160",$0,0.0%,"17,310"
395142003,Allergy screening test,NO_INSURANCE,Self-Pay / Uninsured,"$1,477,755","$1,477,755",$0,0.0%,"3,041"
418891003,Computed tomography of chest and abdomen,Medicare,Government,"$4,820,658","$4,820,658",$0,0.0%,550
242969,(no description on file),NO_INSURANCE,Self-Pay / Uninsured,"$2,044","$2,044",$0,0.0%,678
15220000,Laboratory test (procedure),Medicaid,Government,"$777,736","$777,736",$0,0.0%,"1,711"
807283,(no description on file),UnitedHealthcare,Commercial,"$28,502","$28,502",$0,0.0%,"1,334"
431182000,Placing subject in prone position (procedure),Cigna Health,Commercial,"$10,937,658","$10,937,658",$0,0.0%,"2,056"
54550000,Electroencephalogram (procedure),Cigna Health,Commercial,"$2,887,727","$2,887,727",$0,0.0%,311
309097,(no description on file),Dual Eligible,Government,"$311,709","$311,709",$0,0.0%,451
385763009,Hospice care (regime/therapy),NO_INSURANCE,Self-Pay / Uninsured,"$6,576,205","$6,576,205",$0,0.0%,712
200033,(no description on file),Medicaid,Government,"$393,843","$393,843",$0,0.0%,"1,742"
1998774,(no description on file),Anthem,Commercial,"$300,812","$300,812",$0,0.0%,"1,159"
58828004,Application of dressing  sterile (procedure),Medicaid,Government,"$102,951","$102,951",$0,0.0%,224
1116635,(no description on file),Anthem,Commercial,"$63,101","$63,101",$0,0.0%,238
185317003,Telephone encounter (procedure),Blue Cross Blue Shield,Commercial,"$31,282","$31,282",$0,0.0%,417
22523008,Vasectomy,NO_INSURANCE,Self-Pay / Uninsured,"$2,553,241","$2,553,241",$0,0.0%,199
9564003,Complete blood count with white cell differential  automated (procedure),NO_INSURANCE,Self-Pay / Uninsured,"$830,349","$830,349",$0,0.0%,"1,688"
1728805,(no description on file),Anthem,Commercial,"$86,772","$86,772",$0,0.0%,331
305340004,Admission to long stay hospital,Cigna Health,Commercial,"$39,199","$39,199",$0,0.0%,82
311353,(no description on file),NO_INSURANCE,Self-Pay / Uninsured,"$3,957","$3,957",$0,0.0%,14
476351,(no description on file),Medicare,Government,"$3,254","$3,254",$0,0.0%,14
665078,(no description on file),Aetna,Commercial,"$93,312","$93,312",$0,0.0%,370
1860154,(no description on file),Blue Cross Blue Shield,Commercial,"$28,930","$28,930",$0,0.0%,198
76746007,Cardiovascular stress testing (procedure),Anthem,Commercial,"$70,678","$70,678",$0,0.0%,144
392091000,Care regimes assessment (procedure),Cigna Health,Commercial,"$528,656","$528,656",$0,0.0%,910
999999,(no description on file),Medicaid,Government,"$46,781","$46,781",$0,0.0%,213
308460,(no description on file),Medicaid,Government,$83,$83,$0,0.0%,209
86013001,Periodic reevaluation and management of healthy individual (procedure),Dual Eligible,Government,"$24,306","$24,306",$0,0.0%,203
241615005,Magnetic resonance imaging of breast (procedure),Medicare,Government,"$324,792","$324,792",$0,0.0%,236
1091392,(no description on file),Blue Cross Blue Shield,Commercial,"$313,370","$313,370",$0,0.0%,125
430701006,Resuscitation using intravenous fluid (procedure),UnitedHealthcare,Commercial,"$247,045","$247,045",$0,0.0%,288
183856001,Referral to hypertension clinic,UnitedHealthcare,Commercial,"$130,019","$130,019",$0,0.0%,254
183495009,Non-urgent orthopedic admission,Dual Eligible,Government,"$77,003","$77,003",$0,0.0%,622
409066002,Education  guidance and counseling (procedure),Anthem,Commercial,"$18,676","$18,676",$0,0.0%,37
709010006,Liaising with referral source (procedure),NO_INSURANCE,Self-Pay / Uninsured,"$31,225","$31,225",$0,0.0%,65
1649987,(no description on file),NO_INSURANCE,Self-Pay / Uninsured,"$24,563","$24,563",$0,0.0%,95
33633005,Prescription of drug (procedure),Medicaid,Government,"$52,378","$52,378",$0,0.0%,115
773996000,Transcatheter aortic valve implantation (procedure),Dual Eligible,Government,"$15,827","$15,827",$0,0.0%,31
165197003,Diagnostic assessment (procedure),Blue Cross Blue Shield,Commercial,"$165,751","$165,751",$0,0.0%,328
65546002,Extraction of wisdom tooth,UnitedHealthcare,Commercial,"$1,539,104","$1,539,104",$0,0.0%,135
171122006,Hepatitis B screening (procedure),Blue Cross Blue Shield,Commercial,"$15,389","$15,389",$0,0.0%,31
187,(no description on file),NO_INSURANCE,Self-Pay / Uninsured,"$5,032","$5,032",$0,0.0%,37
1547660,(no description on file),Anthem,Commercial,"$17,869","$17,869",$0,0.0%,65
197380,(no description on file),Dual Eligible,Government,"$27,554","$27,554",$0,0.0%,122
426701000119108,Ultrasonography of abdomen  right upper quadrant and epigastrium,Aetna,Commercial,"$29,045","$29,045",$0,0.0%,61
412809002,Viral hepatitis screening test (procedure),Blue Cross Blue Shield,Commercial,"$15,389","$15,389",$0,0.0%,31
727711,(no description on file),Anthem,Commercial,"$11,813","$11,813",$0,0.0%,78
897122,(no description on file),Anthem,Commercial,"$2,720,144","$2,720,144",$0,0.0%,126
308251003,Admission to clinical oncology department (procedure),UnitedHealthcare,Commercial,"$1,411","$1,411",$0,0.0%,11
808917,(no description on file),NO_INSURANCE,Self-Pay / Uninsured,"$34,018","$34,018",$0,0.0%,135
304532001,Treatment failure risk education (procedure),Medicaid,Government,"$20,870","$20,870",$0,0.0%,45
40617009,Artificial respiration (procedure),Medicare,Government,"$31,110","$31,110",$0,0.0%,55
418023006,Computed tomography of chest  abdomen and pelvis (procedure),NO_INSURANCE,Self-Pay / Uninsured,"$30,867","$30,867",$0,0.0%,64
859749,(no description on file),Medicaid,Government,"$1,811","$1,811",$0,0.0%,8
745791,(no description on file),Medicare,Government,"$10,081","$10,081",$0,0.0%,42
177157003,Spontaneous breech delivery,Medicare,Government,"$120,892","$120,892",$0,0.0%,20
2119714,(no description on file),Humana,Commercial,"$39,086","$39,086",$0,0.0%,41
859751,(no description on file),Cigna Health,Commercial,"$5,969","$5,969",$0,0.0%,23
198334,(no description on file),NO_INSURANCE,Self-Pay / Uninsured,"$3,523","$3,523",$0,0.0%,12
1997015,(no description on file),UnitedHealthcare,Commercial,"$18,649","$18,649",$0,0.0%,75
979480,(no description on file),UnitedHealthcare,Commercial,"$5,360","$5,360",$0,0.0%,20
197884,(no description on file),Aetna,Commercial,"$7,848","$7,848",$0,0.0%,33
38102005,Open Removal of Gall Bladder,Anthem,Commercial,"$284,534","$284,534",$0,0.0%,15
866511,(no description on file),Blue Cross Blue Shield,Commercial,"$3,479","$3,479",$0,0.0%,13
233174007,Cardiac pacemaker procedure (procedure),Dual Eligible,Government,"$5,596","$5,596",$0,0.0%,12
751616,(no description on file),Dual Eligible,Government,"$3,098","$3,098",$0,0.0%,13
997501,(no description on file),Medicare,Government,"$17,408","$17,408",$0,0.0%,27
1536144,(no description on file),Cigna Health,Commercial,"$13,466","$13,466",$0,0.0%,60
112798008,Insertion of endotracheal tube (procedure),Blue Cross Blue Shield,Commercial,"$30,092","$30,092",$0,0.0%,103
617311,(no description on file),Dual Eligible,Government,"$69,613","$69,613",$0,0.0%,305
1601380,(no description on file),Cigna Health,Commercial,"$20,382","$20,382",$0,0.0%,33
1547672,(no description on file),Anthem,Commercial,"$5,256","$5,256",$0,0.0%,19
313002,(no description on file),NO_INSURANCE,Self-Pay / Uninsured,$138,$138,$0,0.0%,75
229069003,Posture training (procedure),Cigna Health,Commercial,"$5,042","$5,042",$0,0.0%,11
854228,(no description on file),Blue Cross Blue Shield,Commercial,$285,$285,$0,0.0%,22
205304,(no description on file),Medicare,Government,"$1,562","$1,562",$0,0.0%,5
30088009,Blood culture (procedure),Medicaid,Government,"$6,531","$6,531",$0,0.0%,14
773996000,Transcatheter aortic valve implantation (procedure),UnitedHealthcare,Commercial,"$1,887","$1,887",$0,0.0%,4
966529,(no description on file),Aetna,Commercial,"$7,502","$7,502",$0,0.0%,26
854908,(no description on file),Dual Eligible,Government,$627,$627,$0,0.0%,3
180030006,Amputation of right foot,Medicaid,Government,"$415,512","$415,512",$0,0.0%,20
86964003,Sweat Test,Blue Cross Blue Shield,Commercial,"$1,361","$1,361",$0,0.0%,5
103746007,Heparin therapy (procedure),Blue Cross Blue Shield,Commercial,"$5,632","$5,632",$0,0.0%,11
82078001,Take blood sample,Anthem,Commercial,"$2,393","$2,393",$0,0.0%,5
79733001,Amputation of right leg,Aetna,Commercial,"$135,872","$135,872",$0,0.0%,5
1940648,(no description on file),NO_INSURANCE,Self-Pay / Uninsured,$332,$332,$0,0.0%,3
18286008,Catheter ablation of tissue of heart (procedure),Blue Cross Blue Shield,Commercial,"$90,886","$90,886",$0,0.0%,10
198189,(no description on file),NO_INSURANCE,Self-Pay / Uninsured,$732,$732,$0,0.0%,2
856569,(no description on file),Anthem,Commercial,"$1,270","$1,270",$0,0.0%,5
854919,(no description on file),Aetna,Commercial,"$1,291","$1,291",$0,0.0%,5
212390,(no description on file),Cigna Health,Commercial,$565,$565,$0,0.0%,2
827075,(no description on file),Dual Eligible,Government,$757,$757,$0,0.0%,4
234817001,Insertion of oral appliance for the handicapped (procedure),Cigna Health,Commercial,$484,$484,$0,0.0%,1
74857009,Hospital admission  short-term  24 hours,UnitedHealthcare,Commercial,"$1,296","$1,296",$0,0.0%,1
241149003,Videofluoroscopy swallow (procedure),Aetna,Commercial,$601,$601,$0,0.0%,1
845488,(no description on file),Medicare,Government,$308,$308,$0,0.0%,1
265764009,Renal dialysis (procedure),Medicaid,Government,"$679,227,634","$679,227,634",$0,0.0%,"899,750"
702927004,Urgent care clinic (environment),Medicare,Government,"$90,153,320","$90,153,320",$0,0.0%,"762,763"
162673000,General examination of patient (procedure),Cigna Health,Commercial,"$38,201,725","$38,201,725",$0,0.0%,"296,508"
268556000,Urine screening for glucose,Humana,Commercial,"$46,077,911","$46,077,911",$0,0.0%,"23,192"
1259293006,Application of composite dental filling material to dentin of tooth following fracture of tooth (procedure),Medicare,Government,"$45,886,835","$45,886,835",$0,0.0%,"93,811"
274474001,Bone immobilization,Anthem,Commercial,"$1,805,918","$1,805,918",$0,0.0%,"3,703"
64544008,Gingivectomy or gingivoplasty  per tooth (procedure),Anthem,Commercial,"$16,919,272","$16,919,272",$0,0.0%,"34,750"
410770002,Administration of anesthesia for procedure (procedure),Dual Eligible,Government,"$1,107,774","$1,107,774",$0,0.0%,"2,453"
710824005,Assessment of health and social care needs (procedure),Aetna,Commercial,"$216,996,054","$216,996,054",$0,0.0%,"447,703"
702927004,Urgent care clinic (environment),Humana,Commercial,"$9,564,583","$9,564,583",$0,0.0%,"79,662"
162673000,General examination of patient (procedure),NO_INSURANCE,Self-Pay / Uninsured,"$28,590,169","$28,590,169",$0,0.0%,"220,823"
33879002,Administration of vaccine to produce active immunity (procedure),Dual Eligible,Government,"$11,584,629","$11,584,629",$0,0.0%,"96,371"
698314001,Consultation for treatment,Medicare,Government,"$6,432,584","$6,432,584",$0,0.0%,"61,619"
76601001,Intramuscular injection,NO_INSURANCE,Self-Pay / Uninsured,"$168,122,098","$168,122,098",$0,0.0%,"68,239"
702927004,Urgent care clinic (environment),Anthem,Commercial,"$8,432,069","$8,432,069",$0,0.0%,"72,452"
21,(no description on file),Anthem,Commercial,"$1,303,832","$1,303,832",$0,0.0%,"9,587"
748879,(no description on file),UnitedHealthcare,Commercial,"$2,544,137","$2,544,137",$0,0.0%,"2,906"
751905,(no description on file),UnitedHealthcare,Commercial,"$2,609,006","$2,609,006",$0,0.0%,"2,929"
312681000,Bone density scan (procedure),Aetna,Commercial,"$12,562,786","$12,562,786",$0,0.0%,"1,410"
270427003,Patient-initiated encounter,Humana,Commercial,"$526,358","$526,358",$0,0.0%,"7,273"
113,(no description on file),Blue Cross Blue Shield,Commercial,"$3,578,296","$3,578,296",$0,0.0%,"26,311"
1000126,(no description on file),Medicaid,Government,"$927,589","$927,589",$0,0.0%,"17,599"
859088,(no description on file),NO_INSURANCE,Self-Pay / Uninsured,"$2,027,936","$2,027,936",$0,0.0%,"7,827"
225338004,Risk assessment (procedure),Medicare,Government,"$2,297,942","$2,297,942",$0,0.0%,"4,689"
385798007,Radiation therapy care (regime/therapy),UnitedHealthcare,Commercial,"$470,695","$470,695",$0,0.0%,942
835603,(no description on file),UnitedHealthcare,Commercial,"$2,359,377","$2,359,377",$0,0.0%,"9,233"
711446003,Transplantation of kidney regime (regime/therapy),Blue Cross Blue Shield,Commercial,"$2,642,883","$2,642,883",$0,0.0%,"3,257"
727711,(no description on file),Medicare,Government,"$42,439","$42,439",$0,0.0%,242
384700001,Injection of tetanus antitoxin,Humana,Commercial,"$4,291,248","$4,291,248",$0,0.0%,"1,718"
1234995,(no description on file),UnitedHealthcare,Commercial,$961,$961,$0,0.0%,705
228557008,Cognitive and behavioral therapy (regime/therapy),NO_INSURANCE,Self-Pay / Uninsured,"$71,765,175","$71,765,175",$0,0.0%,"7,354"
1997015,(no description on file),Medicaid,Government,"$84,463","$84,463",$0,0.0%,372
183452005,Emergency hospital admission (procedure),Cigna Health,Commercial,"$198,011","$198,011",$0,0.0%,"2,802"
709138001,Notification of treatment plan (procedure),Anthem,Commercial,"$552,305","$552,305",$0,0.0%,"1,138"
198211,(no description on file),Dual Eligible,Government,"$37,357","$37,357",$0,0.0%,167
305342007,Admission to ward (procedure),Medicaid,Government,"$463,157","$463,157",$0,0.0%,"3,519"
60027007,Radiography of wrist (procedure),Medicaid,Government,"$1,393,338","$1,393,338",$0,0.0%,"3,095"
104435004,Screening for occult blood in feces (procedure),Blue Cross Blue Shield,Commercial,"$6,857,717","$6,857,717",$0,0.0%,"1,169"
834061,(no description on file),Anthem,Commercial,"$719,249","$719,249",$0,0.0%,"3,317"
349094,(no description on file),Aetna,Commercial,"$1,711,024","$1,711,024",$0,0.0%,"6,515"
966524,(no description on file),Medicaid,Government,"$70,813","$70,813",$0,0.0%,316
392247006,Insertion of catheter into artery (procedure),Humana,Commercial,"$652,515","$652,515",$0,0.0%,"1,292"
169553002,Insertion of subcutaneous contraceptive,Blue Cross Blue Shield,Commercial,"$48,594,728","$48,594,728",$0,0.0%,"5,354"
281789004,Antibiotic therapy (procedure),Blue Cross Blue Shield,Commercial,"$2,559,697","$2,559,697",$0,0.0%,"5,084"
46706006,Replacement of contraceptive intrauterine device,Blue Cross Blue Shield,Commercial,"$17,412,739","$17,412,739",$0,0.0%,"2,025"
849574,(no description on file),Aetna,Commercial,"$1,993,765","$1,993,765",$0,0.0%,"8,352"
61746007,Taking patient vital signs (procedure),Dual Eligible,Government,"$614,050","$614,050",$0,0.0%,"1,340"
35025007,Manual pelvic examination (procedure),Medicaid,Government,"$177,834","$177,834",$0,0.0%,"1,323"
396487001,Sentinel lymph node biopsy (procedure),Medicare,Government,"$3,476,712","$3,476,712",$0,0.0%,299
108290001,Radiation oncology AND/OR radiotherapy (procedure),Medicaid,Government,"$94,380,487","$94,380,487",$0,0.0%,943
198335,(no description on file),Blue Cross Blue Shield,Commercial,"$185,162","$185,162",$0,0.0%,720
1605257,(no description on file),Dual Eligible,Government,"$454,632","$454,632",$0,0.0%,494
212033,(no description on file),Anthem,Commercial,"$143,533","$143,533",$0,0.0%,542
1998772,(no description on file),Medicare,Government,"$41,436","$41,436",$0,0.0%,180
727711,(no description on file),Dual Eligible,Government,"$7,383","$7,383",$0,0.0%,48
171231001,Asthma screening,Cigna Health,Commercial,"$196,708","$196,708",$0,0.0%,405
47505003,posttraumatic stress disorder,Medicare,Government,"$59,374","$59,374",$0,0.0%,499
171121004,Human immunodeficiency virus screening (procedure),Medicaid,Government,"$63,584","$63,584",$0,0.0%,137
305336008,Admission to hospice (procedure),Cigna Health,Commercial,"$62,563","$62,563",$0,0.0%,510
1536144,(no description on file),Dual Eligible,Government,"$48,571","$48,571",$0,0.0%,216
430701006,Resuscitation using intravenous fluid (procedure),Dual Eligible,Government,"$130,261","$130,261",$0,0.0%,151
165355002,Patient informed - test result (situation),Cigna Health,Commercial,"$91,540","$91,540",$0,0.0%,187
409066002,Education  guidance and counseling (procedure),Medicare,Government,"$34,309","$34,309",$0,0.0%,74
133900002,Intraoperative care (regime/therapy),Anthem,Commercial,"$34,979","$34,979",$0,0.0%,74
58390007,Allogeneic bone marrow transplantation (procedure),Medicare,Government,"$48,035","$48,035",$0,0.0%,97
69031006,Excision of breast tissue (procedure),Blue Cross Blue Shield,Commercial,"$220,965","$220,965",$0,0.0%,60
617310,(no description on file),UnitedHealthcare,Commercial,"$11,696","$11,696",$0,0.0%,47
413107006,Hepatitis C screening (procedure),Medicare,Government,"$34,309","$34,309",$0,0.0%,74
1263416007,Removal of intrauterine contraceptive device (procedure),Medicare,Government,"$543,213","$543,213",$0,0.0%,"1,043"
171126009,Tuberculosis screening (procedure),NO_INSURANCE,Self-Pay / Uninsured,"$17,310","$17,310",$0,0.0%,37
204892,(no description on file),Aetna,Commercial,"$1,939","$1,939",$0,0.0%,120
979480,(no description on file),Aetna,Commercial,"$10,323","$10,323",$0,0.0%,39
241055006,Mammogram - symptomatic (procedure),Medicaid,Government,"$40,154","$40,154",$0,0.0%,353
904475,(no description on file),Dual Eligible,Government,"$21,205","$21,205",$0,0.0%,95
443497002,Excision of sentinel lymph node (procedure),Dual Eligible,Government,"$1,110,564","$1,110,564",$0,0.0%,102
310436,(no description on file),Humana,Commercial,"$5,202","$5,202",$0,0.0%,111
180178009,Continuous subcutaneous infusion of insulin (procedure),Humana,Commercial,"$125,991","$125,991",$0,0.0%,252
453131000124105,Videotelephony encounter (procedure),Dual Eligible,Government,"$30,125","$30,125",$0,0.0%,241
91602002,Thoracentesis (procedure),Medicare,Government,"$2,288,134","$2,288,134",$0,0.0%,150
866146005,Serum metabolic panel (procedure),Blue Cross Blue Shield,Commercial,"$109,889","$109,889",$0,0.0%,216
709506004,Assessment of readiness for disclosure of health status (procedure),Humana,Commercial,"$22,748","$22,748",$0,0.0%,44
310261,(no description on file),Medicaid,Government,"$462,560","$462,560",$0,0.0%,42
177765008,Opening of chest (procedure),Medicare,Government,"$47,629","$47,629",$0,0.0%,97
197380,(no description on file),Anthem,Commercial,"$9,687","$9,687",$0,0.0%,35
313002,(no description on file),Humana,Commercial,$173,$173,$0,0.0%,101
665078,(no description on file),Medicare,Government,"$18,372","$18,372",$0,0.0%,78
727762,(no description on file),Dual Eligible,Government,"$8,633","$8,633",$0,0.0%,47
65588006,Premature birth of newborn,Blue Cross Blue Shield,Commercial,"$237,497","$237,497",$0,0.0%,469
1290407002,Plain X-ray of knee region (procedure),Dual Eligible,Government,"$38,338","$38,338",$0,0.0%,75
746815,(no description on file),Blue Cross Blue Shield,Commercial,"$12,445","$12,445",$0,0.0%,53
198031,(no description on file),Medicaid,Government,"$6,800","$6,800",$0,0.0%,119
896006,(no description on file),NO_INSURANCE,Self-Pay / Uninsured,"$14,523","$14,523",$0,0.0%,54
37729005,Patient transfer  in-hospital (procedure),Anthem,Commercial,"$34,979","$34,979",$0,0.0%,74
904467,(no description on file),Cigna Health,Commercial,"$5,625","$5,625",$0,0.0%,21
284215,(no description on file),Dual Eligible,Government,"$14,480","$14,480",$0,0.0%,61
1665021,(no description on file),Medicare,Government,"$7,750","$7,750",$0,0.0%,29
79094001,Initial Psychiatric Interview with mental status evaluation,UnitedHealthcare,Commercial,"$3,054","$3,054",$0,0.0%,25
745791,(no description on file),Medicaid,Government,"$4,548","$4,548",$0,0.0%,20
47505003,posttraumatic stress disorder,UnitedHealthcare,Commercial,"$1,361","$1,361",$0,0.0%,11
305411003,Admission to thoracic surgery department,UnitedHealthcare,Commercial,"$1,807","$1,807",$0,0.0%,12
409066002,Education  guidance and counseling (procedure),UnitedHealthcare,Commercial,"$12,667","$12,667",$0,0.0%,28
37729005,Patient transfer  in-hospital (procedure),Aetna,Commercial,"$32,292","$32,292",$0,0.0%,68
187,(no description on file),Blue Cross Blue Shield,Commercial,"$2,720","$2,720",$0,0.0%,20
859751,(no description on file),Anthem,Commercial,"$5,873","$5,873",$0,0.0%,23
252895004,Urodynamic studies (procedure,NO_INSURANCE,Self-Pay / Uninsured,"$2,521","$2,521",$0,0.0%,5
268400002,12 lead electrocardiogram (procedure),Anthem,Commercial,"$7,284","$7,284",$0,0.0%,13
79733001,Amputation of right leg,Blue Cross Blue Shield,Commercial,"$97,739","$97,739",$0,0.0%,5
854905,(no description on file),Medicaid,Government,"$5,134","$5,134",$0,0.0%,22
709979004,Doppler ultrasonography of artery (procedure),NO_INSURANCE,Self-Pay / Uninsured,"$3,267","$3,267",$0,0.0%,7
373786007,Reasons for treatment delay (finding),UnitedHealthcare,Commercial,"$2,711","$2,711",$0,0.0%,5
1483744,(no description on file),Blue Cross Blue Shield,Commercial,"$1,000","$1,000",$0,0.0%,4
108290001,Radiation oncology AND/OR radiotherapy (procedure),UnitedHealthcare,Commercial,"$7,356,613","$7,356,613",$0,0.0%,68
999998,(no description on file),Anthem,Commercial,"$5,894","$5,894",$0,0.0%,20
1791701,(no description on file),Aetna,Commercial,$11,$11,$0,0.0%,21
200032,(no description on file),Humana,Commercial,"$3,363","$3,363",$0,0.0%,13
198031,(no description on file),UnitedHealthcare,Commercial,"$1,868","$1,868",$0,0.0%,26
197884,(no description on file),Anthem,Commercial,"$8,443","$8,443",$0,0.0%,32
856556,(no description on file),Anthem,Commercial,$565,$565,$0,0.0%,2
861356,(no description on file),Aetna,Commercial,"$1,569","$1,569",$0,0.0%,6
197379,(no description on file),Aetna,Commercial,"$1,778","$1,778",$0,0.0%,7
746804,(no description on file),NO_INSURANCE,Self-Pay / Uninsured,"$1,278","$1,278",$0,0.0%,6
199224,(no description on file),Blue Cross Blue Shield,Commercial,"$2,934","$2,934",$0,0.0%,9
896027,(no description on file),Medicaid,Government,"$1,881","$1,881",$0,0.0%,9
352001,(no description on file),Medicaid,Government,$994,$994,$0,0.0%,4
858817,(no description on file),Anthem,Commercial,$528,$528,$0,0.0%,2
751623,(no description on file),Anthem,Commercial,"$2,666","$2,666",$0,0.0%,9
200346,(no description on file),NO_INSURANCE,Self-Pay / Uninsured,"$3,465","$3,465",$0,0.0%,13
751623,(no description on file),Dual Eligible,Government,$466,$466,$0,0.0%,2
1483744,(no description on file),UnitedHealthcare,Commercial,$563,$563,$0,0.0%,2
636042,(no description on file),Medicare,Government,$804,$804,$0,0.0%,3
898690,(no description on file),Cigna Health,Commercial,"$1,771","$1,771",$0,0.0%,6
349199,(no description on file),Blue Cross Blue Shield,Commercial,$841,$841,$0,0.0%,3
281790008,Intravenous antibiotic therapy,Dual Eligible,Government,$816,$816,$0,0.0%,2
58776007,Autologous bone marrow transplant (procedure),Anthem,Commercial,"$2,411","$2,411",$0,0.0%,5
417511005,Referral to home health care service (procedure),UnitedHealthcare,Commercial,"$1,946","$1,946",$0,0.0%,4
200345,(no description on file),Humana,Commercial,$233,$233,$0,0.0%,1
905269,(no description on file),Blue Cross Blue Shield,Commercial,$283,$283,$0,0.0%,1
183646003,Postoperative visit (finding),NO_INSURANCE,Self-Pay / Uninsured,$119,$119,$0,0.0%,1
896762,(no description on file),NO_INSURANCE,Self-Pay / Uninsured,$209,$209,$0,0.0%,1
1049504,(no description on file),Medicaid,Government,"$9,806,691","$9,806,691",$0,0.0%,"43,053"
205923,(no description on file),NO_INSURANCE,Self-Pay / Uninsured,"$27,872,200","$27,872,200",$0,0.0%,"489,617"
140,(no description on file),Humana,Commercial,"$64,873,904","$64,873,904",$0,0.0%,"477,014"
25656009,Physical examination  complete (procedure),Medicare,Government,"$34,994,007","$34,994,007",$0,0.0%,"71,654"
64544008,Gingivectomy or gingivoplasty  per tooth (procedure),Blue Cross Blue Shield,Commercial,"$12,436,368","$12,436,368",$0,0.0%,"24,739"
268556000,Urine screening for glucose,Aetna,Commercial,"$22,908,008","$22,908,008",$0,0.0%,"12,245"
711446003,Transplantation of kidney regime (regime/therapy),Cigna Health,Commercial,"$3,704,826","$3,704,826",$0,0.0%,"4,634"
431182000,Placing subject in prone position (procedure),Humana,Commercial,"$12,973,634","$12,973,634",$0,0.0%,"2,322"
207,(no description on file),Cigna Health,Commercial,"$7,970,960","$7,970,960",$0,0.0%,"58,606"
398171003,Hearing examination (procedure),Medicare,Government,"$72,224,988","$72,224,988",$0,0.0%,"24,715"
52052004,Rehabilitation therapy (regime/therapy),Humana,Commercial,"$9,189,208","$9,189,208",$0,0.0%,"18,339"
274804006,Evaluation of uterine fundal height,Anthem,Commercial,"$603,580,183","$603,580,183",$0,0.0%,"122,148"
711446003,Transplantation of kidney regime (regime/therapy),Medicare,Government,"$29,684,054","$29,684,054",$0,0.0%,"36,129"
314231,(no description on file),Medicaid,Government,"$37,265","$37,265",$0,0.0%,"57,568"
65200003,Insertion of intrauterine contraceptive device,Anthem,Commercial,"$65,708,174","$65,708,174",$0,0.0%,"7,700"
351266,(no description on file),Humana,Commercial,"$1,507,207","$1,507,207",$0,0.0%,"5,878"
117015009,Throat culture (procedure),Medicare,Government,"$32,986,079","$32,986,079",$0,0.0%,"17,265"
44608003,Blood group typing (procedure),NO_INSURANCE,Self-Pay / Uninsured,"$29,401,974","$29,401,974",$0,0.0%,"15,335"
617296,(no description on file),Cigna Health,Commercial,"$96,740","$96,740",$0,0.0%,372
208,(no description on file),Blue Cross Blue Shield,Commercial,"$7,080,568","$7,080,568",$0,0.0%,"52,056"
47758006,Hepatitis B Surface Antigen Measurement,Medicaid,Government,"$99,170,704","$99,170,704",$0,0.0%,"54,630"
40701008,Echocardiography (procedure),Dual Eligible,Government,"$7,022,195","$7,022,195",$0,0.0%,"8,253"
897685,(no description on file),Dual Eligible,Government,"$8,751,858","$8,751,858",$0,0.0%,"38,605"
271442007,Fetal anatomy study,Cigna Health,Commercial,"$6,814,921","$6,814,921",$0,0.0%,"14,120"
410538000,Scheduling (procedure),Medicare,Government,"$4,147,051","$4,147,051",$0,0.0%,"8,451"
245134,(no description on file),NO_INSURANCE,Self-Pay / Uninsured,"$4,910,571","$4,910,571",$0,0.0%,"19,541"
91251008,Physical therapy procedure (regime/therapy),Cigna Health,Commercial,"$5,022,398","$5,022,398",$0,0.0%,"3,841"
108515,(no description on file),Aetna,Commercial,"$2,230,849","$2,230,849",$0,0.0%,"8,587"
705129,(no description on file),NO_INSURANCE,Self-Pay / Uninsured,"$386,697","$386,697",$0,0.0%,"2,099"
312681000,Bone density scan (procedure),Humana,Commercial,"$13,810,828","$13,810,828",$0,0.0%,"1,518"
1860154,(no description on file),Medicaid,Government,"$1,696,567","$1,696,567",$0,0.0%,"13,506"
79345008,Excision of maxillary torus palatinus (procedure),Dual Eligible,Government,"$411,193","$411,193",$0,0.0%,906
978950,(no description on file),Aetna,Commercial,"$3,838,519","$3,838,519",$0,0.0%,"4,213"
20,(no description on file),Dual Eligible,Government,"$301,240","$301,240",$0,0.0%,"2,215"
751905,(no description on file),Anthem,Commercial,"$3,888,064","$3,888,064",$0,0.0%,"4,150"
1737466,(no description on file),NO_INSURANCE,Self-Pay / Uninsured,"$8,073","$8,073",$0,0.0%,31
290045001,Kitchen practice,Medicare,Government,"$616,948","$616,948",$0,0.0%,"1,239"
1091392,(no description on file),Medicaid,Government,"$1,650,339","$1,650,339",$0,0.0%,653
183478001,Emergency hospital admission for asthma,Dual Eligible,Government,"$227,793","$227,793",$0,0.0%,"1,852"
200243,(no description on file),Dual Eligible,Government,$143,$143,$0,0.0%,368
9564003,Complete blood count with white cell differential  automated (procedure),Cigna Health,Commercial,"$1,006,846","$1,006,846",$0,0.0%,"2,056"
896209,(no description on file),Cigna Health,Commercial,"$715,096","$715,096",$0,0.0%,"1,200"
308251003,Admission to clinical oncology department (procedure),Medicare,Government,"$93,996","$93,996",$0,0.0%,753
226719,(no description on file),Medicaid,Government,"$610,114","$610,114",$0,0.0%,"2,560"
1807510,(no description on file),Cigna Health,Commercial,"$147,475","$147,475",$0,0.0%,558
410770002,Administration of anesthesia for procedure (procedure),Aetna,Commercial,"$626,006","$626,006",$0,0.0%,"1,305"
10383002,Counseling for termination of pregnancy,Medicaid,Government,"$7,656,140","$7,656,140",$0,0.0%,"16,274"
415070008,Percutaneous coronary intervention (procedure),Cigna Health,Commercial,"$41,170,901","$41,170,901",$0,0.0%,"2,075"
409023009,Professional / ancillary services care (regime/therapy),Dual Eligible,Government,"$21,457,582","$21,457,582",$0,0.0%,"8,611"
313660005,Absolute CD4 count procedure (procedure),Dual Eligible,Government,"$566,211","$566,211",$0,0.0%,"1,244"
763228001,Assessment using Canadian Study of Health and Aging Clinical Frailty Scale (procedure),Medicaid,Government,"$89,355","$89,355",$0,0.0%,195
110467000,Pre-surgery testing (procedure),Cigna Health,Commercial,"$621,779","$621,779",$0,0.0%,"1,294"
762998009,Assessment using New York Heart Association Classification (procedure),Anthem,Commercial,"$183,101","$183,101",$0,0.0%,378
103750000,Sleep apnea assessment (procedure),Aetna,Commercial,"$1,259,731","$1,259,731",$0,0.0%,"2,603"
306706006,Discharge to ward (procedure),Dual Eligible,Government,"$1,112,409","$1,112,409",$0,0.0%,"2,463"
1534809,(no description on file),Cigna Health,Commercial,"$1,354,459","$1,354,459",$0,0.0%,"1,523"
15220000,Laboratory test (procedure),Anthem,Commercial,"$291,805","$291,805",$0,0.0%,599
112001000119100,positive screening for depression on phq9,Cigna Health,Commercial,"$30,399","$30,399",$0,0.0%,64
665078,(no description on file),Medicaid,Government,"$469,550","$469,550",$0,0.0%,"2,089"
834061,(no description on file),Dual Eligible,Government,"$160,047","$160,047",$0,0.0%,853
410538000,Scheduling (procedure),UnitedHealthcare,Commercial,"$341,102","$341,102",$0,0.0%,683
1719286,(no description on file),Blue Cross Blue Shield,Commercial,$74,$74,$0,0.0%,688
170838006,Allergic disorder follow-up assessment,Aetna,Commercial,"$100,148","$100,148",$0,0.0%,859
185316007,Indirect encounter (procedure),Medicare,Government,"$17,000","$17,000",$0,0.0%,136
85765000,Fiberoptic bronchoscopy (procedure),Dual Eligible,Government,"$346,865","$346,865",$0,0.0%,47
200243,(no description on file),Cigna Health,Commercial,$88,$88,$0,0.0%,200
12719002,Platelet transfusion (procedure),Aetna,Commercial,"$56,530","$56,530",$0,0.0%,115
122548005,Biopsy of breast (procedure),Dual Eligible,Government,"$1,215,742","$1,215,742",$0,0.0%,363
223487003,Discussion about options (procedure),Dual Eligible,Government,"$164,738","$164,738",$0,0.0%,362
268400002,12 lead electrocardiogram (procedure),Dual Eligible,Government,"$178,049","$178,049",$0,0.0%,290
409066002,Education  guidance and counseling (procedure),Aetna,Commercial,"$21,857","$21,857",$0,0.0%,44
112790001,Nasal sinus endoscopy (procedure),NO_INSURANCE,Self-Pay / Uninsured,"$1,675,903","$1,675,903",$0,0.0%,312
45595009,Laparoscopic Removal of Gall Bladder,Medicaid,Government,"$986,044","$986,044",$0,0.0%,206
200243,(no description on file),NO_INSURANCE,Self-Pay / Uninsured,$75,$75,$0,0.0%,169
1873983,(no description on file),Medicaid,Government,"$17,079","$17,079",$0,0.0%,81
2284960,(no description on file),Medicaid,Government,"$2,009","$2,009",$0,0.0%,295
47505003,posttraumatic stress disorder,Anthem,Commercial,"$2,987","$2,987",$0,0.0%,26
26212005,Replacement of aortic valve (procedure),Anthem,Commercial,"$27,590","$27,590",$0,0.0%,59
1116758,(no description on file),Medicare,Government,"$21,032","$21,032",$0,0.0%,115
709010006,Liaising with referral source (procedure),Medicaid,Government,"$112,653","$112,653",$0,0.0%,246
1601380,(no description on file),Anthem,Commercial,"$10,632","$10,632",$0,0.0%,17
746815,(no description on file),Dual Eligible,Government,"$15,072","$15,072",$0,0.0%,70
38102005,Open Removal of Gall Bladder,Dual Eligible,Government,"$371,285","$371,285",$0,0.0%,21
198031,(no description on file),Cigna Health,Commercial,"$4,073","$4,073",$0,0.0%,58
234262008,Excision of axillary lymph node (procedure),Humana,Commercial,"$52,892","$52,892",$0,0.0%,41
904475,(no description on file),Anthem,Commercial,"$5,589","$5,589",$0,0.0%,19
22523008,Vasectomy,Dual Eligible,Government,"$653,097","$653,097",$0,0.0%,62
243174005,Weaning from mechanically assisted ventilation (procedure),Dual Eligible,Government,"$12,848","$12,848",$0,0.0%,28
26212005,Replacement of aortic valve (procedure),Aetna,Commercial,"$25,260","$25,260",$0,0.0%,53
171128005,Venereal disease screening (procedure),NO_INSURANCE,Self-Pay / Uninsured,"$17,310","$17,310",$0,0.0%,37
35025007,Manual pelvic examination (procedure),Humana,Commercial,"$11,294","$11,294",$0,0.0%,72
349201,(no description on file),Anthem,Commercial,"$2,779","$2,779",$0,0.0%,10
446987006,Determination of susceptibility of Human immunodeficiency virus 1 to panel of antiretroviral drugs using genotypic technique (procedure),NO_INSURANCE,Self-Pay / Uninsured,"$17,310","$17,310",$0,0.0%,37
229069003,Posture training (procedure),NO_INSURANCE,Self-Pay / Uninsured,"$5,097","$5,097",$0,0.0%,11
268425006,Pelvis X-ray,Aetna,Commercial,"$96,577","$96,577",$0,0.0%,206
84728005,Neurological examination (procedure),Aetna,Commercial,"$1,478","$1,478",$0,0.0%,3
313077009,Human immunodeficiency virus counseling (procedure),Anthem,Commercial,"$19,418","$19,418",$0,0.0%,38
65710008,Oxygen Therapy,Dual Eligible,Government,"$3,293","$3,293",$0,0.0%,6
303653007,Computed tomography of head (procedure),Aetna,Commercial,"$5,428","$5,428",$0,0.0%,11
200031,(no description on file),Cigna Health,Commercial,"$4,425","$4,425",$0,0.0%,16
609588000,Total knee replacement,Anthem,Commercial,"$401,274","$401,274",$0,0.0%,20
349199,(no description on file),Aetna,Commercial,"$2,772","$2,772",$0,0.0%,11
373786007,Reasons for treatment delay (finding),NO_INSURANCE,Self-Pay / Uninsured,"$4,766","$4,766",$0,0.0%,11
1737466,(no description on file),Humana,Commercial,"$8,836","$8,836",$0,0.0%,37
200094,(no description on file),Medicare,Government,"$3,033","$3,033",$0,0.0%,11
1664986,(no description on file),Cigna Health,Commercial,"$2,921","$2,921",$0,0.0%,12
898690,(no description on file),Dual Eligible,Government,"$4,270","$4,270",$0,0.0%,17
979468,(no description on file),Humana,Commercial,"$3,144","$3,144",$0,0.0%,12
182836005,Review of medication (procedure),UnitedHealthcare,Commercial,"$4,653","$4,653",$0,0.0%,10
896762,(no description on file),Humana,Commercial,"$2,229","$2,229",$0,0.0%,8
308251003,Admission to clinical oncology department (procedure),Cigna Health,Commercial,"$2,042","$2,042",$0,0.0%,17
52734007,Total replacement of hip,Medicare,Government,"$353,576","$353,576",$0,0.0%,23
205305,(no description on file),Aetna,Commercial,"$1,960","$1,960",$0,0.0%,7
313212,(no description on file),Cigna Health,Commercial,"$2,562","$2,562",$0,0.0%,10
1599803,(no description on file),Blue Cross Blue Shield,Commercial,"$5,074","$5,074",$0,0.0%,10
312962,(no description on file),Medicare,Government,"$2,536","$2,536",$0,0.0%,10
709979004,Doppler ultrasonography of artery (procedure),Cigna Health,Commercial,"$4,014","$4,014",$0,0.0%,9
1658084,(no description on file),NO_INSURANCE,Self-Pay / Uninsured,"$10,269","$10,269",$0,0.0%,3
306237005,Referral to palliative care service (procedure),Anthem,Commercial,"$1,941","$1,941",$0,0.0%,4
205326,(no description on file),Aetna,Commercial,$412,$412,$0,0.0%,2
1664986,(no description on file),NO_INSURANCE,Self-Pay / Uninsured,"$1,389","$1,389",$0,0.0%,6
74857009,Hospital admission  short-term  24 hours,NO_INSURANCE,Self-Pay / Uninsured,"$2,847","$2,847",$0,0.0%,2
746804,(no description on file),Medicare,Government,$418,$418,$0,0.0%,2
866429,(no description on file),Cigna Health,Commercial,$565,$565,$0,0.0%,2
896766,(no description on file),Cigna Health,Commercial,$541,$541,$0,0.0%,2
898342,(no description on file),Cigna Health,Commercial,$957,$957,$0,0.0%,3
860510,(no description on file),Humana,Commercial,$276,$276,$0,0.0%,1
898362,(no description on file),UnitedHealthcare,Commercial,$261,$261,$0,0.0%,1
1437975,(no description on file),Dual Eligible,Government,$627,$627,$0,0.0%,2
1535362,(no description on file),Humana,Commercial,"$37,778,569","$37,778,569",$0,0.0%,"146,911"
1860491,(no description on file),Medicare,Government,"$22,156,892","$22,156,892",$0,0.0%,"87,596"
208,(no description on file),Cigna Health,Commercial,"$10,326,344","$10,326,344",$0,0.0%,"75,923"
33879002,Administration of vaccine to produce active immunity (procedure),Medicare,Government,"$34,740,948","$34,740,948",$0,0.0%,"293,549"
5880005,Physical examination procedure (procedure),Cigna Health,Commercial,"$17,964,142","$17,964,142",$0,0.0%,"36,897"
473231009,Renal disorder medication review (procedure),NO_INSURANCE,Self-Pay / Uninsured,"$2,987,904","$2,987,904",$0,0.0%,"6,306"
84100007,History taking (procedure),NO_INSURANCE,Self-Pay / Uninsured,"$2,910,838","$2,910,838",$0,0.0%,"5,953"
1260010008,Removal of subgingival plaque and calculus from all teeth using dental instrument (procedure),Humana,Commercial,"$148,076,877","$148,076,877",$0,0.0%,"293,758"
310061009,Gynecology service (qualifier value),Medicare,Government,"$3,244,127","$3,244,127",$0,0.0%,"27,431"
456191000124101,Postoperative care for dental procedure (regime/therapy),Cigna Health,Commercial,"$23,402,742","$23,402,742",$0,0.0%,"47,147"
2123111,(no description on file),NO_INSURANCE,Self-Pay / Uninsured,"$11,526,324","$11,526,324",$0,0.0%,"7,637"
314076,(no description on file),Aetna,Commercial,"$349,210","$349,210",$0,0.0%,"190,169"
68071007,Dental fluoride treatment (procedure),UnitedHealthcare,Commercial,"$40,320,834","$40,320,834",$0,0.0%,"80,230"
108515,(no description on file),Medicare,Government,"$17,069,210","$17,069,210",$0,0.0%,"66,855"
308335008,Patient encounter procedure,UnitedHealthcare,Commercial,"$8,157,546","$8,157,546",$0,0.0%,"68,208"
395123002,Urine screening test for diabetes,Humana,Commercial,"$47,403,711","$47,403,711",$0,0.0%,"24,148"
583214,(no description on file),Humana,Commercial,"$16,905","$16,905",$0,0.0%,"4,667"
104091002,Hemogram  automated  with RBC  WBC  Hgb  Hct  Indices  Platelet count  and manual WBC differential,Dual Eligible,Government,"$14,584,859","$14,584,859",$0,0.0%,"8,008"
209387,(no description on file),Humana,Commercial,"$9,392,298","$9,392,298",$0,0.0%,"36,972"
73761001,Colonoscopy,Blue Cross Blue Shield,Commercial,"$130,911,502","$130,911,502",$0,0.0%,"11,428"
198405,(no description on file),Aetna,Commercial,"$1,196,653","$1,196,653",$0,0.0%,"5,319"
1505002,Hospital admission for isolation (procedure),Humana,Commercial,"$268,318","$268,318",$0,0.0%,"2,047"
386053000,Evaluation procedure (procedure),Anthem,Commercial,"$2,434,116","$2,434,116",$0,0.0%,"4,966"
713106006,Screening for drug abuse (procedure),Cigna Health,Commercial,"$9,279","$9,279",$0,0.0%,"130,755"
64544008,Gingivectomy or gingivoplasty  per tooth (procedure),Cigna Health,Commercial,"$17,966,434","$17,966,434",$0,0.0%,"37,100"
1256042007,Restoration of tooth with coverage of all cusps using dental filling material (procedure),Dual Eligible,Government,"$14,889,720","$14,889,720",$0,0.0%,"32,878"
562251,(no description on file),Dual Eligible,Government,"$3,241,461","$3,241,461",$0,0.0%,"7,406"
1431987,(no description on file),Dual Eligible,Government,"$3,504,797","$3,504,797",$0,0.0%,"15,649"
630208,(no description on file),Anthem,Commercial,"$6,039,531","$6,039,531",$0,0.0%,"23,125"
410401003,Nursing care/supplementary surveillance (regime/therapy),Anthem,Commercial,"$47,766,615","$47,766,615",$0,0.0%,"5,140"
476556,(no description on file),Medicare,Government,"$401,479","$401,479",$0,0.0%,"1,566"
835603,(no description on file),Blue Cross Blue Shield,Commercial,"$2,579,820","$2,579,820",$0,0.0%,"9,987"
751905,(no description on file),Aetna,Commercial,"$3,718,813","$3,718,813",$0,0.0%,"4,044"
169690007,Rubella screening,Anthem,Commercial,"$21,423,716","$21,423,716",$0,0.0%,"11,538"
271442007,Fetal anatomy study,Blue Cross Blue Shield,Commercial,"$6,325,753","$6,325,753",$0,0.0%,"12,460"
288086009,Suture open wound,Medicare,Government,"$127,515,242","$127,515,242",$0,0.0%,"14,393"
762993000,Assessment using Morse Fall Scale (procedure),UnitedHealthcare,Commercial,"$251,433","$251,433",$0,0.0%,"2,625"
243063003,Postoperative procedure education (procedure),Anthem,Commercial,"$518,627","$518,627",$0,0.0%,"1,068"
68254000,Removal of intrauterine device,Medicaid,Government,"$75,245,992","$75,245,992",$0,0.0%,"9,372"
169553002,Insertion of subcutaneous contraceptive,UnitedHealthcare,Commercial,"$45,293,383","$45,293,383",$0,0.0%,"5,073"
269911007,Sputum examination (procedure),Cigna Health,Commercial,"$28,427,241","$28,427,241",$0,0.0%,"4,908"
748856,(no description on file),NO_INSURANCE,Self-Pay / Uninsured,"$3,289,458","$3,289,458",$0,0.0%,"3,624"
433114000,Human epidermal growth factor receptor 2 gene detection by immunohistochemistry (procedure),Medicare,Government,"$231,347","$231,347",$0,0.0%,"1,014"
1807510,(no description on file),Medicaid,Government,"$281,754","$281,754",$0,0.0%,"1,233"
1234995,(no description on file),Humana,Commercial,"$1,845","$1,845",$0,0.0%,"1,392"
308646001,Death Certification,Cigna Health,Commercial,"$129,985","$129,985",$0,0.0%,"1,019"
699253003,Surgical manipulation of joint of knee,NO_INSURANCE,Self-Pay / Uninsured,"$12,266,833","$12,266,833",$0,0.0%,767
2003249,(no description on file),Cigna Health,Commercial,"$106,510","$106,510",$0,0.0%,378
1361048,(no description on file),Medicaid,Government,"$221,915","$221,915",$0,0.0%,977
165829005,Gonorrhea infection titer test (procedure),UnitedHealthcare,Commercial,"$23,199,560","$23,199,560",$0,0.0%,"11,848"
714812005,Induced termination of pregnancy,Medicare,Government,"$25,858,820","$25,858,820",$0,0.0%,"2,949"
749762,(no description on file),UnitedHealthcare,Commercial,"$2,619,372","$2,619,372",$0,0.0%,"2,933"
313660005,Absolute CD4 count procedure (procedure),Medicaid,Government,"$2,187,519","$2,187,519",$0,0.0%,"4,738"
371361000119107,Comprehensive metabolic panel (procedure),Medicaid,Government,"$230,630","$230,630",$0,0.0%,497
16335031000119103,High resolution computed tomography of chest without contrast (procedure),UnitedHealthcare,Commercial,"$212,715","$212,715",$0,0.0%,245
1431987,(no description on file),Humana,Commercial,"$358,285","$358,285",$0,0.0%,"1,426"
857005,(no description on file),Cigna Health,Commercial,"$23,301","$23,301",$0,0.0%,998
185389009,Follow-up visit (procedure),Aetna,Commercial,"$9,663","$9,663",$0,0.0%,135
1361226,(no description on file),Medicaid,Government,"$51,463","$51,463",$0,0.0%,224
301884003,Removal of aortic cross clamp (procedure),NO_INSURANCE,Self-Pay / Uninsured,"$311,842","$311,842",$0,0.0%,640
49,(no description on file),Dual Eligible,Government,"$130,832","$130,832",$0,0.0%,962
310436,(no description on file),Medicaid,Government,"$20,424","$20,424",$0,0.0%,468
387685009,Surgical manipulation of shoulder joint,Medicaid,Government,"$3,576,573","$3,576,573",$0,0.0%,230
305342007,Admission to ward (procedure),Blue Cross Blue Shield,Commercial,"$106,707","$106,707",$0,0.0%,793
1732136,(no description on file),Aetna,Commercial,$84,$84,$0,0.0%,61
367494004,Premature birth of newborn (finding),Cigna Health,Commercial,"$92,058","$92,058",$0,0.0%,179
855332,(no description on file),Blue Cross Blue Shield,Commercial,"$7,064","$7,064",$0,0.0%,621
197319,(no description on file),Humana,Commercial,"$70,325","$70,325",$0,0.0%,236
1740467,(no description on file),Aetna,Commercial,$380,$380,$0,0.0%,"1,365"
165197003,Diagnostic assessment (procedure),Humana,Commercial,"$310,372","$310,372",$0,0.0%,623
185316007,Indirect encounter (procedure),Anthem,Commercial,"$21,125","$21,125",$0,0.0%,169
1735006,(no description on file),Humana,Commercial,$121,$121,$0,0.0%,267
866514,(no description on file),Cigna Health,Commercial,"$15,960","$15,960",$0,0.0%,62
772071006,Referral to dentist (procedure),Medicaid,Government,"$89,355","$89,355",$0,0.0%,195
1649987,(no description on file),Aetna,Commercial,"$27,378","$27,378",$0,0.0%,107
26763009,Controlled ventilation procedure and therapy  initiation and management (procedure),NO_INSURANCE,Self-Pay / Uninsured,"$350,219","$350,219",$0,0.0%,103
308460,(no description on file),NO_INSURANCE,Self-Pay / Uninsured,$23,$23,$0,0.0%,40
259255,(no description on file),Blue Cross Blue Shield,Commercial,$226,$226,$0,0.0%,14
1290459008,Plain X-ray of ankle region (procedure),Anthem,Commercial,"$143,635","$143,635",$0,0.0%,274
200033,(no description on file),Aetna,Commercial,"$112,118","$112,118",$0,0.0%,417
232717009,Coronary artery bypass grafting (procedure),Aetna,Commercial,"$26,734,274","$26,734,274",$0,0.0%,683
45595009,Laparoscopic Removal of Gall Bladder,Anthem,Commercial,"$413,410","$413,410",$0,0.0%,77
60027007,Radiography of wrist (procedure),Blue Cross Blue Shield,Commercial,"$272,076","$272,076",$0,0.0%,543
198014,(no description on file),Cigna Health,Commercial,"$62,600","$62,600",$0,0.0%,253
76164006,Biopsy of colon,Aetna,Commercial,"$1,969,278","$1,969,278",$0,0.0%,175
108290001,Radiation oncology AND/OR radiotherapy (procedure),Blue Cross Blue Shield,Commercial,"$7,912,222","$7,912,222",$0,0.0%,98
608139,(no description on file),Aetna,Commercial,"$13,962","$13,962",$0,0.0%,103
198188,(no description on file),Medicaid,Government,"$1,958","$1,958",$0,0.0%,9
24623002,Screening mammography (procedure),Aetna,Commercial,"$19,695","$19,695",$0,0.0%,172
1571000087109,Ultrasonography of bilateral breasts (procedure),NO_INSURANCE,Self-Pay / Uninsured,"$81,252","$81,252",$0,0.0%,201
746815,(no description on file),Medicaid,Government,"$39,411","$39,411",$0,0.0%,174
617312,(no description on file),Blue Cross Blue Shield,Commercial,"$8,775","$8,775",$0,0.0%,35
197887,(no description on file),NO_INSURANCE,Self-Pay / Uninsured,"$3,418","$3,418",$0,0.0%,14
76746007,Cardiovascular stress testing (procedure),Humana,Commercial,"$91,281","$91,281",$0,0.0%,181
171126009,Tuberculosis screening (procedure),Dual Eligible,Government,"$17,229","$17,229",$0,0.0%,39
1809104,(no description on file),Anthem,Commercial,"$1,274","$1,274",$0,0.0%,232
966222,(no description on file),Blue Cross Blue Shield,Commercial,$25,$25,$0,0.0%,85
966222,(no description on file),Cigna Health,Commercial,$41,$41,$0,0.0%,132
897122,(no description on file),Aetna,Commercial,"$2,605,209","$2,605,209",$0,0.0%,149
197319,(no description on file),Cigna Health,Commercial,"$68,436","$68,436",$0,0.0%,219
309845,(no description on file),Dual Eligible,Government,$6,$6,$0,0.0%,73
141962,(no description on file),Aetna,Commercial,"$13,146","$13,146",$0,0.0%,49
284215,(no description on file),Anthem,Commercial,"$14,486","$14,486",$0,0.0%,54
349201,(no description on file),Dual Eligible,Government,"$5,194","$5,194",$0,0.0%,23
243150007,Assist control ventilation (regime/therapy),Anthem,Commercial,"$186,853","$186,853",$0,0.0%,51
733863009,Assessment of readiness for self-management (procedure),NO_INSURANCE,Self-Pay / Uninsured,"$17,310","$17,310",$0,0.0%,37
204892,(no description on file),NO_INSURANCE,Self-Pay / Uninsured,"$2,030","$2,030",$0,0.0%,115
399217008,Cardioassist by aortic balloon pump (procedure),Cigna Health,Commercial,"$17,281","$17,281",$0,0.0%,36
197905,(no description on file),Anthem,Commercial,"$1,558","$1,558",$0,0.0%,6
896019,(no description on file),Blue Cross Blue Shield,Commercial,"$2,740","$2,740",$0,0.0%,11
116863004,Transfusion of red blood cells (procedure),Medicaid,Government,"$18,508","$18,508",$0,0.0%,40
856457,(no description on file),Medicaid,Government,"$5,050","$5,050",$0,0.0%,22
312938,(no description on file),Aetna,Commercial,$66,$66,$0,0.0%,37
896762,(no description on file),Medicare,Government,"$6,800","$6,800",$0,0.0%,28
417511005,Referral to home health care service (procedure),Humana,Commercial,"$7,924","$7,924",$0,0.0%,16
856519,(no description on file),UnitedHealthcare,Commercial,"$1,298","$1,298",$0,0.0%,5
312938,(no description on file),UnitedHealthcare,Commercial,$15,$15,$0,0.0%,8
33633005,Prescription of drug (procedure),Dual Eligible,Government,"$4,991","$4,991",$0,0.0%,11
243150007,Assist control ventilation (regime/therapy),Dual Eligible,Government,"$184,054","$184,054",$0,0.0%,40
896027,(no description on file),Humana,Commercial,"$1,541","$1,541",$0,0.0%,5
90407005,Evaluation of psychiatric state of patient,Cigna Health,Commercial,$824,$824,$0,0.0%,6
349199,(no description on file),Medicaid,Government,"$2,996","$2,996",$0,0.0%,14
349353,(no description on file),NO_INSURANCE,Self-Pay / Uninsured,"$1,144","$1,144",$0,0.0%,5
373786007,Reasons for treatment delay (finding),Humana,Commercial,"$4,439","$4,439",$0,0.0%,9
394894008,Pre-operative chemotherapy (procedure),NO_INSURANCE,Self-Pay / Uninsured,"$5,530","$5,530",$0,0.0%,11
617320,(no description on file),NO_INSURANCE,Self-Pay / Uninsured,$793,$793,$0,0.0%,3
856535,(no description on file),UnitedHealthcare,Commercial,$767,$767,$0,0.0%,3
198188,(no description on file),Cigna Health,Commercial,$459,$459,$0,0.0%,2
966529,(no description on file),Dual Eligible,Government,"$1,339","$1,339",$0,0.0%,5
856569,(no description on file),Cigna Health,Commercial,$418,$418,$0,0.0%,2
896766,(no description on file),Aetna,Commercial,$438,$438,$0,0.0%,2
856448,(no description on file),Cigna Health,Commercial,$412,$412,$0,0.0%,2
476350,(no description on file),Aetna,Commercial,$250,$250,$0,0.0%,1
856448,(no description on file),UnitedHealthcare,Commercial,$233,$233,$0,0.0%,1
858804,(no description on file),Anthem,Commercial,$283,$283,$0,0.0%,1
898342,(no description on file),UnitedHealthcare,Commercial,$308,$308,$0,0.0%,1
308429,(no description on file),Humana,Commercial,$209,$209,$0,0.0%,1
234336002,Hemopoietic stem cell transplant (procedure),Cigna Health,Commercial,$496,$496,$0,0.0%,1
424619006,Prenatal visit,Medicaid,Government,"$61,377,082","$61,377,082",$0,0.0%,"513,158"
1049625,(no description on file),Medicaid,Government,"$17,097,161","$17,097,161",$0,0.0%,"74,872"
763302001,Assessment using Alcohol Use Disorders Identification Test - Consumption (procedure),Medicaid,Government,"$20,614","$20,614",$0,0.0%,"296,153"
274474001,Bone immobilization,UnitedHealthcare,Commercial,"$1,528,714","$1,528,714",$0,0.0%,"3,050"
1535362,(no description on file),NO_INSURANCE,Self-Pay / Uninsured,"$29,453,613","$29,453,613",$0,0.0%,"114,343"
281789004,Antibiotic therapy (procedure),Medicaid,Government,"$10,531,424","$10,531,424",$0,0.0%,"22,646"
834102,(no description on file),Medicaid,Government,"$1,574,778","$1,574,778",$0,0.0%,"8,477"
140,(no description on file),Blue Cross Blue Shield,Commercial,"$39,763,272","$39,763,272",$0,0.0%,"292,377"
855332,(no description on file),Medicare,Government,"$1,192,468","$1,192,468",$0,0.0%,"109,789"
310798,(no description on file),UnitedHealthcare,Commercial,"$107,657","$107,657",$0,0.0%,"97,833"
173291009,Simple extraction of tooth (procedure),Anthem,Commercial,"$3,861,312","$3,861,312",$0,0.0%,"7,921"
140,(no description on file),Dual Eligible,Government,"$41,139,592","$41,139,592",$0,0.0%,"302,497"
269828009,Syphilis infectious titer test (procedure),Cigna Health,Commercial,"$32,730,291","$32,730,291",$0,0.0%,"17,216"
398171003,Hearing examination (procedure),NO_INSURANCE,Self-Pay / Uninsured,"$6,550,361","$6,550,361",$0,0.0%,"2,316"
410538000,Scheduling (procedure),Cigna Health,Commercial,"$618,455","$618,455",$0,0.0%,"1,288"
305432006,Admission to surgical transplant department (procedure),Medicare,Government,"$875,145","$875,145",$0,0.0%,"7,040"
395142003,Allergy screening test,Humana,Commercial,"$2,054,346","$2,054,346",$0,0.0%,"4,094"
456191000124101,Postoperative care for dental procedure (regime/therapy),UnitedHealthcare,Commercial,"$14,920,864","$14,920,864",$0,0.0%,"28,942"
399014008,Administration of diphtheria  pertussis  and tetanus vaccine,Medicaid,Government,"$142,940,181","$142,940,181",$0,0.0%,"60,600"
18946005,Epidural anesthesia,Humana,Commercial,"$9,304,743","$9,304,743",$0,0.0%,"4,697"
20,(no description on file),Blue Cross Blue Shield,Commercial,"$3,976,640","$3,976,640",$0,0.0%,"29,240"
866412,(no description on file),Cigna Health,Commercial,"$723,986","$723,986",$0,0.0%,"2,811"
198405,(no description on file),Humana,Commercial,"$1,414,632","$1,414,632",$0,0.0%,"6,548"
33367005,Angiography of coronary artery (procedure),Cigna Health,Commercial,"$1,653,985","$1,653,985",$0,0.0%,"3,443"
301807007,Removal of subcutaneous contraceptive,UnitedHealthcare,Commercial,"$28,657,628","$28,657,628",$0,0.0%,"3,289"
83,(no description on file),Anthem,Commercial,"$1,294,312","$1,294,312",$0,0.0%,"9,517"
311700,(no description on file),Humana,Commercial,$287,$287,$0,0.0%,"1,315"
713106006,Screening for drug abuse (procedure),Blue Cross Blue Shield,Commercial,"$4,330","$4,330",$0,0.0%,"89,303"
71651007,Mammography (procedure),Medicare,Government,"$5,764,906","$5,764,906",$0,0.0%,"48,623"
47758006,Hepatitis B Surface Antigen Measurement,Anthem,Commercial,"$31,861,149","$31,861,149",$0,0.0%,"16,835"
397821002,Patient transfer to intensive care unit (procedure),Dual Eligible,Government,"$283,670","$283,670",$0,0.0%,"2,319"
831533,(no description on file),Cigna Health,Commercial,"$4,035,358","$4,035,358",$0,0.0%,"4,423"
81733005,Dental surgical procedure (procedure),Anthem,Commercial,"$22,141,155","$22,141,155",$0,0.0%,"44,295"
236974004,Instrumental delivery,Dual Eligible,Government,"$1,966,014","$1,966,014",$0,0.0%,328
439740005,Postoperative follow-up visit (procedure),Cigna Health,Commercial,"$699,150","$699,150",$0,0.0%,"5,987"
121,(no description on file),Dual Eligible,Government,"$892,296","$892,296",$0,0.0%,"6,561"
1043400,(no description on file),Medicare,Government,"$2,737,347","$2,737,347",$0,0.0%,"12,728"
386394001,Pregnancy termination care,NO_INSURANCE,Self-Pay / Uninsured,"$3,161,571","$3,161,571",$0,0.0%,"4,638"
185389009,Follow-up visit (procedure),Humana,Commercial,"$10,452","$10,452",$0,0.0%,140
359672006,Median sternotomy (procedure),Anthem,Commercial,"$483,778","$483,778",$0,0.0%,995
1998774,(no description on file),Medicare,Government,"$1,884,452","$1,884,452",$0,0.0%,"7,216"
57617002,Urine specimen collection (procedure),NO_INSURANCE,Self-Pay / Uninsured,"$2,753,445","$2,753,445",$0,0.0%,"5,631"
1043400,(no description on file),Humana,Commercial,"$1,608,070","$1,608,070",$0,0.0%,"7,463"
312961,(no description on file),Humana,Commercial,"$954,999","$954,999",$0,0.0%,"3,025"
1225002,Upper arm X-ray,Humana,Commercial,"$496,346","$496,346",$0,0.0%,999
169673001,Antenatal RhD antibody screening,UnitedHealthcare,Commercial,"$3,397,909","$3,397,909",$0,0.0%,"1,779"
308283009,Discharge from hospital (procedure),UnitedHealthcare,Commercial,"$952,848","$952,848",$0,0.0%,"1,879"
1665060,(no description on file),Anthem,Commercial,"$286,087","$286,087",$0,0.0%,"1,088"
351137,(no description on file),Anthem,Commercial,"$936,549","$936,549",$0,0.0%,"3,525"
281789004,Antibiotic therapy (procedure),UnitedHealthcare,Commercial,"$2,454,839","$2,454,839",$0,0.0%,"4,881"
28163009,Skin test for tuberculosis  Tine test (procedure),Dual Eligible,Government,"$6,912,851","$6,912,851",$0,0.0%,"3,811"
861467,(no description on file),Humana,Commercial,"$172,413","$172,413",$0,0.0%,"1,775"
4525004,Emergency department patient visit (procedure),Medicare,Government,"$176,057","$176,057",$0,0.0%,"1,427"
197454,(no description on file),Aetna,Commercial,"$322,089","$322,089",$0,0.0%,"1,218"
69212005,Range of motion testing (procedure),Medicaid,Government,"$472,169","$472,169",$0,0.0%,"1,026"
312853008,Medical records review (procedure),Medicare,Government,"$676,328","$676,328",$0,0.0%,"1,378"
225415001,Close observation (regime/therapy),Medicare,Government,"$287,668","$287,668",$0,0.0%,587
305408004,Admission to surgical department,NO_INSURANCE,Self-Pay / Uninsured,"$179,365","$179,365",$0,0.0%,"1,440"
185317003,Telephone encounter (procedure),Humana,Commercial,"$60,147","$60,147",$0,0.0%,802
198039,(no description on file),Dual Eligible,Government,"$338,296","$338,296",$0,0.0%,"1,494"
1263416007,Removal of intrauterine contraceptive device (procedure),Cigna Health,Commercial,"$754,544","$754,544",$0,0.0%,"1,435"
112790001,Nasal sinus endoscopy (procedure),Aetna,Commercial,"$2,059,122","$2,059,122",$0,0.0%,384
1740467,(no description on file),Blue Cross Blue Shield,Commercial,$230,$230,$0,0.0%,833
749196,(no description on file),Medicaid,Government,"$127,804","$127,804",$0,0.0%,566
197885,(no description on file),Medicare,Government,"$24,760","$24,760",$0,0.0%,92
392247006,Insertion of catheter into artery (procedure),Blue Cross Blue Shield,Commercial,"$371,474","$371,474",$0,0.0%,737
896023,(no description on file),Aetna,Commercial,"$16,781","$16,781",$0,0.0%,69
198240,(no description on file),UnitedHealthcare,Commercial,"$37,186","$37,186",$0,0.0%,50
2047241,(no description on file),Medicare,Government,"$47,638","$47,638",$0,0.0%,582
1807510,(no description on file),Blue Cross Blue Shield,Commercial,"$88,451","$88,451",$0,0.0%,344
385763009,Hospice care (regime/therapy),Anthem,Commercial,"$4,327,728","$4,327,728",$0,0.0%,466
979092,(no description on file),NO_INSURANCE,Self-Pay / Uninsured,$49,$49,$0,0.0%,164
43075005,Partial resection of colon,Aetna,Commercial,"$7,030,609","$7,030,609",$0,0.0%,324
171231001,Asthma screening,Anthem,Commercial,"$184,931","$184,931",$0,0.0%,382
266753000,Referral for laboratory tests (procedure),Humana,Commercial,"$123,333","$123,333",$0,0.0%,248
177157003,Spontaneous breech delivery,Medicaid,Government,"$977,803","$977,803",$0,0.0%,169
997501,(no description on file),Humana,Commercial,"$64,549","$64,549",$0,0.0%,103
409066002,Education  guidance and counseling (procedure),Dual Eligible,Government,"$17,229","$17,229",$0,0.0%,39
180178009,Continuous subcutaneous infusion of insulin (procedure),Medicaid,Government,"$276,254","$276,254",$0,0.0%,609
243150007,Assist control ventilation (regime/therapy),Medicare,Government,"$1,666,243","$1,666,243",$0,0.0%,385
312853008,Medical records review (procedure),Humana,Commercial,"$35,824","$35,824",$0,0.0%,71
1536148,(no description on file),Dual Eligible,Government,"$54,392","$54,392",$0,0.0%,248
854228,(no description on file),UnitedHealthcare,Commercial,$179,$179,$0,0.0%,17
833135,(no description on file),Medicaid,Government,"$8,141","$8,141",$0,0.0%,33
426701000119108,Ultrasonography of abdomen  right upper quadrant and epigastrium,Dual Eligible,Government,"$60,818","$60,818",$0,0.0%,136
13569004,Transfusion of plasma (procedure),Medicare,Government,"$103,171","$103,171",$0,0.0%,43
665078,(no description on file),Cigna Health,Commercial,"$76,306","$76,306",$0,0.0%,313
866146005,Serum metabolic panel (procedure),Aetna,Commercial,"$143,791","$143,791",$0,0.0%,297
993452,(no description on file),Medicaid,Government,"$12,897","$12,897",$0,0.0%,15
112001000119100,positive screening for depression on phq9,Medicaid,Government,"$61,815","$61,815",$0,0.0%,130
266753000,Referral for laboratory tests (procedure),Medicaid,Government,"$105,634","$105,634",$0,0.0%,229
312384001,Multidisciplinary assessment (procedure),UnitedHealthcare,Commercial,"$21,059","$21,059",$0,0.0%,43
204892,(no description on file),Anthem,Commercial,"$1,842","$1,842",$0,0.0%,127
854255,(no description on file),Aetna,Commercial,"$8,705","$8,705",$0,0.0%,35
414088005,Emergency coronary artery bypass graft (procedure),Aetna,Commercial,"$27,936","$27,936",$0,0.0%,59
1091392,(no description on file),Cigna Health,Commercial,"$406,632","$406,632",$0,0.0%,154
180030006,Amputation of right foot,Medicare,Government,"$1,045,402","$1,045,402",$0,0.0%,46
313613002,Hepatitis A antibody test (procedure),Cigna Health,Commercial,"$17,132","$17,132",$0,0.0%,36
617311,(no description on file),UnitedHealthcare,Commercial,"$15,218","$15,218",$0,0.0%,60
183976008,Operative procedure planned (situation),UnitedHealthcare,Commercial,"$21,059","$21,059",$0,0.0%,43
854228,(no description on file),Anthem,Commercial,$591,$591,$0,0.0%,33
997488,(no description on file),Medicare,Government,"$54,607","$54,607",$0,0.0%,95
1737466,(no description on file),UnitedHealthcare,Commercial,"$2,800","$2,800",$0,0.0%,11
410299006,Lab findings education  guidance  and counseling (procedure),Dual Eligible,Government,"$9,669","$9,669",$0,0.0%,21
432231006,Fine needle aspiration biopsy of lung (procedure),Cigna Health,Commercial,"$232,697","$232,697",$0,0.0%,25
183450002,Admission to burn unit,Dual Eligible,Government,"$24,445","$24,445",$0,0.0%,54
171121004,Human immunodeficiency virus screening (procedure),Anthem,Commercial,"$19,418","$19,418",$0,0.0%,38
242754,(no description on file),UnitedHealthcare,Commercial,"$6,664","$6,664",$0,0.0%,25
717778001,Mouth care (regime/therapy),UnitedHealthcare,Commercial,"$4,653","$4,653",$0,0.0%,10
167252002,Urine pregnancy test (procedure),Dual Eligible,Government,"$9,497","$9,497",$0,0.0%,21
746804,(no description on file),Cigna Health,Commercial,"$1,378","$1,378",$0,0.0%,5
58828004,Application of dressing  sterile (procedure),Cigna Health,Commercial,"$30,791","$30,791",$0,0.0%,64
171126009,Tuberculosis screening (procedure),Blue Cross Blue Shield,Commercial,"$15,389","$15,389",$0,0.0%,31
1873983,(no description on file),Blue Cross Blue Shield,Commercial,"$4,649","$4,649",$0,0.0%,20
384682003,Multidisciplinary care conference (procedure),Humana,Commercial,"$9,540","$9,540",$0,0.0%,19
259255,(no description on file),UnitedHealthcare,Commercial,$228,$228,$0,0.0%,24
617314,(no description on file),Medicare,Government,"$3,868","$3,868",$0,0.0%,14
349200,(no description on file),Cigna Health,Commercial,"$1,103","$1,103",$0,0.0%,4
801095,(no description on file),NO_INSURANCE,Self-Pay / Uninsured,"$1,622","$1,622",$0,0.0%,6
856535,(no description on file),Aetna,Commercial,"$2,475","$2,475",$0,0.0%,10
856448,(no description on file),Humana,Commercial,$985,$985,$0,0.0%,4
308429,(no description on file),Medicaid,Government,"$1,086","$1,086",$0,0.0%,5
896766,(no description on file),Anthem,Commercial,$438,$438,$0,0.0%,2
801095,(no description on file),Aetna,Commercial,"$1,045","$1,045",$0,0.0%,5
763138,(no description on file),UnitedHealthcare,Commercial,$565,$565,$0,0.0%,2
856460,(no description on file),Dual Eligible,Government,$847,$847,$0,0.0%,4
904477,(no description on file),Medicare,Government,$492,$492,$0,0.0%,2
905269,(no description on file),Medicaid,Government,"$1,123","$1,123",$0,0.0%,5
859753,(no description on file),UnitedHealthcare,Commercial,$209,$209,$0,0.0%,1
1114085,(no description on file),Humana,Commercial,$7,$7,$0,0.0%,1
854901,(no description on file),UnitedHealthcare,Commercial,$209,$209,$0,0.0%,1
385488000,Surgical procedure on chest wall (procedure),UnitedHealthcare,Commercial,$496,$496,$0,0.0%,1
166001,Behavioral therapy (regime/therapy),UnitedHealthcare,Commercial,$496,$496,$0,0.0%,1
200096,(no description on file),Blue Cross Blue Shield,Commercial,$492,$492,$0,0.0%,2
241046008,Dental X-ray bitewing (procedure),Medicaid,Government,"$185,616,326","$185,616,326",$0,0.0%,"403,050"
56876005,Drug rehabilitation and detoxification,Aetna,Commercial,"$1,064,686","$1,064,686",$0,0.0%,"9,122"
390906007,Follow-up encounter (procedure),Medicare,Government,"$20,152,458","$20,152,458",$0,0.0%,"283,558"
171207006,Depression screening (procedure),Anthem,Commercial,"$16,243,129","$16,243,129",$0,0.0%,"376,755"
1234995,(no description on file),Medicaid,Government,"$4,072","$4,072",$0,0.0%,"3,472"
118001005,Streptococcus pneumoniae group B antigen assay,Blue Cross Blue Shield,Commercial,"$22,861,091","$22,861,091",$0,0.0%,"11,604"
430193006,Medication Reconciliation (procedure),Humana,Commercial,"$168,568,316","$168,568,316",$0,0.0%,"345,057"
64544008,Gingivectomy or gingivoplasty  per tooth (procedure),Medicare,Government,"$66,735,048","$66,735,048",$0,0.0%,"136,490"
104091002,Hemogram  automated  with RBC  WBC  Hgb  Hct  Indices  Platelet count  and manual WBC differential,Medicaid,Government,"$210,801,301","$210,801,301",$0,0.0%,"115,230"
386516004,Anticipatory guidance (procedure),Aetna,Commercial,"$1,112","$1,112",$0,0.0%,"20,518"
430193006,Medication Reconciliation (procedure),NO_INSURANCE,Self-Pay / Uninsured,"$134,044,906","$134,044,906",$0,0.0%,"285,205"
81733005,Dental surgical procedure (procedure),Medicaid,Government,"$65,713,027","$65,713,027",$0,0.0%,"139,234"
866148006,Screening for domestic abuse (procedure),Humana,Commercial,"$47,372","$47,372",$0,0.0%,"150,915"
76601001,Intramuscular injection,UnitedHealthcare,Commercial,"$127,198,421","$127,198,421",$0,0.0%,"50,591"
371883000,Outpatient procedure,UnitedHealthcare,Commercial,"$5,522,624","$5,522,624",$0,0.0%,"46,426"
91251008,Physical therapy procedure (regime/therapy),Anthem,Commercial,"$4,589,306","$4,589,306",$0,0.0%,"3,499"
3802001,Dental application of desensitizing medicament (procedure),UnitedHealthcare,Commercial,"$14,425,889","$14,425,889",$0,0.0%,"27,954"
29303009,Electrocardiographic procedure (procedure),Medicare,Government,"$64,820,124","$64,820,124",$0,0.0%,"30,955"
440546007,Discussion about pregnancy (procedure),Blue Cross Blue Shield,Commercial,"$906,073","$906,073",$0,0.0%,"1,803"
748856,(no description on file),Medicare,Government,"$2,412,959","$2,412,959",$0,0.0%,"2,738"
979485,(no description on file),Cigna Health,Commercial,"$21,660","$21,660",$0,0.0%,"4,118"
29303009,Electrocardiographic procedure (procedure),Medicaid,Government,"$20,641,386","$20,641,386",$0,0.0%,"9,420"
70536003,Transplant of kidney (procedure),Medicare,Government,"$2,984,037","$2,984,037",$0,0.0%,"6,106"
703423002,Combined chemotherapy and radiation therapy (procedure),Blue Cross Blue Shield,Commercial,"$49,734,586","$49,734,586",$0,0.0%,"1,365"
748856,(no description on file),UnitedHealthcare,Commercial,"$2,635,351","$2,635,351",$0,0.0%,"2,956"
1719286,(no description on file),Aetna,Commercial,$162,$162,$0,0.0%,"1,494"
9564003,Complete blood count with white cell differential  automated (procedure),Dual Eligible,Government,"$550,207","$550,207",$0,0.0%,"1,208"
433236007,Transthoracic echocardiography (procedure),NO_INSURANCE,Self-Pay / Uninsured,"$783,983","$783,983",$0,0.0%,"1,587"
2123111,(no description on file),Medicare,Government,"$45,159,267","$45,159,267",$0,0.0%,"30,148"
1259293006,Application of composite dental filling material to dentin of tooth following fracture of tooth (procedure),Humana,Commercial,"$14,811,367","$14,811,367",$0,0.0%,"29,364"
32485007,Hospital admission (procedure),Medicare,Government,"$2,939,423","$2,939,423",$0,0.0%,"24,535"
113,(no description on file),UnitedHealthcare,Commercial,"$3,268,216","$3,268,216",$0,0.0%,"24,031"
410401003,Nursing care/supplementary surveillance (regime/therapy),Blue Cross Blue Shield,Commercial,"$36,909,433","$36,909,433",$0,0.0%,"3,912"
58000006,Patient discharge (procedure),Medicaid,Government,"$3,848,745","$3,848,745",$0,0.0%,"8,324"
252160004,Standard pregnancy test,Anthem,Commercial,"$133,060,543","$133,060,543",$0,0.0%,"26,758"
269911007,Sputum examination (procedure),Medicaid,Government,"$83,185,136","$83,185,136",$0,0.0%,"15,115"
1049625,(no description on file),Blue Cross Blue Shield,Commercial,"$4,512,938","$4,512,938",$0,0.0%,"17,497"
33367005,Angiography of coronary artery (procedure),Anthem,Commercial,"$1,536,762","$1,536,762",$0,0.0%,"3,168"
748856,(no description on file),Cigna Health,Commercial,"$3,868,858","$3,868,858",$0,0.0%,"4,304"
14768001,Peripheral blood smear interpretation,Medicaid,Government,"$8,144,378","$8,144,378",$0,0.0%,"17,558"
417511005,Referral to home health care service (procedure),Dual Eligible,Government,"$1,166,394","$1,166,394",$0,0.0%,"2,563"
705129,(no description on file),Cigna Health,Commercial,"$512,870","$512,870",$0,0.0%,"2,794"
410410006,Screening surveillance (regime/therapy),NO_INSURANCE,Self-Pay / Uninsured,"$103,646","$103,646",$0,0.0%,896
63697000,Cardiopulmonary bypass operation (procedure),Anthem,Commercial,"$317,380","$317,380",$0,0.0%,652
313191000,Injection of epinephrine (procedure),NO_INSURANCE,Self-Pay / Uninsured,"$1,374,193","$1,374,193",$0,0.0%,571
234745004,Take oral or dental impression (procedure),Humana,Commercial,"$3,604,862","$3,604,862",$0,0.0%,"7,141"
430701006,Resuscitation using intravenous fluid (procedure),NO_INSURANCE,Self-Pay / Uninsured,"$351,608","$351,608",$0,0.0%,408
71493000,Transfusion of packed red blood cells (procedure),Aetna,Commercial,"$1,517,647","$1,517,647",$0,0.0%,"1,052"
170837001,Allergic disorder initial assessment,Blue Cross Blue Shield,Commercial,"$121,529","$121,529",$0,0.0%,"1,026"
772071006,Referral to dentist (procedure),Medicare,Government,"$571,086","$571,086",$0,0.0%,"1,162"
63697000,Cardiopulmonary bypass operation (procedure),Medicaid,Government,"$875,822","$875,822",$0,0.0%,"1,923"
305432006,Admission to surgical transplant department (procedure),Humana,Commercial,"$115,150","$115,150",$0,0.0%,890
19490002,Ankle X-ray,UnitedHealthcare,Commercial,"$276,959","$276,959",$0,0.0%,557
15081005,Pulmonary rehabilitation (regime/therapy),UnitedHealthcare,Commercial,"$299,760","$299,760",$0,0.0%,134
709138001,Notification of treatment plan (procedure),Humana,Commercial,"$672,257","$672,257",$0,0.0%,"1,332"
313191000,Injection of epinephrine (procedure),Anthem,Commercial,"$1,218,737","$1,218,737",$0,0.0%,499
79345008,Excision of maxillary torus palatinus (procedure),Humana,Commercial,"$395,844","$395,844",$0,0.0%,785
617311,(no description on file),Medicare,Government,"$218,975","$218,975",$0,0.0%,848
37542007,Posttreatment stabilization  orthodontic device (procedure),Medicaid,Government,"$238,337","$238,337",$0,0.0%,516
2284960,(no description on file),Medicare,Government,"$2,798","$2,798",$0,0.0%,375
449214001,Transfer to stepdown unit (procedure),Anthem,Commercial,"$410,882","$410,882",$0,0.0%,569
180178009,Continuous subcutaneous infusion of insulin (procedure),NO_INSURANCE,Self-Pay / Uninsured,"$99,514","$99,514",$0,0.0%,205
306706006,Discharge to ward (procedure),UnitedHealthcare,Commercial,"$323,087","$323,087",$0,0.0%,647
1014676,(no description on file),Cigna Health,Commercial,"$182,327","$182,327",$0,0.0%,323
1657981,(no description on file),Medicare,Government,"$33,708","$33,708",$0,0.0%,100
42825003,Cannulation (procedure),Blue Cross Blue Shield,Commercial,"$246,399","$246,399",$0,0.0%,488
26604007,Complete blood count (procedure),Dual Eligible,Government,"$150,280","$150,280",$0,0.0%,328
70536003,Transplant of kidney (procedure),UnitedHealthcare,Commercial,"$219,459","$219,459",$0,0.0%,440
183976008,Operative procedure planned (situation),Anthem,Commercial,"$40,536","$40,536",$0,0.0%,86
429609002,Lung volume reduction surgery (procedure),Dual Eligible,Government,"$6,714,795","$6,714,795",$0,0.0%,236
61594008,Microbial culture (procedure),Medicare,Government,"$151,942","$151,942",$0,0.0%,310
608139,(no description on file),UnitedHealthcare,Commercial,"$17,439","$17,439",$0,0.0%,137
1790099,(no description on file),Aetna,Commercial,$728,$728,$0,0.0%,237
808917,(no description on file),Dual Eligible,Government,"$6,754","$6,754",$0,0.0%,30
444260001,20 Gene mutation test,Medicaid,Government,"$3,311","$3,311",$0,0.0%,7
312615,(no description on file),Humana,Commercial,$119,$119,$0,0.0%,9
79094001,Initial Psychiatric Interview with mental status evaluation,Dual Eligible,Government,"$2,928","$2,928",$0,0.0%,24
1359269,(no description on file),Aetna,Commercial,"$59,213","$59,213",$0,0.0%,224
306237005,Referral to palliative care service (procedure),Medicare,Government,"$26,373","$26,373",$0,0.0%,55
476556,(no description on file),NO_INSURANCE,Self-Pay / Uninsured,"$91,980","$91,980",$0,0.0%,348
198014,(no description on file),Humana,Commercial,"$63,903","$63,903",$0,0.0%,266
133900002,Intraoperative care (regime/therapy),Cigna Health,Commercial,"$30,791","$30,791",$0,0.0%,64
727711,(no description on file),UnitedHealthcare,Commercial,"$5,702","$5,702",$0,0.0%,36
1648756,(no description on file),Aetna,Commercial,"$38,049","$38,049",$0,0.0%,151
197381,(no description on file),UnitedHealthcare,Commercial,"$4,199","$4,199",$0,0.0%,17
1860480,(no description on file),Humana,Commercial,"$3,878","$3,878",$0,0.0%,124
709506004,Assessment of readiness for disclosure of health status (procedure),NO_INSURANCE,Self-Pay / Uninsured,"$17,310","$17,310",$0,0.0%,37
1723208,(no description on file),NO_INSURANCE,Self-Pay / Uninsured,$576,$576,$0,0.0%,200
1946840,(no description on file),UnitedHealthcare,Commercial,"$3,118","$3,118",$0,0.0%,14
311353,(no description on file),Medicare,Government,"$41,946","$41,946",$0,0.0%,163
727711,(no description on file),Cigna Health,Commercial,"$14,422","$14,422",$0,0.0%,88
309078,(no description on file),Dual Eligible,Government,"$3,717","$3,717",$0,0.0%,17
37729005,Patient transfer  in-hospital (procedure),Cigna Health,Commercial,"$30,791","$30,791",$0,0.0%,64
308971,(no description on file),Blue Cross Blue Shield,Commercial,"$138,413","$138,413",$0,0.0%,119
351875,(no description on file),Medicaid,Government,"$1,081","$1,081",$0,0.0%,5
305433001,Admission to trauma surgery department,NO_INSURANCE,Self-Pay / Uninsured,"$36,759","$36,759",$0,0.0%,75
308971,(no description on file),Anthem,Commercial,"$116,174","$116,174",$0,0.0%,112
312853008,Medical records review (procedure),NO_INSURANCE,Self-Pay / Uninsured,"$31,225","$31,225",$0,0.0%,65
856448,(no description on file),Medicare,Government,"$9,739","$9,739",$0,0.0%,38
387713003,Surgical procedure (procedure),Dual Eligible,Government,"$1,887","$1,887",$0,0.0%,16
2284960,(no description on file),NO_INSURANCE,Self-Pay / Uninsured,$626,$626,$0,0.0%,90
746811,(no description on file),Medicare,Government,"$16,721","$16,721",$0,0.0%,71
198767,(no description on file),UnitedHealthcare,Commercial,"$4,459","$4,459",$0,0.0%,15
452331000124102,Review of imaging finding (procedure),Blue Cross Blue Shield,Commercial,"$11,588","$11,588",$0,0.0%,23
199224,(no description on file),Anthem,Commercial,"$6,870","$6,870",$0,0.0%,17
312938,(no description on file),Blue Cross Blue Shield,Commercial,$22,$22,$0,0.0%,12
241615005,Magnetic resonance imaging of breast (procedure),UnitedHealthcare,Commercial,"$44,379","$44,379",$0,0.0%,30
171126009,Tuberculosis screening (procedure),UnitedHealthcare,Commercial,"$12,667","$12,667",$0,0.0%,28
1791701,(no description on file),Anthem,Commercial,$11,$11,$0,0.0%,20
898346,(no description on file),Medicare,Government,"$5,914","$5,914",$0,0.0%,24
24832002,Closed reduction of mandibular fracture (procedure),Dual Eligible,Government,"$32,679","$32,679",$0,0.0%,73
200285,(no description on file),Medicaid,Government,$975,$975,$0,0.0%,4
384682003,Multidisciplinary care conference (procedure),NO_INSURANCE,Self-Pay / Uninsured,"$5,702","$5,702",$0,0.0%,11
384692006,Intracavitary brachytherapy (procedure),Blue Cross Blue Shield,Commercial,"$161,555","$161,555",$0,0.0%,9
112001000119100,positive screening for depression on phq9,Dual Eligible,Government,"$3,333","$3,333",$0,0.0%,7
596926,(no description on file),Aetna,Commercial,$106,$106,$0,0.0%,3
183801001,Inpatient stay 3 days,Medicare,Government,"$1,128","$1,128",$0,0.0%,9
1658084,(no description on file),Dual Eligible,Government,"$13,845","$13,845",$0,0.0%,5
213432,(no description on file),Medicare,Government,$819,$819,$0,0.0%,3
303653007,Computed tomography of head (procedure),UnitedHealthcare,Commercial,"$2,062","$2,062",$0,0.0%,4
385488000,Surgical procedure on chest wall (procedure),Dual Eligible,Government,$816,$816,$0,0.0%,2
861650,(no description on file),Anthem,Commercial,$558,$558,$0,0.0%,2
200094,(no description on file),Blue Cross Blue Shield,Commercial,$551,$551,$0,0.0%,2
205304,(no description on file),Blue Cross Blue Shield,Commercial,$261,$261,$0,0.0%,1
4525004,Emergency department patient visit (procedure),Blue Cross Blue Shield,Commercial,$109,$109,$0,0.0%,1
898723,(no description on file),Aetna,Commercial,$308,$308,$0,0.0%,1
180030006,Amputation of right foot,UnitedHealthcare,Commercial,"$16,056","$16,056",$0,0.0%,1
213432,(no description on file),Anthem,Commercial,$233,$233,$0,0.0%,1
212390,(no description on file),Anthem,Commercial,$283,$283,$0,0.0%,1
898350,(no description on file),NO_INSURANCE,Self-Pay / Uninsured,$209,$209,$0,0.0%,1
898356,(no description on file),Medicaid,Government,$209,$209,$0,0.0%,1
204844,(no description on file),Medicaid,Government,$233,$233,$0,0.0%,1
50849002,Emergency room admission (procedure),Cigna Health,Commercial,"$6,820,282","$6,820,282",$0,0.0%,"57,004"
762993000,Assessment using Morse Fall Scale (procedure),Dual Eligible,Government,"$268,594","$268,594",$0,0.0%,"385,830"
860975,(no description on file),Dual Eligible,Government,"$964,651","$964,651",$0,0.0%,"143,947"
52052004,Rehabilitation therapy (regime/therapy),Aetna,Commercial,"$50,318,825","$50,318,825",$0,0.0%,"104,804"
3802001,Dental application of desensitizing medicament (procedure),NO_INSURANCE,Self-Pay / Uninsured,"$20,158,332","$20,158,332",$0,0.0%,"40,264"
162673000,General examination of patient (procedure),Medicare,Government,"$112,293,231","$112,293,231",$0,0.0%,"866,340"
314076,(no description on file),Dual Eligible,Government,"$751,737","$751,737",$0,0.0%,"476,202"
979464,(no description on file),Medicare,Government,"$13,887","$13,887",$0,0.0%,54
182813001,Emergency treatment (procedure),Dual Eligible,Government,"$397,911","$397,911",$0,0.0%,"3,300"
702927004,Urgent care clinic (environment),Medicaid,Government,"$30,471,205","$30,471,205",$0,0.0%,"254,001"
449381000124108,Discharge from skilled nursing facility (procedure),Dual Eligible,Government,"$3,880,928","$3,880,928",$0,0.0%,"8,670"
1260009003,Removal of supragingival plaque and calculus from all teeth using dental instrument (procedure),Dual Eligible,Government,"$149,964,245","$149,964,245",$0,0.0%,"330,984"
58000006,Patient discharge (procedure),Anthem,Commercial,"$892,227","$892,227",$0,0.0%,"1,824"
314076,(no description on file),Cigna Health,Commercial,"$357,083","$357,083",$0,0.0%,"194,850"
1260009003,Removal of supragingival plaque and calculus from all teeth using dental instrument (procedure),UnitedHealthcare,Commercial,"$80,471,156","$80,471,156",$0,0.0%,"160,169"
698314001,Consultation for treatment,UnitedHealthcare,Commercial,"$5,019,138","$5,019,138",$0,0.0%,"42,531"
1043400,(no description on file),Aetna,Commercial,"$1,340,273","$1,340,273",$0,0.0%,"6,151"
351137,(no description on file),Medicare,Government,"$3,769,966","$3,769,966",$0,0.0%,"14,464"
66348005,Childbirth,UnitedHealthcare,Commercial,"$4,687,003","$4,687,003",$0,0.0%,"9,232"
305351004,Admission to intensive care unit (procedure),Dual Eligible,Government,"$16,472,268","$16,472,268",$0,0.0%,"3,471"
47758006,Hepatitis B Surface Antigen Measurement,Blue Cross Blue Shield,Commercial,"$25,471,122","$25,471,122",$0,0.0%,"12,956"
749762,(no description on file),Medicare,Government,"$2,387,277","$2,387,277",$0,0.0%,"2,669"
91251008,Physical therapy procedure (regime/therapy),Medicaid,Government,"$15,017,764","$15,017,764",$0,0.0%,"12,898"
384700001,Injection of tetanus antitoxin,NO_INSURANCE,Self-Pay / Uninsured,"$2,756,695","$2,756,695",$0,0.0%,"1,168"
198405,(no description on file),Anthem,Commercial,"$1,110,769","$1,110,769",$0,0.0%,"5,078"
562251,(no description on file),Humana,Commercial,"$6,791,567","$6,791,567",$0,0.0%,"13,737"
52,(no description on file),Humana,Commercial,"$2,507,024","$2,507,024",$0,0.0%,"18,434"
1535362,(no description on file),Anthem,Commercial,"$31,648,756","$31,648,756",$0,0.0%,"120,178"
81733005,Dental surgical procedure (procedure),NO_INSURANCE,Self-Pay / Uninsured,"$20,869,310","$20,869,310",$0,0.0%,"41,731"
1808217,(no description on file),Medicare,Government,"$2,074","$2,074",$0,0.0%,"7,731"
261352009,Face mask (physical object),Medicaid,Government,"$66,258","$66,258",$0,0.0%,"31,570"
288086009,Suture open wound,Cigna Health,Commercial,"$63,199,407","$63,199,407",$0,0.0%,"7,306"
616830,(no description on file),Medicare,Government,"$3,005,155","$3,005,155",$0,0.0%,"11,557"
183452005,Emergency hospital admission (procedure),Dual Eligible,Government,"$124,049","$124,049",$0,0.0%,"1,722"
386053000,Evaluation procedure (procedure),Aetna,Commercial,"$2,493,659","$2,493,659",$0,0.0%,"5,126"
385763009,Hospice care (regime/therapy),Medicaid,Government,"$23,447,589","$23,447,589",$0,0.0%,"2,468"
141962,(no description on file),Medicaid,Government,"$74,552","$74,552",$0,0.0%,311
243670,(no description on file),Aetna,Commercial,"$100,707","$100,707",$0,0.0%,507
58000006,Patient discharge (procedure),Humana,Commercial,"$1,240,562","$1,240,562",$0,0.0%,"2,461"
60027007,Radiography of wrist (procedure),Anthem,Commercial,"$321,417","$321,417",$0,0.0%,679
308646001,Death Certification,Medicaid,Government,"$441,503","$441,503",$0,0.0%,"3,636"
897685,(no description on file),Blue Cross Blue Shield,Commercial,"$152,919","$152,919",$0,0.0%,576
268556000,Urine screening for glucose,Blue Cross Blue Shield,Commercial,"$24,562,399","$24,562,399",$0,0.0%,"12,410"
242969,(no description on file),Medicaid,Government,"$7,135","$7,135",$0,0.0%,"2,723"
857005,(no description on file),Blue Cross Blue Shield,Commercial,"$17,481","$17,481",$0,0.0%,778
309362,(no description on file),Aetna,Commercial,"$2,264,163","$2,264,163",$0,0.0%,"2,901"
133899007,Postoperative care (regime/therapy),Anthem,Commercial,"$1,548,546","$1,548,546",$0,0.0%,"3,032"
274031008,Rectal polypectomy,Medicare,Government,"$144,641,970","$144,641,970",$0,0.0%,"15,045"
441550005,Urinalysis with reflex to microscopy and culture (procedure),Medicare,Government,"$7,080,842","$7,080,842",$0,0.0%,"11,168"
290045001,Kitchen practice,Blue Cross Blue Shield,Commercial,"$963,335","$963,335",$0,0.0%,"1,938"
170837001,Allergic disorder initial assessment,NO_INSURANCE,Self-Pay / Uninsured,"$127,922","$127,922",$0,0.0%,"1,085"
33,(no description on file),Medicaid,Government,"$230,384","$230,384",$0,0.0%,"1,694"
855812,(no description on file),Anthem,Commercial,"$131,182","$131,182",$0,0.0%,499
371908008,Oxygen administration by mask (procedure),Aetna,Commercial,"$11,077,266","$11,077,266",$0,0.0%,"2,657"
865098,(no description on file),Blue Cross Blue Shield,Commercial,"$297,714","$297,714",$0,0.0%,378
1999667,(no description on file),Humana,Commercial,"$64,702","$64,702",$0,0.0%,257
1807513,(no description on file),Blue Cross Blue Shield,Commercial,"$3,225","$3,225",$0,0.0%,488
2047241,(no description on file),Medicaid,Government,"$26,236","$26,236",$0,0.0%,362
1860154,(no description on file),Medicare,Government,"$300,614","$300,614",$0,0.0%,"2,071"
65677008,Pulmonary catheterization with Swan-Ganz catheter (procedure),UnitedHealthcare,Commercial,"$314,754","$314,754",$0,0.0%,630
857005,(no description on file),UnitedHealthcare,Commercial,"$16,800","$16,800",$0,0.0%,727
385763009,Hospice care (regime/therapy),UnitedHealthcare,Commercial,"$2,962,829","$2,962,829",$0,0.0%,280
2563431,(no description on file),UnitedHealthcare,Commercial,"$62,040","$62,040",$0,0.0%,243
562366,(no description on file),Aetna,Commercial,$65,$65,$0,0.0%,186
42825003,Cannulation (procedure),Cigna Health,Commercial,"$356,849","$356,849",$0,0.0%,745
311354,(no description on file),Medicare,Government,"$74,969","$74,969",$0,0.0%,288
1306292,(no description on file),Humana,Commercial,"$120,431","$120,431",$0,0.0%,446
108290001,Radiation oncology AND/OR radiotherapy (procedure),Cigna Health,Commercial,"$30,772,207","$30,772,207",$0,0.0%,314
1734919,(no description on file),Aetna,Commercial,"$72,769","$72,769",$0,0.0%,155
34896006,Incision (procedure),Blue Cross Blue Shield,Commercial,"$17,556","$17,556",$0,0.0%,35
859424,(no description on file),Medicare,Government,"$25,664","$25,664",$0,0.0%,94
1728805,(no description on file),UnitedHealthcare,Commercial,"$46,564","$46,564",$0,0.0%,187
312853008,Medical records review (procedure),UnitedHealthcare,Commercial,"$21,059","$21,059",$0,0.0%,43
827075,(no description on file),Medicare,Government,"$5,076","$5,076",$0,0.0%,20
452331000124102,Review of imaging finding (procedure),Medicaid,Government,"$99,721","$99,721",$0,0.0%,221
252480006,Simple walk test (procedure),Dual Eligible,Government,"$170,204","$170,204",$0,0.0%,376
1367439,(no description on file),Dual Eligible,Government,"$453,758","$453,758",$0,0.0%,531
1729584,(no description on file),Anthem,Commercial,"$50,343","$50,343",$0,0.0%,455
896023,(no description on file),UnitedHealthcare,Commercial,"$11,137","$11,137",$0,0.0%,50
60151004,Neonatal Screening,Medicaid,Government,"$2,471","$2,471",$0,0.0%,5
223484005,Discussion about treatment (procedure),Cigna Health,Commercial,"$50,129","$50,129",$0,0.0%,498
104173009,Sputum Culture,Medicaid,Government,"$29,897","$29,897",$0,0.0%,62
268425006,Pelvis X-ray,Anthem,Commercial,"$94,360","$94,360",$0,0.0%,200
232717009,Coronary artery bypass grafting (procedure),Humana,Commercial,"$31,882,731","$31,882,731",$0,0.0%,756
859751,(no description on file),Medicaid,Government,"$15,295","$15,295",$0,0.0%,67
2047241,(no description on file),UnitedHealthcare,Commercial,"$7,795","$7,795",$0,0.0%,107
1359269,(no description on file),Blue Cross Blue Shield,Commercial,"$29,172","$29,172",$0,0.0%,118
418891003,Computed tomography of chest and abdomen,Cigna Health,Commercial,"$976,681","$976,681",$0,0.0%,109
268400002,12 lead electrocardiogram (procedure),NO_INSURANCE,Self-Pay / Uninsured,"$10,424","$10,424",$0,0.0%,16
182777000,Monitoring of patient (regime/therapy),NO_INSURANCE,Self-Pay / Uninsured,"$100,077","$100,077",$0,0.0%,208
997488,(no description on file),Dual Eligible,Government,"$29,816","$29,816",$0,0.0%,54
904467,(no description on file),Dual Eligible,Government,"$11,423","$11,423",$0,0.0%,49
234262008,Excision of axillary lymph node (procedure),Aetna,Commercial,"$63,680","$63,680",$0,0.0%,50
197904,(no description on file),Anthem,Commercial,"$4,551","$4,551",$0,0.0%,16
308251003,Admission to clinical oncology department (procedure),Medicaid,Government,"$10,312","$10,312",$0,0.0%,83
33633005,Prescription of drug (procedure),UnitedHealthcare,Commercial,"$38,076","$38,076",$0,0.0%,77
410410006,Screening surveillance (regime/therapy),Blue Cross Blue Shield,Commercial,"$10,700","$10,700",$0,0.0%,88
200349,(no description on file),Cigna Health,Commercial,"$9,520","$9,520",$0,0.0%,36
413107006,Hepatitis C screening (procedure),UnitedHealthcare,Commercial,"$12,667","$12,667",$0,0.0%,28
242754,(no description on file),Cigna Health,Commercial,"$5,927","$5,927",$0,0.0%,22
856535,(no description on file),Medicaid,Government,"$2,069","$2,069",$0,0.0%,9
859419,(no description on file),UnitedHealthcare,Commercial,"$1,471","$1,471",$0,0.0%,6
999998,(no description on file),Blue Cross Blue Shield,Commercial,"$4,263","$4,263",$0,0.0%,14
999998,(no description on file),UnitedHealthcare,Commercial,"$7,438","$7,438",$0,0.0%,30
9002005,Manual testing of muscle function (procedure),NO_INSURANCE,Self-Pay / Uninsured,"$2,521","$2,521",$0,0.0%,5
966529,(no description on file),Blue Cross Blue Shield,Commercial,"$17,100","$17,100",$0,0.0%,61
858804,(no description on file),Dual Eligible,Government,"$2,520","$2,520",$0,0.0%,11
76464004,Hospital admission  for observation (procedure),Dual Eligible,Government,"$12,513","$12,513",$0,0.0%,102
979471,(no description on file),NO_INSURANCE,Self-Pay / Uninsured,"$2,237","$2,237",$0,0.0%,8
1737449,(no description on file),Dual Eligible,Government,$23,$23,$0,0.0%,9
856457,(no description on file),NO_INSURANCE,Self-Pay / Uninsured,"$2,604","$2,604",$0,0.0%,10
232967006,Implantation of left ventricular assist device (procedure),Dual Eligible,Government,"$5,360","$5,360",$0,0.0%,12
200096,(no description on file),Humana,Commercial,"$2,667","$2,667",$0,0.0%,10
241645008,Magnetic resonance imaging of spine (procedure),Medicaid,Government,"$4,299","$4,299",$0,0.0%,9
773996000,Transcatheter aortic valve implantation (procedure),Medicaid,Government,"$2,617","$2,617",$0,0.0%,5
864706,(no description on file),Humana,Commercial,$769,$769,$0,0.0%,3
1114085,(no description on file),NO_INSURANCE,Self-Pay / Uninsured,$16,$16,$0,0.0%,2
166001,Behavioral therapy (regime/therapy),Humana,Commercial,"$1,468","$1,468",$0,0.0%,3
898350,(no description on file),Blue Cross Blue Shield,Commercial,$492,$492,$0,0.0%,2
861654,(no description on file),Anthem,Commercial,$485,$485,$0,0.0%,2
52734007,Total replacement of hip,UnitedHealthcare,Commercial,"$50,622","$50,622",$0,0.0%,2
617314,(no description on file),Anthem,Commercial,$250,$250,$0,0.0%,1
200345,(no description on file),Anthem,Commercial,$366,$366,$0,0.0%,1
885219,(no description on file),Anthem,Commercial,$276,$276,$0,0.0%,1
751620,(no description on file),Cigna Health,Commercial,$366,$366,$0,0.0%,1
898372,(no description on file),UnitedHealthcare,Commercial,$283,$283,$0,0.0%,1
1940648,(no description on file),Humana,Commercial,$105,$105,$0,0.0%,1
861654,(no description on file),Blue Cross Blue Shield,Commercial,$209,$209,$0,0.0%,1
410620009,Well child visit (procedure),Cigna Health,Commercial,"$17,494,143","$17,494,143",$0,0.0%,"136,768"
225158009,Auscultation of the fetal heart,Anthem,Commercial,"$602,520,024","$602,520,024",$0,0.0%,"122,148"
849574,(no description on file),UnitedHealthcare,Commercial,"$1,263,974","$1,263,974",$0,0.0%,"5,369"
860975,(no description on file),Medicaid,Government,"$566,594","$566,594",$0,0.0%,"83,572"
1535362,(no description on file),Aetna,Commercial,"$33,325,550","$33,325,550",$0,0.0%,"127,284"
1260010008,Removal of subgingival plaque and calculus from all teeth using dental instrument (procedure),Aetna,Commercial,"$123,485,419","$123,485,419",$0,0.0%,"254,454"
225158009,Auscultation of the fetal heart,Dual Eligible,Government,"$176,907,435","$176,907,435",$0,0.0%,"37,337"
225386006,Pre-discharge assessment (procedure),Humana,Commercial,"$3,250,860","$3,250,860",$0,0.0%,"6,439"
185317003,Telephone encounter (procedure),Dual Eligible,Government,"$90,829","$90,829",$0,0.0%,"1,211"
308136,(no description on file),Cigna Health,Commercial,"$352,569","$352,569",$0,0.0%,"169,133"
430193006,Medication Reconciliation (procedure),Blue Cross Blue Shield,Commercial,"$104,035,652","$104,035,652",$0,0.0%,"212,875"
245314,(no description on file),Dual Eligible,Government,"$3,195,221","$3,195,221",$0,0.0%,"38,542"
313820,(no description on file),Medicaid,Government,"$3,607,186","$3,607,186",$0,0.0%,"28,958"
52052004,Rehabilitation therapy (regime/therapy),Dual Eligible,Government,"$80,850,346","$80,850,346",$0,0.0%,"182,058"
834102,(no description on file),Blue Cross Blue Shield,Commercial,"$462,401","$462,401",$0,0.0%,"2,253"
205923,(no description on file),Humana,Commercial,"$21,137,564","$21,137,564",$0,0.0%,"360,092"
711446003,Transplantation of kidney regime (regime/therapy),Anthem,Commercial,"$3,185,258","$3,185,258",$0,0.0%,"4,027"
52052004,Rehabilitation therapy (regime/therapy),Cigna Health,Commercial,"$52,114,146","$52,114,146",$0,0.0%,"108,320"
896001,(no description on file),Dual Eligible,Government,"$2,098,407","$2,098,407",$0,0.0%,"9,179"
856987,(no description on file),Cigna Health,Commercial,"$1,765,136","$1,765,136",$0,0.0%,"32,228"
897685,(no description on file),Humana,Commercial,"$362,617","$362,617",$0,0.0%,"1,378"
703423002,Combined chemotherapy and radiation therapy (procedure),Humana,Commercial,"$76,657,146","$76,657,146",$0,0.0%,"2,356"
349094,(no description on file),Anthem,Commercial,"$1,514,184","$1,514,184",$0,0.0%,"5,682"
85548006,Episiotomy,Cigna Health,Commercial,"$15,522,473","$15,522,473",$0,0.0%,"3,050"
183495009,Non-urgent orthopedic admission,Humana,Commercial,"$152,398","$152,398",$0,0.0%,"1,163"
310965,(no description on file),Aetna,Commercial,"$1,800,430","$1,800,430",$0,0.0%,"7,313"
397821002,Patient transfer to intensive care unit (procedure),Cigna Health,Commercial,"$139,701","$139,701",$0,0.0%,"1,159"
245314,(no description on file),Anthem,Commercial,"$130,789","$130,789",$0,0.0%,"2,119"
269828009,Syphilis infectious titer test (procedure),Medicare,Government,"$21,144,617","$21,144,617",$0,0.0%,"11,029"
23426006,Measurement of respiratory function (procedure),Humana,Commercial,"$5,324,532","$5,324,532",$0,0.0%,"14,815"
234745004,Take oral or dental impression (procedure),Medicare,Government,"$17,484,426","$17,484,426",$0,0.0%,"35,789"
14768001,Peripheral blood smear interpretation,Anthem,Commercial,"$3,170,365","$3,170,365",$0,0.0%,"6,469"
399014008,Administration of diphtheria  pertussis  and tetanus vaccine,Anthem,Commercial,"$30,795,891","$30,795,891",$0,0.0%,"12,857"
119,(no description on file),UnitedHealthcare,Commercial,"$1,644,104","$1,644,104",$0,0.0%,"12,089"
51116004,Passive immunization (procedure),Humana,Commercial,"$22,125,535","$22,125,535",$0,0.0%,"8,710"
711446003,Transplantation of kidney regime (regime/therapy),Dual Eligible,Government,"$8,881,456","$8,881,456",$0,0.0%,"11,665"
61746007,Taking patient vital signs (procedure),Aetna,Commercial,"$883,118","$883,118",$0,0.0%,"1,824"
306316000,Referral to transplant surgeon (procedure),Medicaid,Government,"$1,265,899","$1,265,899",$0,0.0%,"2,772"
431182000,Placing subject in prone position (procedure),Aetna,Commercial,"$10,511,964","$10,511,964",$0,0.0%,"1,981"
705129,(no description on file),Dual Eligible,Government,"$906,437","$906,437",$0,0.0%,"5,356"
1014676,(no description on file),Humana,Commercial,"$267,124","$267,124",$0,0.0%,473
185087000,Notifications (procedure),Anthem,Commercial,"$220,669","$220,669",$0,0.0%,459
40701008,Echocardiography (procedure),Humana,Commercial,"$1,825,532","$1,825,532",$0,0.0%,"1,916"
84100007,History taking (procedure),Aetna,Commercial,"$3,377,681","$3,377,681",$0,0.0%,"6,952"
29303009,Electrocardiographic procedure (procedure),Aetna,Commercial,"$8,501,809","$8,501,809",$0,0.0%,"3,475"
752899,(no description on file),NO_INSURANCE,Self-Pay / Uninsured,"$82,618","$82,618",$0,0.0%,128
855812,(no description on file),Aetna,Commercial,"$136,555","$136,555",$0,0.0%,542
308646001,Death Certification,Blue Cross Blue Shield,Commercial,"$76,790","$76,790",$0,0.0%,582
385763009,Hospice care (regime/therapy),Blue Cross Blue Shield,Commercial,"$3,570,620","$3,570,620",$0,0.0%,343
23426006,Measurement of respiratory function (procedure),NO_INSURANCE,Self-Pay / Uninsured,"$3,531,300","$3,531,300",$0,0.0%,"10,254"
210098006,Domiciliary or rest home patient evaluation and management,Anthem,Commercial,"$293,976","$293,976",$0,0.0%,"2,551"
1808217,(no description on file),Cigna Health,Commercial,$355,$355,$0,0.0%,"1,326"
713021002,Plain X-ray of pelvis (procedure),Medicare,Government,"$313,455","$313,455",$0,0.0%,591
312938,(no description on file),Medicare,Government,$464,$464,$0,0.0%,242
308182,(no description on file),Cigna Health,Commercial,"$154,806","$154,806",$0,0.0%,"1,416"
313191000,Injection of epinephrine (procedure),Dual Eligible,Government,"$1,224,301","$1,224,301",$0,0.0%,502
106258,(no description on file),UnitedHealthcare,Commercial,"$30,986","$30,986",$0,0.0%,154
408919008,Psychosocial care (regime/therapy),Aetna,Commercial,"$162,248","$162,248",$0,0.0%,333
71651007,Mammography (procedure),UnitedHealthcare,Commercial,"$9,213","$9,213",$0,0.0%,87
306206005,Referral to service (procedure),Aetna,Commercial,"$203,074","$203,074",$0,0.0%,424
1723208,(no description on file),Anthem,Commercial,$724,$724,$0,0.0%,243
225953001,Evaluating response to treatment (procedure),Anthem,Commercial,"$34,540","$34,540",$0,0.0%,71
699253003,Surgical manipulation of joint of knee,Humana,Commercial,"$17,784,255","$17,784,255",$0,0.0%,"1,047"
866436,(no description on file),Medicare,Government,"$122,649","$122,649",$0,0.0%,469
896019,(no description on file),Medicare,Government,"$77,574","$77,574",$0,0.0%,274
313191000,Injection of epinephrine (procedure),Aetna,Commercial,"$1,352,978","$1,352,978",$0,0.0%,580
183856001,Referral to hypertension clinic,Aetna,Commercial,"$183,039","$183,039",$0,0.0%,384
80146002,Appendectomy,Aetna,Commercial,"$6,570,858","$6,570,858",$0,0.0%,558
200033,(no description on file),Blue Cross Blue Shield,Commercial,"$62,901","$62,901",$0,0.0%,239
223487003,Discussion about options (procedure),Anthem,Commercial,"$135,423","$135,423",$0,0.0%,279
185316007,Indirect encounter (procedure),Aetna,Commercial,"$22,750","$22,750",$0,0.0%,182
197511,(no description on file),Dual Eligible,Government,"$48,603","$48,603",$0,0.0%,206
122548005,Biopsy of breast (procedure),Cigna Health,Commercial,"$1,114,255","$1,114,255",$0,0.0%,311
198031,(no description on file),Dual Eligible,Government,"$3,691","$3,691",$0,0.0%,60
303653007,Computed tomography of head (procedure),Dual Eligible,Government,"$24,626","$24,626",$0,0.0%,54
69031006,Excision of breast tissue (procedure),Humana,Commercial,"$411,971","$411,971",$0,0.0%,111
1437975,(no description on file),Medicaid,Government,"$5,926","$5,926",$0,0.0%,24
1116635,(no description on file),UnitedHealthcare,Commercial,"$32,425","$32,425",$0,0.0%,130
617296,(no description on file),Humana,Commercial,"$115,460","$115,460",$0,0.0%,455
287664005,Bilateral tubal ligation,Dual Eligible,Government,"$1,833,141","$1,833,141",$0,0.0%,274
200349,(no description on file),Medicare,Government,"$75,133","$75,133",$0,0.0%,287
597195,(no description on file),Medicare,Government,$209,$209,$0,0.0%,206
104308009,Serologic test for Toxoplasma gondii (procedure),Aetna,Commercial,"$21,857","$21,857",$0,0.0%,44
752899,(no description on file),Dual Eligible,Government,"$311,048","$311,048",$0,0.0%,550
1014678,(no description on file),Medicaid,Government,"$87,477","$87,477",$0,0.0%,170
1571000087109,Ultrasonography of bilateral breasts (procedure),Dual Eligible,Government,"$108,433","$108,433",$0,0.0%,282
866436,(no description on file),Medicaid,Government,"$33,083","$33,083",$0,0.0%,143
187,(no description on file),Aetna,Commercial,"$5,712","$5,712",$0,0.0%,42
1809104,(no description on file),Blue Cross Blue Shield,Commercial,$815,$815,$0,0.0%,159
45595009,Laparoscopic Removal of Gall Bladder,Humana,Commercial,"$396,654","$396,654",$0,0.0%,92
617312,(no description on file),Medicaid,Government,"$35,448","$35,448",$0,0.0%,161
177765008,Opening of chest (procedure),Dual Eligible,Government,"$6,514","$6,514",$0,0.0%,15
1433873,(no description on file),Humana,Commercial,"$69,924","$69,924",$0,0.0%,269
180207008,Intravenous blood transfusion of packed cells (procedure),Dual Eligible,Government,"$232,548","$232,548",$0,0.0%,113
167995008,Sputum microscopy (procedure),Medicaid,Government,"$395,538","$395,538",$0,0.0%,68
746815,(no description on file),Cigna Health,Commercial,"$19,326","$19,326",$0,0.0%,76
896006,(no description on file),Anthem,Commercial,"$40,200","$40,200",$0,0.0%,145
167252002,Urine pregnancy test (procedure),Blue Cross Blue Shield,Commercial,"$7,610","$7,610",$0,0.0%,16
452331000124102,Review of imaging finding (procedure),Anthem,Commercial,"$31,567","$31,567",$0,0.0%,69
746466,(no description on file),Aetna,Commercial,"$2,090","$2,090",$0,0.0%,10
243174005,Weaning from mechanically assisted ventilation (procedure),Medicare,Government,"$31,110","$31,110",$0,0.0%,55
200346,(no description on file),Medicaid,Government,"$16,747","$16,747",$0,0.0%,71
856457,(no description on file),Humana,Commercial,"$2,226","$2,226",$0,0.0%,9
197380,(no description on file),NO_INSURANCE,Self-Pay / Uninsured,"$7,845","$7,845",$0,0.0%,29
772071006,Referral to dentist (procedure),Blue Cross Blue Shield,Commercial,"$17,577","$17,577",$0,0.0%,35
38102005,Open Removal of Gall Bladder,Aetna,Commercial,"$222,887","$222,887",$0,0.0%,12
182836005,Review of medication (procedure),Medicaid,Government,"$16,722","$16,722",$0,0.0%,36
225297008,Care planning and problem solving actions (procedure),Anthem,Commercial,"$18,676","$18,676",$0,0.0%,37
252559,(no description on file),Dual Eligible,Government,"$6,164","$6,164",$0,0.0%,29
13569004,Transfusion of plasma (procedure),Humana,Commercial,"$31,549","$31,549",$0,0.0%,14
763228001,Assessment using Canadian Study of Health and Aging Clinical Frailty Scale (procedure),Blue Cross Blue Shield,Commercial,"$17,577","$17,577",$0,0.0%,35
349491,(no description on file),Dual Eligible,Government,"$4,300","$4,300",$0,0.0%,16
1804799,(no description on file),Blue Cross Blue Shield,Commercial,"$14,336,926","$14,336,926",$0,0.0%,78
198334,(no description on file),Medicaid,Government,"$4,028","$4,028",$0,0.0%,17
205305,(no description on file),Dual Eligible,Government,"$1,254","$1,254",$0,0.0%,6
52734007,Total replacement of hip,Humana,Commercial,"$206,642","$206,642",$0,0.0%,12
904481,(no description on file),Humana,Commercial,$957,$957,$0,0.0%,4
252895004,Urodynamic studies (procedure,Humana,Commercial,"$1,853","$1,853",$0,0.0%,4
854905,(no description on file),Anthem,Commercial,"$1,050","$1,050",$0,0.0%,4
854908,(no description on file),Cigna Health,Commercial,$559,$559,$0,0.0%,3
90407005,Evaluation of psychiatric state of patient,Blue Cross Blue Shield,Commercial,$263,$263,$0,0.0%,3
88848003,Psychiatric follow-up,Dual Eligible,Government,"$1,315","$1,315",$0,0.0%,7
854905,(no description on file),Cigna Health,Commercial,"$1,421","$1,421",$0,0.0%,6
84728005,Neurological examination (procedure),NO_INSURANCE,Self-Pay / Uninsured,"$1,936","$1,936",$0,0.0%,4
596926,(no description on file),Anthem,Commercial,$40,$40,$0,0.0%,2
88039007,Transplant of lung (procedure),UnitedHealthcare,Commercial,"$259,982","$259,982",$0,0.0%,3
385488000,Surgical procedure on chest wall (procedure),Aetna,Commercial,$964,$964,$0,0.0%,2
845488,(no description on file),Medicaid,Government,$260,$260,$0,0.0%,2
429609002,Lung volume reduction surgery (procedure),Blue Cross Blue Shield,Commercial,"$15,989","$15,989",$0,0.0%,1
349483,(no description on file),Humana,Commercial,$130,$130,$0,0.0%,1
60151004,Neonatal Screening,Anthem,Commercial,$496,$496,$0,0.0%,1
861356,(no description on file),NO_INSURANCE,Self-Pay / Uninsured,$308,$308,$0,0.0%,1
859749,(no description on file),UnitedHealthcare,Commercial,$283,$283,$0,0.0%,1
306237005,Referral to palliative care service (procedure),Blue Cross Blue Shield,Commercial,$601,$601,$0,0.0%,1
314076,(no description on file),Medicaid,Government,"$827,789","$827,789",$0,0.0%,"516,807"
76601001,Intramuscular injection,Humana,Commercial,"$255,913,385","$255,913,385",$0,0.0%,"101,163"
106892,(no description on file),Medicaid,Government,"$167,092,193","$167,092,193",$0,0.0%,"388,106"
630208,(no description on file),Medicare,Government,"$22,239,348","$22,239,348",$0,0.0%,"85,869"
1260010008,Removal of subgingival plaque and calculus from all teeth using dental instrument (procedure),Dual Eligible,Government,"$149,964,653","$149,964,653",$0,0.0%,"330,985"
583214,(no description on file),Dual Eligible,Government,"$191,251","$191,251",$0,0.0%,"61,296"
1719286,(no description on file),Dual Eligible,Government,"$2,627","$2,627",$0,0.0%,"27,191"
698314001,Consultation for treatment,Cigna Health,Commercial,"$7,453,190","$7,453,190",$0,0.0%,"64,914"
997501,(no description on file),NO_INSURANCE,Self-Pay / Uninsured,"$43,786","$43,786",$0,0.0%,65
31676001,Human immunodeficiency virus antigen test,Cigna Health,Commercial,"$32,683,833","$32,683,833",$0,0.0%,"17,216"
308335008,Patient encounter procedure,Medicare,Government,"$10,783,269","$10,783,269",$0,0.0%,"91,203"
866148006,Screening for domestic abuse (procedure),Dual Eligible,Government,"$8,959","$8,959",$0,0.0%,"220,304"
698314001,Consultation for treatment,Medicaid,Government,"$22,542,723","$22,542,723",$0,0.0%,"191,202"
73761001,Colonoscopy,Aetna,Commercial,"$204,358,872","$204,358,872",$0,0.0%,"18,582"
274474001,Bone immobilization,Medicaid,Government,"$6,706,193","$6,706,193",$0,0.0%,"14,463"
428211000124100,Assessment of substance use (procedure),Anthem,Commercial,"$1,220,006","$1,220,006",$0,0.0%,"269,658"
183519002,Referral to cardiology service (procedure),Medicaid,Government,"$5,270,315","$5,270,315",$0,0.0%,"11,615"
169230002,Ultrasound scan for fetal viability,Humana,Commercial,"$334,729,626","$334,729,626",$0,0.0%,"36,046"
269828009,Syphilis infectious titer test (procedure),Medicaid,Government,"$99,326,158","$99,326,158",$0,0.0%,"54,630"
386516004,Anticipatory guidance (procedure),Cigna Health,Commercial,$992,$992,$0,0.0%,"20,460"
351266,(no description on file),NO_INSURANCE,Self-Pay / Uninsured,"$1,423,996","$1,423,996",$0,0.0%,"5,487"
115,(no description on file),Aetna,Commercial,"$763,232","$763,232",$0,0.0%,"5,612"
315124004,Human immunodeficiency virus viral load (procedure),Medicare,Government,"$2,368,533","$2,368,533",$0,0.0%,"4,818"
1732136,(no description on file),Medicaid,Government,$280,$280,$0,0.0%,222
305428000,Admission to orthopedic department,Anthem,Commercial,"$641,202","$641,202",$0,0.0%,"1,316"
8290005,Induced cardioplegia (procedure),Medicare,Government,"$2,220,567","$2,220,567",$0,0.0%,"4,525"
897685,(no description on file),Aetna,Commercial,"$388,560","$388,560",$0,0.0%,"1,480"
745752,(no description on file),Anthem,Commercial,"$2,004,879","$2,004,879",$0,0.0%,"7,542"
245314,(no description on file),Medicare,Government,"$10,672,247","$10,672,247",$0,0.0%,"113,906"
268425006,Pelvis X-ray,Medicare,Government,"$815,551","$815,551",$0,0.0%,"1,718"
49,(no description on file),Aetna,Commercial,"$1,970,640","$1,970,640",$0,0.0%,"14,490"
33367005,Angiography of coronary artery (procedure),Dual Eligible,Government,"$3,436,270","$3,436,270",$0,0.0%,"7,583"
23426006,Measurement of respiratory function (procedure),Medicare,Government,"$8,995,600","$8,995,600",$0,0.0%,"25,395"
104375008,Hepatitis C antibody  confirmatory test,Medicare,Government,"$21,133,273","$21,133,273",$0,0.0%,"11,029"
104091002,Hemogram  automated  with RBC  WBC  Hgb  Hct  Indices  Platelet count  and manual WBC differential,NO_INSURANCE,Self-Pay / Uninsured,"$59,621,042","$59,621,042",$0,0.0%,"30,987"
10,(no description on file),Aetna,Commercial,"$2,708,304","$2,708,304",$0,0.0%,"19,914"
351109,(no description on file),Anthem,Commercial,"$3,181,026","$3,181,026",$0,0.0%,"12,057"
14736009,History and physical examination with evaluation and management of patient (procedure),Cigna Health,Commercial,"$872,240","$872,240",$0,0.0%,"1,790"
229064008,Movement therapy (regime/therapy),Humana,Commercial,"$6,570,980","$6,570,980",$0,0.0%,"13,111"
2103182,(no description on file),Cigna Health,Commercial,"$9,402","$9,402",$0,0.0%,768
43,(no description on file),UnitedHealthcare,Commercial,"$1,456,288","$1,456,288",$0,0.0%,"10,708"
311791003,Information gathering (procedure),Aetna,Commercial,"$184,032","$184,032",$0,0.0%,"2,580"
16335031000119103,High resolution computed tomography of chest without contrast (procedure),Anthem,Commercial,"$335,995","$335,995",$0,0.0%,413
103750000,Sleep apnea assessment (procedure),Cigna Health,Commercial,"$1,267,565","$1,267,565",$0,0.0%,"2,641"
351137,(no description on file),Aetna,Commercial,"$945,416","$945,416",$0,0.0%,"3,600"
65575008,Biopsy of prostate,NO_INSURANCE,Self-Pay / Uninsured,"$371,166","$371,166",$0,0.0%,149
185087000,Notifications (procedure),Medicaid,Government,"$1,105,775","$1,105,775",$0,0.0%,"2,443"
79345008,Excision of maxillary torus palatinus (procedure),Medicaid,Government,"$859,542","$859,542",$0,0.0%,"1,877"
392247006,Insertion of catheter into artery (procedure),NO_INSURANCE,Self-Pay / Uninsured,"$511,534","$511,534",$0,0.0%,"1,047"
2001499,(no description on file),Anthem,Commercial,"$73,738","$73,738",$0,0.0%,764
751905,(no description on file),Medicaid,Government,"$10,788,918","$10,788,918",$0,0.0%,"13,498"
185087000,Notifications (procedure),NO_INSURANCE,Self-Pay / Uninsured,"$341,529","$341,529",$0,0.0%,708
10,(no description on file),Medicare,Government,"$342,040","$342,040",$0,0.0%,"2,515"
762998009,Assessment using New York Heart Association Classification (procedure),Medicare,Government,"$1,911,528","$1,911,528",$0,0.0%,"3,902"
309097,(no description on file),Anthem,Commercial,"$979,623","$979,623",$0,0.0%,"1,367"
1807513,(no description on file),Anthem,Commercial,"$4,938","$4,938",$0,0.0%,712
310417005,Certification procedure (procedure),Humana,Commercial,"$263,656","$263,656",$0,0.0%,522
1361226,(no description on file),Medicare,Government,"$317,409","$317,409",$0,0.0%,"1,219"
426701000119108,Ultrasonography of abdomen  right upper quadrant and epigastrium,Cigna Health,Commercial,"$37,740","$37,740",$0,0.0%,77
1804799,(no description on file),Cigna Health,Commercial,"$23,192,464","$23,192,464",$0,0.0%,126
170837001,Allergic disorder initial assessment,Cigna Health,Commercial,"$130,492","$130,492",$0,0.0%,"1,117"
476556,(no description on file),Anthem,Commercial,"$141,132","$141,132",$0,0.0%,578
1290459008,Plain X-ray of ankle region (procedure),Blue Cross Blue Shield,Commercial,"$145,526","$145,526",$0,0.0%,285
314077,(no description on file),Cigna Health,Commercial,"$65,164","$65,164",$0,0.0%,255
71651007,Mammography (procedure),Blue Cross Blue Shield,Commercial,"$11,072","$11,072",$0,0.0%,88
182777000,Monitoring of patient (regime/therapy),Medicaid,Government,"$254,913","$254,913",$0,0.0%,557
71651007,Mammography (procedure),NO_INSURANCE,Self-Pay / Uninsured,"$107,166","$107,166",$0,0.0%,896
58776007,Autologous bone marrow transplant (procedure),Medicare,Government,"$262,661","$262,661",$0,0.0%,536
1796676,(no description on file),Blue Cross Blue Shield,Commercial,"$189,159","$189,159",$0,0.0%,737
26212005,Replacement of aortic valve (procedure),Medicaid,Government,"$70,396","$70,396",$0,0.0%,152
8290005,Induced cardioplegia (procedure),UnitedHealthcare,Commercial,"$202,547","$202,547",$0,0.0%,404
241055006,Mammogram - symptomatic (procedure),Medicare,Government,"$48,449","$48,449",$0,0.0%,406
744842,(no description on file),Dual Eligible,Government,"$59,113","$59,113",$0,0.0%,232
177157003,Spontaneous breech delivery,Aetna,Commercial,"$173,502","$173,502",$0,0.0%,29
183418007,Social case work (regime/therapy),Dual Eligible,Government,"$75,815","$75,815",$0,0.0%,166
183976008,Operative procedure planned (situation),Cigna Health,Commercial,"$37,238","$37,238",$0,0.0%,76
197541,(no description on file),Anthem,Commercial,"$15,735","$15,735",$0,0.0%,83
173521004,Transposition of submandibular duct (procedure),Medicare,Government,"$5,573","$5,573",$0,0.0%,11
1648756,(no description on file),NO_INSURANCE,Self-Pay / Uninsured,"$29,675","$29,675",$0,0.0%,114
61594008,Microbial culture (procedure),NO_INSURANCE,Self-Pay / Uninsured,"$13,342","$13,342",$0,0.0%,27
1809104,(no description on file),UnitedHealthcare,Commercial,$655,$655,$0,0.0%,130
197380,(no description on file),Medicare,Government,"$88,998","$88,998",$0,0.0%,335
709979004,Doppler ultrasonography of artery (procedure),Medicare,Government,"$74,435","$74,435",$0,0.0%,153
61594008,Microbial culture (procedure),Cigna Health,Commercial,"$21,069","$21,069",$0,0.0%,43
238100,(no description on file),Cigna Health,Commercial,$33,$33,$0,0.0%,34
966222,(no description on file),NO_INSURANCE,Self-Pay / Uninsured,$32,$32,$0,0.0%,103
311034,(no description on file),Blue Cross Blue Shield,Commercial,"$31,067","$31,067",$0,0.0%,122
2284960,(no description on file),Cigna Health,Commercial,"$1,059","$1,059",$0,0.0%,140
105585,(no description on file),UnitedHealthcare,Commercial,"$1,320","$1,320",$0,0.0%,34
1536148,(no description on file),Aetna,Commercial,"$9,510","$9,510",$0,0.0%,35
387685009,Surgical manipulation of shoulder joint,Dual Eligible,Government,"$739,216","$739,216",$0,0.0%,52
40617009,Artificial respiration (procedure),Cigna Health,Commercial,"$40,800","$40,800",$0,0.0%,81
34896006,Incision (procedure),Aetna,Commercial,"$32,292","$32,292",$0,0.0%,68
37542007,Posttreatment stabilization  orthodontic device (procedure),Dual Eligible,Government,"$36,440","$36,440",$0,0.0%,80
259255,(no description on file),Medicaid,Government,$934,$934,$0,0.0%,85
198240,(no description on file),Humana,Commercial,"$82,162","$82,162",$0,0.0%,109
1601380,(no description on file),Aetna,Commercial,"$20,492","$20,492",$0,0.0%,33
1648756,(no description on file),UnitedHealthcare,Commercial,"$25,378","$25,378",$0,0.0%,96
310261,(no description on file),Cigna Health,Commercial,"$281,248","$281,248",$0,0.0%,18
854228,(no description on file),Dual Eligible,Government,"$1,273","$1,273",$0,0.0%,105
452331000124102,Review of imaging finding (procedure),Humana,Commercial,"$23,464","$23,464",$0,0.0%,47
242754,(no description on file),Aetna,Commercial,"$2,962","$2,962",$0,0.0%,11
313077009,Human immunodeficiency virus counseling (procedure),Aetna,Commercial,"$22,249","$22,249",$0,0.0%,45
311372,(no description on file),UnitedHealthcare,Commercial,"$8,996","$8,996",$0,0.0%,35
177765008,Opening of chest (procedure),Aetna,Commercial,"$4,432","$4,432",$0,0.0%,9
171126009,Tuberculosis screening (procedure),Humana,Commercial,"$22,748","$22,748",$0,0.0%,44
1665021,(no description on file),NO_INSURANCE,Self-Pay / Uninsured,"$7,191","$7,191",$0,0.0%,28
727762,(no description on file),Humana,Commercial,"$4,091","$4,091",$0,0.0%,20
304532001,Treatment failure risk education (procedure),NO_INSURANCE,Self-Pay / Uninsured,"$5,530","$5,530",$0,0.0%,11
711018006,Assessment of social support (procedure),Humana,Commercial,"$22,748","$22,748",$0,0.0%,44
314203,(no description on file),Medicare,Government,"$1,497","$1,497",$0,0.0%,6
1721613,(no description on file),Humana,Commercial,"$27,132","$27,132",$0,0.0%,99
412809002,Viral hepatitis screening test (procedure),Medicare,Government,"$34,309","$34,309",$0,0.0%,74
418023006,Computed tomography of chest  abdomen and pelvis (procedure),Blue Cross Blue Shield,Commercial,"$19,105","$19,105",$0,0.0%,38
232965003,Implantation of ventricular assist device (procedure),UnitedHealthcare,Commercial,"$3,077","$3,077",$0,0.0%,6
261962,(no description on file),Anthem,Commercial,"$1,526","$1,526",$0,0.0%,6
200096,(no description on file),UnitedHealthcare,Commercial,$983,$983,$0,0.0%,4
859424,(no description on file),Blue Cross Blue Shield,Commercial,"$1,494","$1,494",$0,0.0%,6
745791,(no description on file),Aetna,Commercial,"$1,202","$1,202",$0,0.0%,5
74857009,Hospital admission  short-term  24 hours,Anthem,Commercial,"$13,738","$13,738",$0,0.0%,5
349200,(no description on file),NO_INSURANCE,Self-Pay / Uninsured,"$1,724","$1,724",$0,0.0%,6
856481,(no description on file),UnitedHealthcare,Commercial,$429,$429,$0,0.0%,2
200345,(no description on file),NO_INSURANCE,Self-Pay / Uninsured,$850,$850,$0,0.0%,3
866438,(no description on file),Dual Eligible,Government,$701,$701,$0,0.0%,3
387607004,Construction of diverting colostomy,Aetna,Commercial,"$107,770","$107,770",$0,0.0%,3
313212,(no description on file),Humana,Commercial,"$1,544","$1,544",$0,0.0%,7
40274000,General outpatient clinic admission (procedure),Medicaid,Government,$354,$354,$0,0.0%,3
898690,(no description on file),UnitedHealthcare,Commercial,$543,$543,$0,0.0%,2
1656346,(no description on file),NO_INSURANCE,Self-Pay / Uninsured,$517,$517,$0,0.0%,2
898356,(no description on file),Dual Eligible,Government,$233,$233,$0,0.0%,1
898367,(no description on file),Blue Cross Blue Shield,Commercial,$233,$233,$0,0.0%,1
858813,(no description on file),Dual Eligible,Government,$283,$283,$0,0.0%,1
213432,(no description on file),NO_INSURANCE,Self-Pay / Uninsured,$308,$308,$0,0.0%,1
856460,(no description on file),NO_INSURANCE,Self-Pay / Uninsured,$418,$418,$0,0.0%,2
856556,(no description on file),NO_INSURANCE,Self-Pay / Uninsured,$209,$209,$0,0.0%,1
200094,(no description on file),Cigna Health,Commercial,$366,$366,$0,0.0%,1
476350,(no description on file),Dual Eligible,Government,$261,$261,$0,0.0%,1
88039007,Transplant of lung (procedure),Blue Cross Blue Shield,Commercial,"$308,065","$308,065",$0,0.0%,1
715252007,Depression screening using Patient Health Questionnaire Nine Item score (procedure),Humana,Commercial,"$2,501","$2,501",$0,0.0%,"62,761"
710841007,Assessment of anxiety (procedure),Medicaid,Government,"$43,776,591","$43,776,591",$0,0.0%,"688,737"
274788003,Examination of gingivae (procedure),Medicare,Government,"$456,477,965","$456,477,965",$0,0.0%,"933,337"
185349003,Encounter for check up (procedure),Aetna,Commercial,"$28,753,579","$28,753,579",$0,0.0%,"410,014"
225158009,Auscultation of the fetal heart,Humana,Commercial,"$1,092,270,144","$1,092,270,144",$0,0.0%,"210,947"
243085009,Oral health education (procedure),Dual Eligible,Government,"$150,956,194","$150,956,194",$0,0.0%,"333,170"
225158009,Auscultation of the fetal heart,Medicare,Government,"$459,156,299","$459,156,299",$0,0.0%,"91,143"
31676001,Human immunodeficiency virus antigen test,Blue Cross Blue Shield,Commercial,"$25,483,494","$25,483,494",$0,0.0%,"12,956"
162673000,General examination of patient (procedure),Dual Eligible,Government,"$34,362,617","$34,362,617",$0,0.0%,"281,998"
228557008,Cognitive and behavioral therapy (regime/therapy),Anthem,Commercial,"$71,453,416","$71,453,416",$0,0.0%,"7,392"
1259293006,Application of composite dental filling material to dentin of tooth following fracture of tooth (procedure),Anthem,Commercial,"$11,741,422","$11,741,422",$0,0.0%,"24,144"
252160004,Standard pregnancy test,Dual Eligible,Government,"$31,445,723","$31,445,723",$0,0.0%,"6,669"
49,(no description on file),Cigna Health,Commercial,"$1,969,008","$1,969,008",$0,0.0%,"14,478"
197604,(no description on file),Dual Eligible,Government,"$45,672,880","$45,672,880",$0,0.0%,"39,194"
183444007,Referral for further care (procedure),NO_INSURANCE,Self-Pay / Uninsured,"$264,080","$264,080",$0,0.0%,540
169230002,Ultrasound scan for fetal viability,Medicaid,Government,"$691,101,743","$691,101,743",$0,0.0%,"81,250"
81733005,Dental surgical procedure (procedure),Cigna Health,Commercial,"$23,402,334","$23,402,334",$0,0.0%,"47,146"
206905,(no description on file),NO_INSURANCE,Self-Pay / Uninsured,"$8,162,297","$8,162,297",$0,0.0%,"31,787"
63332003,History AND physical examination (procedure),Aetna,Commercial,"$2,589,839","$2,589,839",$0,0.0%,"5,314"
115,(no description on file),Blue Cross Blue Shield,Commercial,"$772,208","$772,208",$0,0.0%,"5,678"
252160004,Standard pregnancy test,UnitedHealthcare,Commercial,"$98,180,068","$98,180,068",$0,0.0%,"18,935"
736169004,Post anesthesia care management (procedure),Cigna Health,Commercial,"$1,374,419","$1,374,419",$0,0.0%,"2,865"
385798007,Radiation therapy care (regime/therapy),Humana,Commercial,"$789,836","$789,836",$0,0.0%,"1,576"
3,(no description on file),NO_INSURANCE,Self-Pay / Uninsured,"$1,419,704","$1,419,704",$0,0.0%,"10,439"
439740005,Postoperative follow-up visit (procedure),Anthem,Commercial,"$622,944","$622,944",$0,0.0%,"5,319"
856987,(no description on file),Anthem,Commercial,"$1,732,203","$1,732,203",$0,0.0%,"31,198"
430701006,Resuscitation using intravenous fluid (procedure),Medicaid,Government,"$1,008,930","$1,008,930",$0,0.0%,"1,238"
73761001,Colonoscopy,Anthem,Commercial,"$195,547,419","$195,547,419",$0,0.0%,"17,778"
31208007,Medical induction of labor,Humana,Commercial,"$14,522,676","$14,522,676",$0,0.0%,"4,034"
167271000,Urine protein test,Aetna,Commercial,"$32,842,974","$32,842,974",$0,0.0%,"17,224"
1860154,(no description on file),NO_INSURANCE,Self-Pay / Uninsured,"$301,558","$301,558",$0,0.0%,"2,091"
389221,(no description on file),Anthem,Commercial,"$276,832","$276,832",$0,0.0%,"5,272"
117015009,Throat culture (procedure),Humana,Commercial,"$35,994,616","$35,994,616",$0,0.0%,"18,324"
562251,(no description on file),Blue Cross Blue Shield,Commercial,"$4,100,559","$4,100,559",$0,0.0%,"8,220"
287664005,Bilateral tubal ligation,Medicaid,Government,"$27,680,414","$27,680,414",$0,0.0%,"4,122"
310965,(no description on file),Anthem,Commercial,"$1,697,346","$1,697,346",$0,0.0%,"6,830"
287664005,Bilateral tubal ligation,Aetna,Commercial,"$9,989,744","$9,989,744",$0,0.0%,"1,399"
76164006,Biopsy of colon,Medicaid,Government,"$5,140,448","$5,140,448",$0,0.0%,486
1605257,(no description on file),Aetna,Commercial,"$2,028,909","$2,028,909",$0,0.0%,"1,916"
386478007,Triage emergency center (procedure),Medicare,Government,"$1,582,894","$1,582,894",$0,0.0%,"3,221"
1803932,(no description on file),NO_INSURANCE,Self-Pay / Uninsured,"$15,936","$15,936",$0,0.0%,"1,373"
855332,(no description on file),NO_INSURANCE,Self-Pay / Uninsured,"$73,275","$73,275",$0,0.0%,"7,320"
271280005,Removal of endotracheal tube (procedure),Anthem,Commercial,"$192,383","$192,383",$0,0.0%,"1,082"
857005,(no description on file),Aetna,Commercial,"$22,571","$22,571",$0,0.0%,992
410401003,Nursing care/supplementary surveillance (regime/therapy),UnitedHealthcare,Commercial,"$35,307,834","$35,307,834",$0,0.0%,"3,572"
866412,(no description on file),UnitedHealthcare,Commercial,"$381,727","$381,727",$0,0.0%,"1,494"
309362,(no description on file),Cigna Health,Commercial,"$2,354,195","$2,354,195",$0,0.0%,"2,877"
895996,(no description on file),NO_INSURANCE,Self-Pay / Uninsured,"$4,103,852","$4,103,852",$0,0.0%,"15,970"
274031008,Rectal polypectomy,Blue Cross Blue Shield,Commercial,"$14,192,329","$14,192,329",$0,0.0%,"1,403"
410006001,Digital examination of rectum,Medicare,Government,"$5,067,437","$5,067,437",$0,0.0%,"11,682"
168594001,Clavicle X-ray,Cigna Health,Commercial,"$561,632","$561,632",$0,0.0%,"1,149"
385798007,Radiation therapy care (regime/therapy),NO_INSURANCE,Self-Pay / Uninsured,"$792,655","$792,655",$0,0.0%,"1,619"
1791701,(no description on file),Medicare,Government,$90,$90,$0,0.0%,194
306206005,Referral to service (procedure),Dual Eligible,Government,"$386,430","$386,430",$0,0.0%,849
408919008,Psychosocial care (regime/therapy),Cigna Health,Commercial,"$149,537","$149,537",$0,0.0%,309
709138001,Notification of treatment plan (procedure),Cigna Health,Commercial,"$621,779","$621,779",$0,0.0%,"1,294"
61594008,Microbial culture (procedure),Anthem,Commercial,"$17,977","$17,977",$0,0.0%,36
76164006,Biopsy of colon,Dual Eligible,Government,"$4,615,137","$4,615,137",$0,0.0%,427
1732186,(no description on file),Dual Eligible,Government,$635,$635,$0,0.0%,357
311034,(no description on file),Dual Eligible,Government,"$105,589","$105,589",$0,0.0%,460
69212005,Range of motion testing (procedure),Medicare,Government,"$270,434","$270,434",$0,0.0%,547
112798008,Insertion of endotracheal tube (procedure),Anthem,Commercial,"$43,310","$43,310",$0,0.0%,152
1290459008,Plain X-ray of ankle region (procedure),Cigna Health,Commercial,"$135,302","$135,302",$0,0.0%,262
1946840,(no description on file),Medicare,Government,"$62,710","$62,710",$0,0.0%,272
698560000,Referral to sleep apnea clinic (procedure),Dual Eligible,Government,"$345,944","$345,944",$0,0.0%,750
12719002,Platelet transfusion (procedure),Blue Cross Blue Shield,Commercial,"$40,659","$40,659",$0,0.0%,75
392091000,Care regimes assessment (procedure),NO_INSURANCE,Self-Pay / Uninsured,"$422,378","$422,378",$0,0.0%,729
713026007,Plain X-ray of humerus (procedure),Anthem,Commercial,"$169,688","$169,688",$0,0.0%,327
725351001,Transcatheter aortic valve replacement (procedure),Medicare,Government,"$258,097","$258,097",$0,0.0%,541
284215,(no description on file),Medicare,Government,"$33,652","$33,652",$0,0.0%,128
252559,(no description on file),Medicare,Government,"$10,992","$10,992",$0,0.0%,47
1091392,(no description on file),Anthem,Commercial,"$269,911","$269,911",$0,0.0%,111
284215,(no description on file),Aetna,Commercial,"$14,919","$14,919",$0,0.0%,57
367494004,Premature birth of newborn (finding),Medicare,Government,"$87,017","$87,017",$0,0.0%,172
312384001,Multidisciplinary assessment (procedure),Cigna Health,Commercial,"$35,117","$35,117",$0,0.0%,72
197541,(no description on file),UnitedHealthcare,Commercial,"$7,991","$7,991",$0,0.0%,49
180178009,Continuous subcutaneous infusion of insulin (procedure),Blue Cross Blue Shield,Commercial,"$60,509","$60,509",$0,0.0%,122
979480,(no description on file),Medicaid,Government,"$16,406","$16,406",$0,0.0%,75
617296,(no description on file),Blue Cross Blue Shield,Commercial,"$78,609","$78,609",$0,0.0%,302
1790099,(no description on file),Humana,Commercial,$530,$530,$0,0.0%,183
197604,(no description on file),Blue Cross Blue Shield,Commercial,"$753,632","$753,632",$0,0.0%,576
200243,(no description on file),Aetna,Commercial,$82,$82,$0,0.0%,181
268425006,Pelvis X-ray,NO_INSURANCE,Self-Pay / Uninsured,"$74,383","$74,383",$0,0.0%,156
197904,(no description on file),Dual Eligible,Government,"$8,430","$8,430",$0,0.0%,37
200243,(no description on file),Blue Cross Blue Shield,Commercial,$48,$48,$0,0.0%,110
1648756,(no description on file),Dual Eligible,Government,"$54,556","$54,556",$0,0.0%,239
183646003,Postoperative visit (finding),Medicare,Government,"$7,325","$7,325",$0,0.0%,63
1290407002,Plain X-ray of knee region (procedure),Medicaid,Government,"$295,605","$295,605",$0,0.0%,568
141962,(no description on file),Cigna Health,Commercial,"$13,955","$13,955",$0,0.0%,54
243150007,Assist control ventilation (regime/therapy),Humana,Commercial,"$246,016","$246,016",$0,0.0%,67
12719002,Platelet transfusion (procedure),NO_INSURANCE,Self-Pay / Uninsured,"$44,045","$44,045",$0,0.0%,89
433112001,Percutaneous mechanical thrombectomy of portal vein using fluoroscopic guidance with contrast (procedure),UnitedHealthcare,Commercial,"$1,460,833","$1,460,833",$0,0.0%,70
597195,(no description on file),Blue Cross Blue Shield,Commercial,$21,$21,$0,0.0%,22
141962,(no description on file),Blue Cross Blue Shield,Commercial,"$14,819","$14,819",$0,0.0%,57
310061009,Gynecology service (qualifier value),Anthem,Commercial,"$9,979","$9,979",$0,0.0%,86
1287742003,Radiotherapy (procedure),Dual Eligible,Government,"$18,761","$18,761",$0,0.0%,41
171126009,Tuberculosis screening (procedure),Anthem,Commercial,"$18,676","$18,676",$0,0.0%,37
182777000,Monitoring of patient (regime/therapy),Blue Cross Blue Shield,Commercial,"$18,229","$18,229",$0,0.0%,36
45595009,Laparoscopic Removal of Gall Bladder,Cigna Health,Commercial,"$385,528","$385,528",$0,0.0%,72
859419,(no description on file),Medicaid,Government,"$7,454","$7,454",$0,0.0%,34
112011000119102,negative screening for depression on phq9,Anthem,Commercial,"$11,878","$11,878",$0,0.0%,25
686924,(no description on file),Humana,Commercial,"$4,049","$4,049",$0,0.0%,16
305433001,Admission to trauma surgery department,UnitedHealthcare,Commercial,"$24,202","$24,202",$0,0.0%,49
349251,(no description on file),NO_INSURANCE,Self-Pay / Uninsured,"$3,594","$3,594",$0,0.0%,15
997501,(no description on file),UnitedHealthcare,Commercial,"$23,487","$23,487",$0,0.0%,40
413107006,Hepatitis C screening (procedure),NO_INSURANCE,Self-Pay / Uninsured,"$17,310","$17,310",$0,0.0%,37
200031,(no description on file),Humana,Commercial,"$5,116","$5,116",$0,0.0%,18
858817,(no description on file),Cigna Health,Commercial,$836,$836,$0,0.0%,3
229069003,Posture training (procedure),Medicaid,Government,"$16,122","$16,122",$0,0.0%,35
312962,(no description on file),Medicaid,Government,"$2,886","$2,886",$0,0.0%,13
305425002,Admission to neurosurgical department,Medicare,Government,"$8,885","$8,885",$0,0.0%,19
854228,(no description on file),Aetna,Commercial,$438,$438,$0,0.0%,34
197379,(no description on file),NO_INSURANCE,Self-Pay / Uninsured,"$2,702","$2,702",$0,0.0%,11
387607004,Construction of diverting colostomy,Humana,Commercial,"$221,066","$221,066",$0,0.0%,8
32413006,Transplantation of heart (procedure),Dual Eligible,Government,"$1,897","$1,897",$0,0.0%,4
672149,(no description on file),Humana,Commercial,$98,$98,$0,0.0%,2
229069003,Posture training (procedure),Blue Cross Blue Shield,Commercial,"$3,510","$3,510",$0,0.0%,7
241645008,Magnetic resonance imaging of spine (procedure),NO_INSURANCE,Self-Pay / Uninsured,"$2,521","$2,521",$0,0.0%,5
904458,(no description on file),Anthem,Commercial,"$1,133","$1,133",$0,0.0%,4
866419,(no description on file),Cigna Health,Commercial,"$1,301","$1,301",$0,0.0%,5
859753,(no description on file),Anthem,Commercial,$516,$516,$0,0.0%,2
898687,(no description on file),Anthem,Commercial,"$1,127","$1,127",$0,0.0%,4
856481,(no description on file),Blue Cross Blue Shield,Commercial,$470,$470,$0,0.0%,2
387607004,Construction of diverting colostomy,UnitedHealthcare,Commercial,"$81,044","$81,044",$0,0.0%,3
394894008,Pre-operative chemotherapy (procedure),Aetna,Commercial,"$1,047","$1,047",$0,0.0%,2
234817001,Insertion of oral appliance for the handicapped (procedure),NO_INSURANCE,Self-Pay / Uninsured,"$1,024","$1,024",$0,0.0%,2
672149,(no description on file),Cigna Health,Commercial,$64,$64,$0,0.0%,1
385488000,Surgical procedure on chest wall (procedure),Blue Cross Blue Shield,Commercial,$601,$601,$0,0.0%,1
302351005,Ligation of salivary duct (procedure),Medicaid,Government,$408,$408,$0,0.0%,1
617314,(no description on file),Humana,Commercial,$130,$130,$0,0.0%,1
385186005,Enema,Blue Cross Blue Shield,Commercial,$192,$192,$0,0.0%,1
861654,(no description on file),Cigna Health,Commercial,$283,$283,$0,0.0%,1
898359,(no description on file),Aetna,Commercial,$130,$130,$0,0.0%,1
349483,(no description on file),UnitedHealthcare,Commercial,$130,$130,$0,0.0%,1
233174007,Cardiac pacemaker procedure (procedure),Cigna Health,Commercial,$496,$496,$0,0.0%,1
454711000124102,Depression screening using Patient Health Questionnaire Two-Item score (procedure),Aetna,Commercial,"$15,338","$15,338",$0,0.0%,"250,409"
1260010008,Removal of subgingival plaque and calculus from all teeth using dental instrument (procedure),Medicare,Government,"$456,474,603","$456,474,603",$0,0.0%,"933,330"
50849002,Emergency room admission (procedure),Aetna,Commercial,"$6,639,896","$6,639,896",$0,0.0%,"55,464"
748856,(no description on file),Humana,Commercial,"$4,978,746","$4,978,746",$0,0.0%,"5,614"
103697008,Patient referral for dental care (procedure),Dual Eligible,Government,"$3,164,633","$3,164,633",$0,0.0%,"379,498"
243085009,Oral health education (procedure),Anthem,Commercial,"$118,079,154","$118,079,154",$0,0.0%,"242,560"
185345009,Encounter for symptom,Medicare,Government,"$20,290,101","$20,290,101",$0,0.0%,"285,587"
542347,(no description on file),Cigna Health,Commercial,$160,$160,$0,0.0%,929
415300000,Review of systems (procedure),Medicaid,Government,"$1,195,147","$1,195,147",$0,0.0%,"17,506"
225362009,Dental care (regime/therapy),Blue Cross Blue Shield,Commercial,"$87,538,609","$87,538,609",$0,0.0%,"173,987"
185345009,Encounter for symptom,UnitedHealthcare,Commercial,"$7,689,594","$7,689,594",$0,0.0%,"107,219"
170837001,Allergic disorder initial assessment,Medicare,Government,"$300,956","$300,956",$0,0.0%,"2,546"
904419,(no description on file),Medicare,Government,"$4,235,228","$4,235,228",$0,0.0%,"419,839"
64544008,Gingivectomy or gingivoplasty  per tooth (procedure),Humana,Commercial,"$21,177,796","$21,177,796",$0,0.0%,"42,024"
183460006,Obstetric emergency hospital admission,Cigna Health,Commercial,"$1,438,375","$1,438,375",$0,0.0%,"11,702"
386516004,Anticipatory guidance (procedure),Anthem,Commercial,$496,$496,$0,0.0%,"19,449"
630208,(no description on file),Cigna Health,Commercial,"$6,173,345","$6,173,345",$0,0.0%,"23,791"
162673000,General examination of patient (procedure),Aetna,Commercial,"$37,719,956","$37,719,956",$0,0.0%,"292,896"
314231,(no description on file),Anthem,Commercial,"$15,263","$15,263",$0,0.0%,"20,471"
212,(no description on file),UnitedHealthcare,Commercial,"$388,416","$388,416",$0,0.0%,"2,856"
20,(no description on file),NO_INSURANCE,Self-Pay / Uninsured,"$3,704,912","$3,704,912",$0,0.0%,"27,242"
15081005,Pulmonary rehabilitation (regime/therapy),Medicaid,Government,"$6,636,529","$6,636,529",$0,0.0%,"3,414"
395123002,Urine screening test for diabetes,Dual Eligible,Government,"$6,779,875","$6,779,875",$0,0.0%,"3,811"
409023009,Professional / ancillary services care (regime/therapy),UnitedHealthcare,Commercial,"$8,833,761","$8,833,761",$0,0.0%,"3,132"
11466000,Cesarean section,NO_INSURANCE,Self-Pay / Uninsured,"$14,896,354","$14,896,354",$0,0.0%,"1,876"
392091000,Care regimes assessment (procedure),Aetna,Commercial,"$467,426","$467,426",$0,0.0%,813
349094,(no description on file),UnitedHealthcare,Commercial,"$958,978","$958,978",$0,0.0%,"3,785"
390906007,Follow-up encounter (procedure),Humana,Commercial,"$3,833,663","$3,833,663",$0,0.0%,"53,170"
68071007,Dental fluoride treatment (procedure),Blue Cross Blue Shield,Commercial,"$43,801,044","$43,801,044",$0,0.0%,"87,000"
424441002,Prenatal initial visit,UnitedHealthcare,Commercial,"$2,138,022","$2,138,022",$0,0.0%,"17,802"
1260010008,Removal of subgingival plaque and calculus from all teeth using dental instrument (procedure),Anthem,Commercial,"$117,291,616","$117,291,616",$0,0.0%,"240,940"
271442007,Fetal anatomy study,Humana,Commercial,"$11,810,229","$11,810,229",$0,0.0%,"23,218"
117010004,Urine culture,NO_INSURANCE,Self-Pay / Uninsured,"$27,172,960","$27,172,960",$0,0.0%,"14,275"
21,(no description on file),Aetna,Commercial,"$1,378,496","$1,378,496",$0,0.0%,"10,136"
410770002,Administration of anesthesia for procedure (procedure),Humana,Commercial,"$703,025","$703,025",$0,0.0%,"1,392"
57617002,Urine specimen collection (procedure),Humana,Commercial,"$3,761,061","$3,761,061",$0,0.0%,"7,478"
979492,(no description on file),Medicare,Government,"$4,148,261","$4,148,261",$0,0.0%,"16,075"
306316000,Referral to transplant surgeon (procedure),UnitedHealthcare,Commercial,"$304,546","$304,546",$0,0.0%,599
311700,(no description on file),Dual Eligible,Government,$447,$447,$0,0.0%,"2,303"
476556,(no description on file),Humana,Commercial,"$136,505","$136,505",$0,0.0%,582
859088,(no description on file),Anthem,Commercial,"$1,924,822","$1,924,822",$0,0.0%,"7,320"
762998009,Assessment using New York Heart Association Classification (procedure),Dual Eligible,Government,"$609,123","$609,123",$0,0.0%,"1,345"
1269321004,Fitting of denture (procedure),Cigna Health,Commercial,"$3,130,660","$3,130,660",$0,0.0%,"6,456"
433236007,Transthoracic echocardiography (procedure),Dual Eligible,Government,"$1,553,369","$1,553,369",$0,0.0%,"3,323"
268556000,Urine screening for glucose,Dual Eligible,Government,"$7,646,649","$7,646,649",$0,0.0%,"4,197"
1732186,(no description on file),Medicare,Government,"$2,783","$2,783",$0,0.0%,"1,445"
698560000,Referral to sleep apnea clinic (procedure),Blue Cross Blue Shield,Commercial,"$343,648","$343,648",$0,0.0%,677
713021002,Plain X-ray of pelvis (procedure),Medicaid,Government,"$82,263","$82,263",$0,0.0%,157
10383002,Counseling for termination of pregnancy,Dual Eligible,Government,"$478,661","$478,661",$0,0.0%,"1,027"
443497002,Excision of sentinel lymph node (procedure),Medicare,Government,"$3,495,713","$3,495,713",$0,0.0%,299
409066002,Education  guidance and counseling (procedure),Medicaid,Government,"$60,446","$60,446",$0,0.0%,130
1648755,(no description on file),Medicaid,Government,"$1,581,349","$1,581,349",$0,0.0%,"6,775"
275833003,AFP test - antenatal,Medicare,Government,"$19,493,871","$19,493,871",$0,0.0%,"10,245"
173291009,Simple extraction of tooth (procedure),Aetna,Commercial,"$4,008,303","$4,008,303",$0,0.0%,"8,254"
229095001,Exercise class,Blue Cross Blue Shield,Commercial,"$963,335","$963,335",$0,0.0%,"1,938"
266753000,Referral for laboratory tests (procedure),Aetna,Commercial,"$86,781","$86,781",$0,0.0%,182
897685,(no description on file),UnitedHealthcare,Commercial,"$220,719","$220,719",$0,0.0%,845
562366,(no description on file),Dual Eligible,Government,$122,$122,$0,0.0%,391
1659263,(no description on file),Humana,Commercial,"$3,030","$3,030",$0,0.0%,"1,849"
112790001,Nasal sinus endoscopy (procedure),Medicare,Government,"$3,828,608","$3,828,608",$0,0.0%,698
63332003,History AND physical examination (procedure),NO_INSURANCE,Self-Pay / Uninsured,"$2,256,469","$2,256,469",$0,0.0%,"4,613"
1736854,(no description on file),Humana,Commercial,"$2,288,565","$2,288,565",$0,0.0%,"5,037"
233553003,Vascular cannula removal (procedure),NO_INSURANCE,Self-Pay / Uninsured,"$311,842","$311,842",$0,0.0%,640
52765003,Intubation,Blue Cross Blue Shield,Commercial,"$304,885","$304,885",$0,0.0%,785
410538000,Scheduling (procedure),Blue Cross Blue Shield,Commercial,"$381,558","$381,558",$0,0.0%,757
185317003,Telephone encounter (procedure),Anthem,Commercial,"$47,304","$47,304",$0,0.0%,631
80146002,Appendectomy,Medicaid,Government,"$16,484,505","$16,484,505",$0,0.0%,"1,485"
82078001,Take blood sample,Cigna Health,Commercial,"$2,629","$2,629",$0,0.0%,6
1361048,(no description on file),Aetna,Commercial,"$92,493","$92,493",$0,0.0%,367
1116758,(no description on file),Medicaid,Government,"$27,817","$27,817",$0,0.0%,170
197511,(no description on file),UnitedHealthcare,Commercial,"$174,862","$174,862",$0,0.0%,685
79094001,Initial Psychiatric Interview with mental status evaluation,Medicaid,Government,"$16,267","$16,267",$0,0.0%,135
309097,(no description on file),NO_INSURANCE,Self-Pay / Uninsured,"$1,070,149","$1,070,149",$0,0.0%,"1,422"
866427,(no description on file),Anthem,Commercial,"$13,211","$13,211",$0,0.0%,53
1534809,(no description on file),Dual Eligible,Government,"$279,746","$279,746",$0,0.0%,345
112001000119100,positive screening for depression on phq9,Medicare,Government,"$15,718","$15,718",$0,0.0%,33
82078001,Take blood sample,Dual Eligible,Government,"$113,099","$113,099",$0,0.0%,243
2047241,(no description on file),Cigna Health,Commercial,"$15,763","$15,763",$0,0.0%,201
979471,(no description on file),Aetna,Commercial,"$2,855","$2,855",$0,0.0%,12
182777000,Monitoring of patient (regime/therapy),Cigna Health,Commercial,"$20,331","$20,331",$0,0.0%,43
242969,(no description on file),UnitedHealthcare,Commercial,"$1,551","$1,551",$0,0.0%,505
79094001,Initial Psychiatric Interview with mental status evaluation,Medicare,Government,"$6,906","$6,906",$0,0.0%,59
187,(no description on file),Medicaid,Government,"$16,184","$16,184",$0,0.0%,119
896023,(no description on file),Blue Cross Blue Shield,Commercial,"$29,740","$29,740",$0,0.0%,111
23933004,Excision of lingual frenum (procedure),Humana,Commercial,"$61,541","$61,541",$0,0.0%,122
313077009,Human immunodeficiency virus counseling (procedure),Blue Cross Blue Shield,Commercial,"$15,389","$15,389",$0,0.0%,31
243174005,Weaning from mechanically assisted ventilation (procedure),Humana,Commercial,"$41,341","$41,341",$0,0.0%,78
171126009,Tuberculosis screening (procedure),Medicaid,Government,"$60,446","$60,446",$0,0.0%,130
266753000,Referral for laboratory tests (procedure),Dual Eligible,Government,"$9,669","$9,669",$0,0.0%,21
617312,(no description on file),NO_INSURANCE,Self-Pay / Uninsured,"$12,899","$12,899",$0,0.0%,51
1946840,(no description on file),Cigna Health,Commercial,"$6,853","$6,853",$0,0.0%,30
446987006,Determination of susceptibility of Human immunodeficiency virus 1 to panel of antiretroviral drugs using genotypic technique (procedure),Dual Eligible,Government,"$17,229","$17,229",$0,0.0%,39
23183008,Excision of lingual torus (procedure),Cigna Health,Commercial,"$29,559","$29,559",$0,0.0%,61
197887,(no description on file),Aetna,Commercial,"$4,879","$4,879",$0,0.0%,19
1656346,(no description on file),Dual Eligible,Government,"$4,485","$4,485",$0,0.0%,20
187,(no description on file),Medicare,Government,"$9,248","$9,248",$0,0.0%,68
82808001,Sleep apnea monitoring with alarm (regime/therapy),UnitedHealthcare,Commercial,"$38,045","$38,045",$0,0.0%,76
30088009,Blood culture (procedure),Cigna Health,Commercial,"$2,249","$2,249",$0,0.0%,5
447759004,Brachytherapy of breast (procedure),UnitedHealthcare,Commercial,"$118,016","$118,016",$0,0.0%,6
200064,(no description on file),UnitedHealthcare,Commercial,"$3,755","$3,755",$0,0.0%,10
225953001,Evaluating response to treatment (procedure),Medicaid,Government,"$53,245","$53,245",$0,0.0%,114
979468,(no description on file),Anthem,Commercial,"$1,950","$1,950",$0,0.0%,8
432231006,Fine needle aspiration biopsy of lung (procedure),Medicare,Government,"$1,803,706","$1,803,706",$0,0.0%,127
69031006,Excision of breast tissue (procedure),Cigna Health,Commercial,"$435,732","$435,732",$0,0.0%,117
243150007,Assist control ventilation (regime/therapy),Aetna,Commercial,"$224,974","$224,974",$0,0.0%,50
225337009,Suicide risk assessment (procedure),Blue Cross Blue Shield,Commercial,$196,$196,$0,0.0%,20
403875,(no description on file),Medicaid,Government,"$3,660","$3,660",$0,0.0%,16
410011004,Administration of anesthesia AND/OR sedation (procedure),Aetna,Commercial,"$5,099","$5,099",$0,0.0%,11
268400002,12 lead electrocardiogram (procedure),Cigna Health,Commercial,"$3,657","$3,657",$0,0.0%,7
854905,(no description on file),Dual Eligible,Government,"$3,183","$3,183",$0,0.0%,13
1483744,(no description on file),Cigna Health,Commercial,"$1,223","$1,223",$0,0.0%,4
384692006,Intracavitary brachytherapy (procedure),Aetna,Commercial,"$173,492","$173,492",$0,0.0%,9
394894008,Pre-operative chemotherapy (procedure),Humana,Commercial,"$1,869","$1,869",$0,0.0%,4
979471,(no description on file),Anthem,Commercial,"$1,834","$1,834",$0,0.0%,7
166001,Behavioral therapy (regime/therapy),Cigna Health,Commercial,$992,$992,$0,0.0%,2
898687,(no description on file),Aetna,Commercial,$261,$261,$0,0.0%,1
854901,(no description on file),Dual Eligible,Government,$283,$283,$0,0.0%,1
885219,(no description on file),Blue Cross Blue Shield,Commercial,$233,$233,$0,0.0%,1
859749,(no description on file),NO_INSURANCE,Self-Pay / Uninsured,$565,$565,$0,0.0%,2
856578,(no description on file),UnitedHealthcare,Commercial,$233,$233,$0,0.0%,1
34043003,Dental consultation and report (procedure),Aetna,Commercial,"$127,936,619","$127,936,619",$0,0.0%,"263,622"
715252007,Depression screening using Patient Health Questionnaire Nine Item score (procedure),Medicare,Government,"$3,246","$3,246",$0,0.0%,"117,200"
103697008,Patient referral for dental care (procedure),Medicare,Government,"$6,651,228","$6,651,228",$0,0.0%,"1,059,717"
315639002,Initial patient assessment (procedure),UnitedHealthcare,Commercial,"$1,906,434","$1,906,434",$0,0.0%,"3,787"
122548005,Biopsy of breast (procedure),Medicare,Government,"$3,658,789","$3,658,789",$0,0.0%,"1,015"
715252007,Depression screening using Patient Health Questionnaire Nine Item score (procedure),NO_INSURANCE,Self-Pay / Uninsured,"$1,558","$1,558",$0,0.0%,"47,274"
443529005,Detection of chromosomal aneuploidy in prenatal amniotic fluid specimen using fluorescence in situ hybridization screening technique (procedure),Medicaid,Government,"$102,424,690","$102,424,690",$0,0.0%,"56,117"
313820,(no description on file),Blue Cross Blue Shield,Commercial,"$788,748","$788,748",$0,0.0%,"5,874"
171207006,Depression screening (procedure),Blue Cross Blue Shield,Commercial,"$17,280,231","$17,280,231",$0,0.0%,"260,027"
270427003,Patient-initiated encounter,Anthem,Commercial,"$343,852","$343,852",$0,0.0%,"4,904"
52052004,Rehabilitation therapy (regime/therapy),Anthem,Commercial,"$47,902,026","$47,902,026",$0,0.0%,"98,967"
225362009,Dental care (regime/therapy),NO_INSURANCE,Self-Pay / Uninsured,"$111,371,355","$111,371,355",$0,0.0%,"228,706"
261352009,Face mask (physical object),Anthem,Commercial,"$21,362","$21,362",$0,0.0%,"9,621"
394701000,Asthma follow-up,Cigna Health,Commercial,"$1,448,458","$1,448,458",$0,0.0%,"12,375"
104326007,Measurement of Varicella-zoster virus antibody,Cigna Health,Commercial,"$32,352,644","$32,352,644",$0,0.0%,"17,216"
241834,(no description on file),Medicare,Government,"$158,277","$158,277",$0,0.0%,"1,874"
854235,(no description on file),UnitedHealthcare,Commercial,"$130,065","$130,065",$0,0.0%,"9,557"
389221,(no description on file),Humana,Commercial,"$345,506","$345,506",$0,0.0%,"6,879"
16335031000119103,High resolution computed tomography of chest without contrast (procedure),NO_INSURANCE,Self-Pay / Uninsured,"$1,322,940","$1,322,940",$0,0.0%,"1,601"
241046008,Dental X-ray bitewing (procedure),Medicare,Government,"$245,879,810","$245,879,810",$0,0.0%,"502,781"
68071007,Dental fluoride treatment (procedure),Humana,Commercial,"$74,079,820","$74,079,820",$0,0.0%,"146,911"
62,(no description on file),Humana,Commercial,"$2,637,448","$2,637,448",$0,0.0%,"19,393"
180256009,Subcutaneous immunotherapy,Dual Eligible,Government,"$584,161,670","$584,161,670",$0,0.0%,"54,613"
14736009,History and physical examination with evaluation and management of patient (procedure),Humana,Commercial,"$1,191,221","$1,191,221",$0,0.0%,"2,365"
440546007,Discussion about pregnancy (procedure),Aetna,Commercial,"$1,167,725","$1,167,725",$0,0.0%,"2,390"
121,(no description on file),Anthem,Commercial,"$2,142,816","$2,142,816",$0,0.0%,"15,756"
169690007,Rubella screening,Humana,Commercial,"$29,613,465","$29,613,465",$0,0.0%,"15,017"
52,(no description on file),Blue Cross Blue Shield,Commercial,"$1,324,096","$1,324,096",$0,0.0%,"9,736"
904419,(no description on file),Blue Cross Blue Shield,Commercial,"$30,220","$30,220",$0,0.0%,"2,955"
173291009,Simple extraction of tooth (procedure),NO_INSURANCE,Self-Pay / Uninsured,"$3,628,619","$3,628,619",$0,0.0%,"7,439"
274474001,Bone immobilization,NO_INSURANCE,Self-Pay / Uninsured,"$1,761,634","$1,761,634",$0,0.0%,"3,607"
1719286,(no description on file),Anthem,Commercial,$164,$164,$0,0.0%,"1,436"
180207008,Intravenous blood transfusion of packed cells (procedure),Medicaid,Government,"$2,990,527","$2,990,527",$0,0.0%,"1,425"
2001499,(no description on file),Medicaid,Government,"$170,699","$170,699",$0,0.0%,"1,951"
904419,(no description on file),Cigna Health,Commercial,"$69,753","$69,753",$0,0.0%,"6,677"
351266,(no description on file),Anthem,Commercial,"$1,296,009","$1,296,009",$0,0.0%,"4,934"
751905,(no description on file),Cigna Health,Commercial,"$3,990,278","$3,990,278",$0,0.0%,"4,341"
290045001,Kitchen practice,Humana,Commercial,"$1,254,680","$1,254,680",$0,0.0%,"2,532"
709138001,Notification of treatment plan (procedure),UnitedHealthcare,Commercial,"$342,694","$342,694",$0,0.0%,686
1740467,(no description on file),Medicare,Government,"$2,268","$2,268",$0,0.0%,"8,138"
79345008,Excision of maxillary torus palatinus (procedure),Blue Cross Blue Shield,Commercial,"$228,802","$228,802",$0,0.0%,450
317150,(no description on file),UnitedHealthcare,Commercial,"$25,005","$25,005",$0,0.0%,103
122856003,Oral examination (procedure),Aetna,Commercial,"$206,451","$206,451",$0,0.0%,422
197604,(no description on file),Humana,Commercial,"$1,835,952","$1,835,952",$0,0.0%,"1,378"
414088005,Emergency coronary artery bypass graft (procedure),Medicaid,Government,"$52,158","$52,158",$0,0.0%,114
69212005,Range of motion testing (procedure),Humana,Commercial,"$250,208","$250,208",$0,0.0%,492
268425006,Pelvis X-ray,Medicaid,Government,"$388,756","$388,756",$0,0.0%,860
1873983,(no description on file),Dual Eligible,Government,"$19,579","$19,579",$0,0.0%,92
2001499,(no description on file),UnitedHealthcare,Commercial,"$39,314","$39,314",$0,0.0%,439
65575008,Biopsy of prostate,Cigna Health,Commercial,"$418,306","$418,306",$0,0.0%,170
15081005,Pulmonary rehabilitation (regime/therapy),Humana,Commercial,"$473,608","$473,608",$0,0.0%,212
452331000124102,Review of imaging finding (procedure),Aetna,Commercial,"$28,314","$28,314",$0,0.0%,61
473220001,Hematologic disorder medication review (procedure),Medicaid,Government,"$348,498","$348,498",$0,0.0%,91
79094001,Initial Psychiatric Interview with mental status evaluation,Aetna,Commercial,"$6,700","$6,700",$0,0.0%,57
69031006,Excision of breast tissue (procedure),Aetna,Commercial,"$350,485","$350,485",$0,0.0%,100
198240,(no description on file),Dual Eligible,Government,"$210,136","$210,136",$0,0.0%,325
966524,(no description on file),Humana,Commercial,"$71,853","$71,853",$0,0.0%,226
69031006,Excision of breast tissue (procedure),UnitedHealthcare,Commercial,"$217,389","$217,389",$0,0.0%,57
69031006,Excision of breast tissue (procedure),Anthem,Commercial,"$340,146","$340,146",$0,0.0%,91
105376000,Transesophageal echocardiography (procedure),Medicaid,Government,"$72,707","$72,707",$0,0.0%,157
18286008,Catheter ablation of tissue of heart (procedure),Medicare,Government,"$2,216,121","$2,216,121",$0,0.0%,273
86013001,Periodic reevaluation and management of healthy individual (procedure),UnitedHealthcare,Commercial,"$10,867","$10,867",$0,0.0%,91
225337009,Suicide risk assessment (procedure),Humana,Commercial,$661,$661,$0,0.0%,64
197380,(no description on file),Humana,Commercial,"$8,436","$8,436",$0,0.0%,37
37542007,Posttreatment stabilization  orthodontic device (procedure),Humana,Commercial,"$130,167","$130,167",$0,0.0%,256
82808001,Sleep apnea monitoring with alarm (regime/therapy),Aetna,Commercial,"$58,938","$58,938",$0,0.0%,119
866514,(no description on file),Humana,Commercial,"$16,301","$16,301",$0,0.0%,61
171121004,Human immunodeficiency virus screening (procedure),Dual Eligible,Government,"$15,957","$15,957",$0,0.0%,36
197904,(no description on file),Medicaid,Government,"$9,085","$9,085",$0,0.0%,40
18286008,Catheter ablation of tissue of heart (procedure),Aetna,Commercial,"$95,726","$95,726",$0,0.0%,13
234262008,Excision of axillary lymph node (procedure),UnitedHealthcare,Commercial,"$43,545","$43,545",$0,0.0%,32
434363004,Human epidermal growth factor receptor 2 gene detection by fluorescence in situ hybridization (procedure),Blue Cross Blue Shield,Commercial,"$386,473","$386,473",$0,0.0%,204
896006,(no description on file),Dual Eligible,Government,"$16,708","$16,708",$0,0.0%,70
609588000,Total knee replacement,Cigna Health,Commercial,"$186,263","$186,263",$0,0.0%,11
746811,(no description on file),Dual Eligible,Government,"$1,413","$1,413",$0,0.0%,5
385892002,Mental health screening (procedure),Cigna Health,Commercial,$807,$807,$0,0.0%,24
200346,(no description on file),Humana,Commercial,"$7,276","$7,276",$0,0.0%,29
108219001,Physician visit with evaluation AND/OR management service (procedure),Medicaid,Government,"$10,808","$10,808",$0,0.0%,91
711018006,Assessment of social support (procedure),Blue Cross Blue Shield,Commercial,"$15,389","$15,389",$0,0.0%,31
446987006,Determination of susceptibility of Human immunodeficiency virus 1 to panel of antiretroviral drugs using genotypic technique (procedure),Anthem,Commercial,"$18,676","$18,676",$0,0.0%,37
859751,(no description on file),UnitedHealthcare,Commercial,"$1,935","$1,935",$0,0.0%,7
313613002,Hepatitis A antibody test (procedure),Aetna,Commercial,"$16,262","$16,262",$0,0.0%,34
313572,(no description on file),Dual Eligible,Government,$141,$141,$0,0.0%,5
305425002,Admission to neurosurgical department,NO_INSURANCE,Self-Pay / Uninsured,"$5,300","$5,300",$0,0.0%,11
1873983,(no description on file),NO_INSURANCE,Self-Pay / Uninsured,"$9,586","$9,586",$0,0.0%,41
1014678,(no description on file),UnitedHealthcare,Commercial,"$22,949","$22,949",$0,0.0%,39
197541,(no description on file),Blue Cross Blue Shield,Commercial,"$9,776","$9,776",$0,0.0%,49
866511,(no description on file),UnitedHealthcare,Commercial,"$2,839","$2,839",$0,0.0%,10
993452,(no description on file),Anthem,Commercial,"$10,191","$10,191",$0,0.0%,10
268400002,12 lead electrocardiogram (procedure),Humana,Commercial,"$7,993","$7,993",$0,0.0%,13
856519,(no description on file),Dual Eligible,Government,"$1,376","$1,376",$0,0.0%,6
349201,(no description on file),Cigna Health,Commercial,"$2,558","$2,558",$0,0.0%,11
856535,(no description on file),NO_INSURANCE,Self-Pay / Uninsured,"$1,196","$1,196",$0,0.0%,5
856556,(no description on file),Medicare,Government,"$1,238","$1,238",$0,0.0%,6
896762,(no description on file),Medicaid,Government,"$2,323","$2,323",$0,0.0%,12
312750,(no description on file),Medicare,Government,$551,$551,$0,0.0%,2
241645008,Magnetic resonance imaging of spine (procedure),Cigna Health,Commercial,$816,$816,$0,0.0%,2
312749,(no description on file),Medicare,Government,"$1,022","$1,022",$0,0.0%,4
198767,(no description on file),NO_INSURANCE,Self-Pay / Uninsured,"$1,562","$1,562",$0,0.0%,7
198188,(no description on file),Aetna,Commercial,$350,$350,$0,0.0%,2
199885,(no description on file),Dual Eligible,Government,$209,$209,$0,0.0%,1
979464,(no description on file),Aetna,Commercial,$220,$220,$0,0.0%,1
1656346,(no description on file),Medicaid,Government,$250,$250,$0,0.0%,1
58390007,Allogeneic bone marrow transplantation (procedure),Blue Cross Blue Shield,Commercial,$496,$496,$0,0.0%,1
58000006,Patient discharge (procedure),Medicare,Government,"$16,715,854","$16,715,854",$0,0.0%,"34,152"
428211000124100,Assessment of substance use (procedure),Cigna Health,Commercial,"$1,314,072","$1,314,072",$0,0.0%,"287,428"
265764009,Renal dialysis (procedure),UnitedHealthcare,Commercial,"$180,646,831","$180,646,831",$0,0.0%,"228,869"
243085009,Oral health education (procedure),Humana,Commercial,"$149,048,917","$149,048,917",$0,0.0%,"295,686"
180256009,Subcutaneous immunotherapy,Humana,Commercial,"$765,696,708","$765,696,708",$0,0.0%,"66,329"
849574,(no description on file),NO_INSURANCE,Self-Pay / Uninsured,"$1,652,715","$1,652,715",$0,0.0%,"6,974"
349094,(no description on file),Dual Eligible,Government,"$1,941,980","$1,941,980",$0,0.0%,"8,372"
865098,(no description on file),Medicare,Government,"$5,469,959","$5,469,959",$0,0.0%,"5,995"
225158009,Auscultation of the fetal heart,Medicaid,Government,"$2,579,130,775","$2,579,130,775",$0,0.0%,"536,199"
197604,(no description on file),NO_INSURANCE,Self-Pay / Uninsured,"$8,677,948","$8,677,948",$0,0.0%,"6,963"
305336008,Admission to hospice (procedure),Medicaid,Government,"$296,965","$296,965",$0,0.0%,"2,443"
399014008,Administration of diphtheria  pertussis  and tetanus vaccine,Medicare,Government,"$24,349,506","$24,349,506",$0,0.0%,"9,913"
180256009,Subcutaneous immunotherapy,Aetna,Commercial,"$579,536,670","$579,536,670",$0,0.0%,"51,555"
274474001,Bone immobilization,Humana,Commercial,"$2,396,457","$2,396,457",$0,0.0%,"4,766"
198440,(no description on file),NO_INSURANCE,Self-Pay / Uninsured,$680,$680,$0,0.0%,"18,497"
351109,(no description on file),Medicaid,Government,"$8,521,845","$8,521,845",$0,0.0%,"36,897"
165829005,Gonorrhea infection titer test (procedure),Anthem,Commercial,"$31,834,136","$31,834,136",$0,0.0%,"16,835"
169673001,Antenatal RhD antibody screening,Medicaid,Government,"$16,646,930","$16,646,930",$0,0.0%,"8,992"
583214,(no description on file),Aetna,Commercial,"$12,640","$12,640",$0,0.0%,"3,613"
709138001,Notification of treatment plan (procedure),Medicare,Government,"$4,219,431","$4,219,431",$0,0.0%,"8,602"
162676008,Brief general examination (procedure),Blue Cross Blue Shield,Commercial,"$638,664","$638,664",$0,0.0%,"4,487"
245134,(no description on file),Aetna,Commercial,"$4,882,023","$4,882,023",$0,0.0%,"18,851"
904419,(no description on file),UnitedHealthcare,Commercial,"$30,857","$30,857",$0,0.0%,"3,006"
31208007,Medical induction of labor,Medicare,Government,"$5,863,814","$5,863,814",$0,0.0%,"1,652"
234687006,Grafting of periodontal bone defect (procedure),Medicare,Government,"$1,265,146","$1,265,146",$0,0.0%,"2,580"
385763009,Hospice care (regime/therapy),Aetna,Commercial,"$5,034,395","$5,034,395",$0,0.0%,494
866412,(no description on file),Aetna,Commercial,"$738,508","$738,508",$0,0.0%,"2,837"
170838006,Allergic disorder follow-up assessment,NO_INSURANCE,Self-Pay / Uninsured,"$101,674","$101,674",$0,0.0%,862
709138001,Notification of treatment plan (procedure),Aetna,Commercial,"$629,927","$629,927",$0,0.0%,"1,310"
185349003,Encounter for check up (procedure),Humana,Commercial,"$33,372,206","$33,372,206",$0,0.0%,"463,769"
310965,(no description on file),Cigna Health,Commercial,"$1,801,883","$1,801,883",$0,0.0%,"7,242"
245134,(no description on file),UnitedHealthcare,Commercial,"$2,592,938","$2,592,938",$0,0.0%,"10,107"
183478001,Emergency hospital admission for asthma,Medicaid,Government,"$878,859","$878,859",$0,0.0%,"7,086"
117015009,Throat culture (procedure),Medicaid,Government,"$93,508,835","$93,508,835",$0,0.0%,"51,466"
112790001,Nasal sinus endoscopy (procedure),Medicaid,Government,"$5,591,939","$5,591,939",$0,0.0%,"1,085"
1807513,(no description on file),Medicare,Government,"$53,414","$53,414",$0,0.0%,"8,355"
313782,(no description on file),Cigna Health,Commercial,"$5,069,816","$5,069,816",$0,0.0%,"26,153"
60027007,Radiography of wrist (procedure),Medicare,Government,"$1,466,740","$1,466,740",$0,0.0%,"3,075"
104375008,Hepatitis C antibody  confirmatory test,Dual Eligible,Government,"$6,899,224","$6,899,224",$0,0.0%,"3,811"
308283009,Discharge from hospital (procedure),Humana,Commercial,"$1,850,199","$1,850,199",$0,0.0%,"3,639"
234745004,Take oral or dental impression (procedure),Cigna Health,Commercial,"$3,154,087","$3,154,087",$0,0.0%,"6,497"
1860491,(no description on file),NO_INSURANCE,Self-Pay / Uninsured,"$3,827,823","$3,827,823",$0,0.0%,"15,345"
46706006,Replacement of contraceptive intrauterine device,Cigna Health,Commercial,"$26,675,231","$26,675,231",$0,0.0%,"3,179"
834102,(no description on file),Cigna Health,Commercial,"$747,060","$747,060",$0,0.0%,"3,481"
316744009,Office Visit,Dual Eligible,Government,"$330,476","$330,476",$0,0.0%,"4,573"
410006001,Digital examination of rectum,Dual Eligible,Government,"$1,436,840","$1,436,840",$0,0.0%,"3,627"
65546002,Extraction of wisdom tooth,Anthem,Commercial,"$30,239,799","$30,239,799",$0,0.0%,"2,734"
1729584,(no description on file),Medicaid,Government,"$131,976","$131,976",$0,0.0%,"1,364"
82808001,Sleep apnea monitoring with alarm (regime/therapy),Dual Eligible,Government,"$407,531","$407,531",$0,0.0%,887
33367005,Angiography of coronary artery (procedure),NO_INSURANCE,Self-Pay / Uninsured,"$1,331,245","$1,331,245",$0,0.0%,"2,737"
290045001,Kitchen practice,Dual Eligible,Government,"$264,559","$264,559",$0,0.0%,594
104375008,Hepatitis C antibody  confirmatory test,Blue Cross Blue Shield,Commercial,"$25,635,982","$25,635,982",$0,0.0%,"12,956"
121,(no description on file),Blue Cross Blue Shield,Commercial,"$1,344,224","$1,344,224",$0,0.0%,"9,884"
1860154,(no description on file),Dual Eligible,Government,"$216,439","$216,439",$0,0.0%,"1,722"
197454,(no description on file),Medicare,Government,"$423,934","$423,934",$0,0.0%,"1,632"
351136,(no description on file),Medicaid,Government,"$2,295,706","$2,295,706",$0,0.0%,"9,892"
1999667,(no description on file),Medicaid,Government,"$130,415","$130,415",$0,0.0%,560
698560000,Referral to sleep apnea clinic (procedure),Cigna Health,Commercial,"$548,782","$548,782",$0,0.0%,"1,130"
14768001,Peripheral blood smear interpretation,Dual Eligible,Government,"$909,408","$909,408",$0,0.0%,"1,972"
271280005,Removal of endotracheal tube (procedure),NO_INSURANCE,Self-Pay / Uninsured,"$189,134","$189,134",$0,0.0%,"1,045"
2563431,(no description on file),Blue Cross Blue Shield,Commercial,"$99,703","$99,703",$0,0.0%,416
88039007,Transplant of lung (procedure),Medicare,Government,"$86,413,155","$86,413,155",$0,0.0%,588
904475,(no description on file),Humana,Commercial,"$3,712","$3,712",$0,0.0%,16
69031006,Excision of breast tissue (procedure),Medicare,Government,"$1,756,695","$1,756,695",$0,0.0%,479
1014676,(no description on file),Blue Cross Blue Shield,Commercial,"$211,813","$211,813",$0,0.0%,376
749196,(no description on file),Anthem,Commercial,"$50,991","$50,991",$0,0.0%,193
236974004,Instrumental delivery,Blue Cross Blue Shield,Commercial,"$5,583,086","$5,583,086",$0,0.0%,875
45595009,Laparoscopic Removal of Gall Bladder,Medicare,Government,"$1,879,385","$1,879,385",$0,0.0%,375
24832002,Closed reduction of mandibular fracture (procedure),Humana,Commercial,"$137,590","$137,590",$0,0.0%,269
24832002,Closed reduction of mandibular fracture (procedure),Anthem,Commercial,"$98,961","$98,961",$0,0.0%,202
179632003,Closed reduction of dislocation of temporomandibular joint (procedure),Cigna Health,Commercial,"$111,368","$111,368",$0,0.0%,225
179632003,Closed reduction of dislocation of temporomandibular joint (procedure),Humana,Commercial,"$116,912","$116,912",$0,0.0%,231
1732186,(no description on file),NO_INSURANCE,Self-Pay / Uninsured,$403,$403,$0,0.0%,204
185389009,Follow-up visit (procedure),Anthem,Commercial,"$8,428","$8,428",$0,0.0%,120
305340004,Admission to long stay hospital,UnitedHealthcare,Commercial,"$24,543","$24,543",$0,0.0%,49
428830000,Pretransplant evaluation of kidney recipient (procedure),UnitedHealthcare,Commercial,"$221,832","$221,832",$0,0.0%,445
865098,(no description on file),Anthem,Commercial,"$301,772","$301,772",$0,0.0%,332
171122006,Hepatitis B screening (procedure),UnitedHealthcare,Commercial,"$12,667","$12,667",$0,0.0%,28
76464004,Hospital admission  for observation (procedure),Anthem,Commercial,"$14,548","$14,548",$0,0.0%,121
313077009,Human immunodeficiency virus counseling (procedure),Medicare,Government,"$32,732","$32,732",$0,0.0%,67
185087000,Notifications (procedure),Aetna,Commercial,"$237,629","$237,629",$0,0.0%,490
966524,(no description on file),Anthem,Commercial,"$23,135","$23,135",$0,0.0%,100
1287742003,Radiotherapy (procedure),NO_INSURANCE,Self-Pay / Uninsured,"$74,054","$74,054",$0,0.0%,132
26763009,Controlled ventilation procedure and therapy  initiation and management (procedure),Medicaid,Government,"$1,404,589","$1,404,589",$0,0.0%,417
305340004,Admission to long stay hospital,Medicare,Government,"$63,594","$63,594",$0,0.0%,129
179632003,Closed reduction of dislocation of temporomandibular joint (procedure),Dual Eligible,Government,"$41,369","$41,369",$0,0.0%,91
303653007,Computed tomography of head (procedure),NO_INSURANCE,Self-Pay / Uninsured,"$5,788","$5,788",$0,0.0%,12
410299006,Lab findings education  guidance  and counseling (procedure),Cigna Health,Commercial,"$91,540","$91,540",$0,0.0%,187
198240,(no description on file),Anthem,Commercial,"$59,694","$59,694",$0,0.0%,80
1116758,(no description on file),Blue Cross Blue Shield,Commercial,"$6,844","$6,844",$0,0.0%,45
808917,(no description on file),Blue Cross Blue Shield,Commercial,"$34,417","$34,417",$0,0.0%,134
445528004,Treatment changed (situation),Blue Cross Blue Shield,Commercial,"$4,798","$4,798",$0,0.0%,9
746811,(no description on file),Medicaid,Government,"$5,408","$5,408",$0,0.0%,24
597195,(no description on file),UnitedHealthcare,Commercial,$19,$19,$0,0.0%,19
82808001,Sleep apnea monitoring with alarm (regime/therapy),Blue Cross Blue Shield,Commercial,"$40,129","$40,129",$0,0.0%,79
384692006,Intracavitary brachytherapy (procedure),Medicare,Government,"$578,495","$578,495",$0,0.0%,33
180325003,Direct current cardioversion (procedure),Blue Cross Blue Shield,Commercial,"$830,301","$830,301",$0,0.0%,36
197905,(no description on file),Medicaid,Government,"$4,926","$4,926",$0,0.0%,21
856980,(no description on file),Medicare,Government,$571,$571,$0,0.0%,39
234336002,Hemopoietic stem cell transplant (procedure),Medicaid,Government,"$6,022","$6,022",$0,0.0%,13
856519,(no description on file),Aetna,Commercial,"$1,452","$1,452",$0,0.0%,5
308251003,Admission to clinical oncology department (procedure),Blue Cross Blue Shield,Commercial,"$1,371","$1,371",$0,0.0%,11
349483,(no description on file),Medicare,Government,"$1,107","$1,107",$0,0.0%,5
387607004,Construction of diverting colostomy,Cigna Health,Commercial,"$82,668","$82,668",$0,0.0%,5
313212,(no description on file),Anthem,Commercial,"$1,130","$1,130",$0,0.0%,5
387607004,Construction of diverting colostomy,Dual Eligible,Government,"$78,402","$78,402",$0,0.0%,4
197886,(no description on file),NO_INSURANCE,Self-Pay / Uninsured,"$3,334","$3,334",$0,0.0%,12
404909007,Injection of botulinum toxin (procedure),Medicaid,Government,"$1,390","$1,390",$0,0.0%,3
861650,(no description on file),Blue Cross Blue Shield,Commercial,$860,$860,$0,0.0%,3
751623,(no description on file),UnitedHealthcare,Commercial,"$1,126","$1,126",$0,0.0%,4
180030006,Amputation of right foot,Blue Cross Blue Shield,Commercial,"$95,597","$95,597",$0,0.0%,4
79733001,Amputation of right leg,Cigna Health,Commercial,"$39,253","$39,253",$0,0.0%,3
234817001,Insertion of oral appliance for the handicapped (procedure),UnitedHealthcare,Commercial,"$1,417","$1,417",$0,0.0%,3
861356,(no description on file),Humana,Commercial,$565,$565,$0,0.0%,2
751616,(no description on file),UnitedHealthcare,Commercial,$418,$418,$0,0.0%,2
898723,(no description on file),Dual Eligible,Government,$209,$209,$0,0.0%,1
204844,(no description on file),NO_INSURANCE,Self-Pay / Uninsured,$220,$220,$0,0.0%,1
1373463,(no description on file),Blue Cross Blue Shield,Commercial,"$15,110","$15,110",$0,0.0%,2
212390,(no description on file),Aetna,Commercial,$283,$283,$0,0.0%,1
33879002,Administration of vaccine to produce active immunity (procedure),Blue Cross Blue Shield,Commercial,"$10,868,056","$10,868,056",$0,0.0%,"90,720"
225362009,Dental care (regime/therapy),Cigna Health,Commercial,"$125,816,877","$125,816,877",$0,0.0%,"259,389"
33879002,Administration of vaccine to produce active immunity (procedure),Cigna Health,Commercial,"$15,435,717","$15,435,717",$0,0.0%,"131,996"
205923,(no description on file),Dual Eligible,Government,"$33,027,788","$33,027,788",$0,0.0%,"639,341"
710841007,Assessment of anxiety (procedure),Anthem,Commercial,"$8,671,103","$8,671,103",$0,0.0%,"227,950"
386053000,Evaluation procedure (procedure),Medicaid,Government,"$7,272,858","$7,272,858",$0,0.0%,"15,639"
410401003,Nursing care/supplementary surveillance (regime/therapy),Medicaid,Government,"$148,897,685","$148,897,685",$0,0.0%,"18,382"
424441002,Prenatal initial visit,NO_INSURANCE,Self-Pay / Uninsured,"$2,535,456","$2,535,456",$0,0.0%,"21,433"
271442007,Fetal anatomy study,Medicaid,Government,"$26,104,734","$26,104,734",$0,0.0%,"55,532"
439740005,Postoperative follow-up visit (procedure),Aetna,Commercial,"$718,003","$718,003",$0,0.0%,"6,126"
207,(no description on file),Aetna,Commercial,"$7,946,480","$7,946,480",$0,0.0%,"58,425"
57617002,Urine specimen collection (procedure),Cigna Health,Commercial,"$2,831,372","$2,831,372",$0,0.0%,"5,806"
185345009,Encounter for symptom,Blue Cross Blue Shield,Commercial,"$8,216,112","$8,216,112",$0,0.0%,"114,544"
162676008,Brief general examination (procedure),Medicare,Government,"$861,919","$861,919",$0,0.0%,"6,249"
228557008,Cognitive and behavioral therapy (regime/therapy),Aetna,Commercial,"$76,606,704","$76,606,704",$0,0.0%,"8,002"
104375008,Hepatitis C antibody  confirmatory test,UnitedHealthcare,Commercial,"$23,225,404","$23,225,404",$0,0.0%,"11,848"
310861008,Chlamydia antigen test,Humana,Commercial,"$47,629,389","$47,629,389",$0,0.0%,"24,148"
104091002,Hemogram  automated  with RBC  WBC  Hgb  Hct  Indices  Platelet count  and manual WBC differential,UnitedHealthcare,Commercial,"$45,841,872","$45,841,872",$0,0.0%,"23,221"
424441002,Prenatal initial visit,Dual Eligible,Government,"$692,588","$692,588",$0,0.0%,"5,773"
73761001,Colonoscopy,NO_INSURANCE,Self-Pay / Uninsured,"$158,338,700","$158,338,700",$0,0.0%,"14,367"
703423002,Combined chemotherapy and radiation therapy (procedure),Medicare,Government,"$2,533,324,415","$2,533,324,415",$0,0.0%,"44,755"
456191000124101,Postoperative care for dental procedure (regime/therapy),Blue Cross Blue Shield,Commercial,"$16,185,117","$16,185,117",$0,0.0%,"31,338"
448337001,Telemedicine consultation with patient,Blue Cross Blue Shield,Commercial,"$278,044","$278,044",$0,0.0%,"2,702"
44608003,Blood group typing (procedure),UnitedHealthcare,Commercial,"$24,594,035","$24,594,035",$0,0.0%,"12,534"
66348005,Childbirth,NO_INSURANCE,Self-Pay / Uninsured,"$5,817,068","$5,817,068",$0,0.0%,"11,824"
313988,(no description on file),Medicaid,Government,"$6,370","$6,370",$0,0.0%,"3,166"
117015009,Throat culture (procedure),NO_INSURANCE,Self-Pay / Uninsured,"$24,039,684","$24,039,684",$0,0.0%,"12,722"
29303009,Electrocardiographic procedure (procedure),NO_INSURANCE,Self-Pay / Uninsured,"$7,549,113","$7,549,113",$0,0.0%,"3,176"
200619008,Comprehensive interview and evaluation (procedure),Dual Eligible,Government,"$1,161,060","$1,161,060",$0,0.0%,"2,551"
441550005,Urinalysis with reflex to microscopy and culture (procedure),Dual Eligible,Government,"$2,444,630","$2,444,630",$0,0.0%,"4,014"
562251,(no description on file),Medicare,Government,"$11,102,179","$11,102,179",$0,0.0%,"22,321"
351109,(no description on file),Dual Eligible,Government,"$3,315,090","$3,315,090",$0,0.0%,"14,444"
895996,(no description on file),Medicaid,Government,"$11,110,340","$11,110,340",$0,0.0%,"47,888"
91251008,Physical therapy procedure (regime/therapy),Dual Eligible,Government,"$14,454,897","$14,454,897",$0,0.0%,"20,730"
10,(no description on file),Humana,Commercial,"$3,688,728","$3,688,728",$0,0.0%,"27,123"
269911007,Sputum examination (procedure),Anthem,Commercial,"$27,536,996","$27,536,996",$0,0.0%,"4,750"
1049221,(no description on file),Aetna,Commercial,"$37,425","$37,425",$0,0.0%,"3,806"
895996,(no description on file),Dual Eligible,Government,"$4,363,352","$4,363,352",$0,0.0%,"19,069"
709010006,Liaising with referral source (procedure),Medicare,Government,"$676,328","$676,328",$0,0.0%,"1,378"
441550005,Urinalysis with reflex to microscopy and culture (procedure),UnitedHealthcare,Commercial,"$2,729,886","$2,729,886",$0,0.0%,"4,165"
1659149,(no description on file),Medicare,Government,"$77,687","$77,687",$0,0.0%,"8,762"
562251,(no description on file),Aetna,Commercial,"$5,780,713","$5,780,713",$0,0.0%,"11,319"
562251,(no description on file),Anthem,Commercial,"$5,382,560","$5,382,560",$0,0.0%,"10,685"
370995009,Health risks education (procedure),Medicaid,Government,"$1,028","$1,028",$0,0.0%,"27,521"
312617,(no description on file),Anthem,Commercial,"$3,715","$3,715",$0,0.0%,498
449411000124106,Admission to skilled nursing facility (procedure),Blue Cross Blue Shield,Commercial,"$344,737","$344,737",$0,0.0%,"2,598"
225386006,Pre-discharge assessment (procedure),Blue Cross Blue Shield,Commercial,"$1,923,176","$1,923,176",$0,0.0%,"3,831"
861467,(no description on file),Blue Cross Blue Shield,Commercial,"$99,387","$99,387",$0,0.0%,"1,023"
301807007,Removal of subcutaneous contraceptive,NO_INSURANCE,Self-Pay / Uninsured,"$37,091,829","$37,091,829",$0,0.0%,"4,306"
1796676,(no description on file),Dual Eligible,Government,"$527,732","$527,732",$0,0.0%,"2,318"
392247006,Insertion of catheter into artery (procedure),Anthem,Commercial,"$521,709","$521,709",$0,0.0%,"1,075"
210098006,Domiciliary or rest home patient evaluation and management,Aetna,Commercial,"$299,716","$299,716",$0,0.0%,"2,580"
268533009,Sterilization education (procedure),Medicare,Government,"$425,538","$425,538",$0,0.0%,858
122548005,Biopsy of breast (procedure),Anthem,Commercial,"$996,634","$996,634",$0,0.0%,278
1049504,(no description on file),Humana,Commercial,"$4,821,407","$4,821,407",$0,0.0%,"18,819"
33195004,External beam radiation therapy procedure (procedure),Medicare,Government,"$18,623,300","$18,623,300",$0,0.0%,"19,054"
169553002,Insertion of subcutaneous contraceptive,Medicare,Government,"$57,818,399","$57,818,399",$0,0.0%,"6,599"
243670,(no description on file),Dual Eligible,Government,"$283,653","$283,653",$0,0.0%,"1,632"
1803932,(no description on file),Blue Cross Blue Shield,Commercial,"$8,696","$8,696",$0,0.0%,779
367336001,Chemotherapy (procedure),Aetna,Commercial,"$528,570","$528,570",$0,0.0%,"1,077"
63697000,Cardiopulmonary bypass operation (procedure),NO_INSURANCE,Self-Pay / Uninsured,"$311,842","$311,842",$0,0.0%,640
1225002,Upper arm X-ray,Aetna,Commercial,"$400,363","$400,363",$0,0.0%,844
979092,(no description on file),UnitedHealthcare,Commercial,$35,$35,$0,0.0%,122
197381,(no description on file),Medicaid,Government,"$24,297","$24,297",$0,0.0%,108
106258,(no description on file),Cigna Health,Commercial,"$51,720","$51,720",$0,0.0%,266
197541,(no description on file),Humana,Commercial,"$18,580","$18,580",$0,0.0%,106
170838006,Allergic disorder follow-up assessment,Humana,Commercial,"$157,925","$157,925",$0,0.0%,"1,320"
116861002,Transfusion of fresh frozen plasma (procedure),Aetna,Commercial,"$93,789","$93,789",$0,0.0%,184
1723208,(no description on file),Blue Cross Blue Shield,Commercial,$499,$499,$0,0.0%,173
365853002,Imaging finding (finding),Dual Eligible,Government,"$23,371","$23,371",$0,0.0%,46
200349,(no description on file),Dual Eligible,Government,"$24,249","$24,249",$0,0.0%,106
232717009,Coronary artery bypass grafting (procedure),Cigna Health,Commercial,"$27,495,796","$27,495,796",$0,0.0%,688
234687006,Grafting of periodontal bone defect (procedure),UnitedHealthcare,Commercial,"$198,901","$198,901",$0,0.0%,394
617311,(no description on file),NO_INSURANCE,Self-Pay / Uninsured,"$24,841","$24,841",$0,0.0%,97
105376000,Transesophageal echocardiography (procedure),Humana,Commercial,"$27,996","$27,996",$0,0.0%,56
866146005,Serum metabolic panel (procedure),UnitedHealthcare,Commercial,"$85,463","$85,463",$0,0.0%,172
18286008,Catheter ablation of tissue of heart (procedure),Dual Eligible,Government,"$886,915","$886,915",$0,0.0%,108
67799006,Diagnosis of cystic fibrosis using sweat test and gene test,Medicaid,Government,$908,$908,$0,0.0%,7
385781007,Home health aide service (regime/therapy),Medicaid,Government,"$135,460","$135,460",$0,0.0%,301
182777000,Monitoring of patient (regime/therapy),Anthem,Commercial,"$17,901","$17,901",$0,0.0%,33
226719,(no description on file),Anthem,Commercial,"$185,844","$185,844",$0,0.0%,696
86013001,Periodic reevaluation and management of healthy individual (procedure),Aetna,Commercial,"$19,920","$19,920",$0,0.0%,172
69031006,Excision of breast tissue (procedure),Medicaid,Government,"$899,231","$899,231",$0,0.0%,259
979492,(no description on file),Anthem,Commercial,"$55,267","$55,267",$0,0.0%,203
199224,(no description on file),Medicare,Government,"$60,270","$60,270",$0,0.0%,142
90470006,Prostatectomy,Humana,Commercial,"$442,947","$442,947",$0,0.0%,67
713021002,Plain X-ray of pelvis (procedure),NO_INSURANCE,Self-Pay / Uninsured,"$36,429","$36,429",$0,0.0%,70
898342,(no description on file),Dual Eligible,Government,"$2,802","$2,802",$0,0.0%,13
999999,(no description on file),NO_INSURANCE,Self-Pay / Uninsured,"$9,019","$9,019",$0,0.0%,39
412809002,Viral hepatitis screening test (procedure),Dual Eligible,Government,"$17,229","$17,229",$0,0.0%,39
180325003,Direct current cardioversion (procedure),Humana,Commercial,"$1,982,655","$1,982,655",$0,0.0%,80
904475,(no description on file),UnitedHealthcare,Commercial,"$3,807","$3,807",$0,0.0%,15
997501,(no description on file),Blue Cross Blue Shield,Commercial,"$26,446","$26,446",$0,0.0%,44
112001000119100,positive screening for depression on phq9,NO_INSURANCE,Self-Pay / Uninsured,"$18,755","$18,755",$0,0.0%,37
252559,(no description on file),Cigna Health,Commercial,"$11,427","$11,427",$0,0.0%,42
38102005,Open Removal of Gall Bladder,Humana,Commercial,"$397,811","$397,811",$0,0.0%,19
387685009,Surgical manipulation of shoulder joint,Aetna,Commercial,"$885,720","$885,720",$0,0.0%,64
1649987,(no description on file),Blue Cross Blue Shield,Commercial,"$19,417","$19,417",$0,0.0%,79
65710008,Oxygen Therapy,Medicare,Government,"$7,024","$7,024",$0,0.0%,13
43075005,Partial resection of colon,UnitedHealthcare,Commercial,"$4,324,288","$4,324,288",$0,0.0%,170
197887,(no description on file),UnitedHealthcare,Commercial,"$2,363","$2,363",$0,0.0%,10
303653007,Computed tomography of head (procedure),Humana,Commercial,"$7,707","$7,707",$0,0.0%,15
74857009,Hospital admission  short-term  24 hours,Aetna,Commercial,"$16,098","$16,098",$0,0.0%,9
403875,(no description on file),Blue Cross Blue Shield,Commercial,"$1,101","$1,101",$0,0.0%,5
860182,(no description on file),Medicare,Government,"$2,396","$2,396",$0,0.0%,9
858810,(no description on file),Aetna,Commercial,"$1,194","$1,194",$0,0.0%,5
1243052,(no description on file),Medicare,Government,"$65,651","$65,651",$0,0.0%,5
858817,(no description on file),NO_INSURANCE,Self-Pay / Uninsured,"$1,458","$1,458",$0,0.0%,6
833135,(no description on file),Anthem,Commercial,"$1,300","$1,300",$0,0.0%,5
252895004,Urodynamic studies (procedure,Aetna,Commercial,"$1,478","$1,478",$0,0.0%,3
229069003,Posture training (procedure),Aetna,Commercial,"$2,585","$2,585",$0,0.0%,5
866429,(no description on file),Aetna,Commercial,$701,$701,$0,0.0%,3
199885,(no description on file),Aetna,Commercial,$565,$565,$0,0.0%,2
979464,(no description on file),NO_INSURANCE,Self-Pay / Uninsured,"$1,039","$1,039",$0,0.0%,4
30088009,Blood culture (procedure),UnitedHealthcare,Commercial,"$2,284","$2,284",$0,0.0%,4
282755,(no description on file),Medicare,Government,$712,$712,$0,0.0%,3
197903,(no description on file),Humana,Commercial,$209,$209,$0,0.0%,1
1191222,(no description on file),Cigna Health,Commercial,$308,$308,$0,0.0%,1
979473,(no description on file),Medicare,Government,$366,$366,$0,0.0%,1
234336002,Hemopoietic stem cell transplant (procedure),Humana,Commercial,$904,$904,$0,0.0%,2
225362009,Dental care (regime/therapy),Dual Eligible,Government,"$149,962,844","$149,962,844",$0,0.0%,"330,981"
410620009,Well child visit (procedure),Medicaid,Government,"$92,055,982","$92,055,982",$0,0.0%,"737,338"
428211000124100,Assessment of substance use (procedure),Humana,Commercial,"$1,734,011","$1,734,011",$0,0.0%,"360,762"
68071007,Dental fluoride treatment (procedure),Dual Eligible,Government,"$75,065,231","$75,065,231",$0,0.0%,"165,770"
140,(no description on file),Anthem,Commercial,"$51,737,120","$51,737,120",$0,0.0%,"380,420"
385763009,Hospice care (regime/therapy),Medicare,Government,"$364,442,562","$364,442,562",$0,0.0%,"34,827"
385798007,Radiation therapy care (regime/therapy),Dual Eligible,Government,"$1,145,874","$1,145,874",$0,0.0%,"2,543"
275833003,AFP test - antenatal,Medicaid,Government,"$101,718,871","$101,718,871",$0,0.0%,"55,532"
290045001,Kitchen practice,Medicaid,Government,"$4,975,177","$4,975,177",$0,0.0%,"10,640"
20,(no description on file),Humana,Commercial,"$4,587,280","$4,587,280",$0,0.0%,"33,730"
745752,(no description on file),NO_INSURANCE,Self-Pay / Uninsured,"$2,198,969","$2,198,969",$0,0.0%,"8,601"
386516004,Anticipatory guidance (procedure),NO_INSURANCE,Self-Pay / Uninsured,$904,$904,$0,0.0%,"19,714"
386516004,Anticipatory guidance (procedure),Medicaid,Government,"$3,431","$3,431",$0,0.0%,"102,104"
2123111,(no description on file),Medicaid,Government,"$34,304,622","$34,304,622",$0,0.0%,"25,473"
306706006,Discharge to ward (procedure),Humana,Commercial,"$641,809","$641,809",$0,0.0%,"1,271"
763302001,Assessment using Alcohol Use Disorders Identification Test - Consumption (procedure),NO_INSURANCE,Self-Pay / Uninsured,"$8,407","$8,407",$0,0.0%,"110,101"
409023009,Professional / ancillary services care (regime/therapy),Cigna Health,Commercial,"$12,743,522","$12,743,522",$0,0.0%,"4,771"
208,(no description on file),Dual Eligible,Government,"$7,774,440","$7,774,440",$0,0.0%,"57,116"
168594001,Clavicle X-ray,Medicare,Government,"$2,258,108","$2,258,108",$0,0.0%,"4,590"
1290459008,Plain X-ray of ankle region (procedure),Medicare,Government,"$546,069","$546,069",$0,0.0%,"1,033"
433236007,Transthoracic echocardiography (procedure),Anthem,Commercial,"$880,734","$880,734",$0,0.0%,"1,809"
51116004,Passive immunization (procedure),Anthem,Commercial,"$11,923,903","$11,923,903",$0,0.0%,"4,917"
275833003,AFP test - antenatal,Aetna,Commercial,"$24,702,654","$24,702,654",$0,0.0%,"13,240"
854252,(no description on file),UnitedHealthcare,Commercial,"$59,113","$59,113",$0,0.0%,"3,433"
74016001,Knee X-ray,Medicaid,Government,"$1,241,718","$1,241,718",$0,0.0%,"2,738"
351266,(no description on file),Medicare,Government,"$5,603,876","$5,603,876",$0,0.0%,"22,041"
395123002,Urine screening test for diabetes,Aetna,Commercial,"$32,746,799","$32,746,799",$0,0.0%,"17,224"
966222,(no description on file),Medicare,Government,$171,$171,$0,0.0%,563
226719,(no description on file),Cigna Health,Commercial,"$269,266","$269,266",$0,0.0%,997
410620009,Well child visit (procedure),Blue Cross Blue Shield,Commercial,"$19,504,252","$19,504,252",$0,0.0%,"148,558"
1256042007,Restoration of tooth with coverage of all cusps using dental filling material (procedure),Blue Cross Blue Shield,Commercial,"$8,659,205","$8,659,205",$0,0.0%,"17,226"
415070008,Percutaneous coronary intervention (procedure),Medicare,Government,"$288,354,366","$288,354,366",$0,0.0%,"14,003"
448337001,Telemedicine consultation with patient,NO_INSURANCE,Self-Pay / Uninsured,"$1,386,287","$1,386,287",$0,0.0%,"12,011"
229064008,Movement therapy (regime/therapy),Cigna Health,Commercial,"$3,960,457","$3,960,457",$0,0.0%,"8,092"
225386006,Pre-discharge assessment (procedure),Dual Eligible,Government,"$4,391,608","$4,391,608",$0,0.0%,"9,668"
310861008,Chlamydia antigen test,Aetna,Commercial,"$32,603,925","$32,603,925",$0,0.0%,"17,224"
749762,(no description on file),Aetna,Commercial,"$3,860,089","$3,860,089",$0,0.0%,"4,265"
310861008,Chlamydia antigen test,Dual Eligible,Government,"$6,936,637","$6,936,637",$0,0.0%,"3,811"
212,(no description on file),Cigna Health,Commercial,"$617,848","$617,848",$0,0.0%,"4,543"
3,(no description on file),Cigna Health,Commercial,"$1,358,912","$1,358,912",$0,0.0%,"9,992"
1659131,(no description on file),UnitedHealthcare,Commercial,"$71,145","$71,145",$0,0.0%,283
57617002,Urine specimen collection (procedure),UnitedHealthcare,Commercial,"$2,088,982","$2,088,982",$0,0.0%,"4,165"
857005,(no description on file),Dual Eligible,Government,"$28,738","$28,738",$0,0.0%,"1,345"
237001001,Augmentation of labor,Aetna,Commercial,"$3,845,839","$3,845,839",$0,0.0%,"1,028"
52765003,Intubation,Dual Eligible,Government,"$857,036","$857,036",$0,0.0%,"2,453"
84478008,Occupational therapy (regime/therapy),Blue Cross Blue Shield,Commercial,"$3,685,452","$3,685,452",$0,0.0%,"2,672"
410006001,Digital examination of rectum,NO_INSURANCE,Self-Pay / Uninsured,"$432,146","$432,146",$0,0.0%,951
308182,(no description on file),NO_INSURANCE,Self-Pay / Uninsured,"$125,149","$125,149",$0,0.0%,"1,106"
308971,(no description on file),Medicare,Government,"$1,288,197","$1,288,197",$0,0.0%,"1,202"
169673001,Antenatal RhD antibody screening,Dual Eligible,Government,"$1,147,033","$1,147,033",$0,0.0%,628
1803932,(no description on file),Humana,Commercial,"$16,699","$16,699",$0,0.0%,"1,511"
108290001,Radiation oncology AND/OR radiotherapy (procedure),Dual Eligible,Government,"$79,472,299","$79,472,299",$0,0.0%,791
1803932,(no description on file),Anthem,Commercial,"$13,583","$13,583",$0,0.0%,"1,171"
117015009,Throat culture (procedure),Dual Eligible,Government,"$10,280,115","$10,280,115",$0,0.0%,"5,778"
245134,(no description on file),Cigna Health,Commercial,"$5,093,894","$5,093,894",$0,0.0%,"19,459"
866146005,Serum metabolic panel (procedure),Medicare,Government,"$235,552","$235,552",$0,0.0%,482
386478007,Triage emergency center (procedure),Anthem,Commercial,"$845,712","$845,712",$0,0.0%,"1,729"
309097,(no description on file),Cigna Health,Commercial,"$1,024,020","$1,024,020",$0,0.0%,"1,394"
390791001,Referral for echocardiography (procedure),NO_INSURANCE,Self-Pay / Uninsured,"$512,213","$512,213",$0,0.0%,"1,035"
179632003,Closed reduction of dislocation of temporomandibular joint (procedure),Medicaid,Government,"$248,165","$248,165",$0,0.0%,538
271280005,Removal of endotracheal tube (procedure),Humana,Commercial,"$245,135","$245,135",$0,0.0%,"1,319"
305433001,Admission to trauma surgery department,Medicare,Government,"$95,725","$95,725",$0,0.0%,195
763228001,Assessment using Canadian Study of Health and Aging Clinical Frailty Scale (procedure),NO_INSURANCE,Self-Pay / Uninsured,"$25,804","$25,804",$0,0.0%,53
713026007,Plain X-ray of humerus (procedure),Medicaid,Government,"$398,172","$398,172",$0,0.0%,764
698354004,Magnetic resonance imaging for measurement of brain volume (procedure),Medicare,Government,"$5,261,567","$5,261,567",$0,0.0%,553
897122,(no description on file),Dual Eligible,Government,"$5,809,700","$5,809,700",$0,0.0%,346
434363004,Human epidermal growth factor receptor 2 gene detection by fluorescence in situ hybridization (procedure),Cigna Health,Commercial,"$565,542","$565,542",$0,0.0%,311
1648755,(no description on file),Dual Eligible,Government,"$93,037","$93,037",$0,0.0%,400
116861002,Transfusion of fresh frozen plasma (procedure),Dual Eligible,Government,"$174,408","$174,408",$0,0.0%,359
859747,(no description on file),Medicare,Government,"$41,244","$41,244",$0,0.0%,162
24832002,Closed reduction of mandibular fracture (procedure),Cigna Health,Commercial,"$97,470","$97,470",$0,0.0%,201
177157003,Spontaneous breech delivery,NO_INSURANCE,Self-Pay / Uninsured,"$217,334","$217,334",$0,0.0%,32
243150007,Assist control ventilation (regime/therapy),Cigna Health,Commercial,"$179,836","$179,836",$0,0.0%,46
386394001,Pregnancy termination care,Dual Eligible,Government,"$679,350","$679,350",$0,0.0%,"1,047"
418824004,Off-pump coronary artery bypass (procedure),Medicaid,Government,"$549,104","$549,104",$0,0.0%,"1,213"
412809002,Viral hepatitis screening test (procedure),Medicaid,Government,"$60,446","$60,446",$0,0.0%,130
897122,(no description on file),Blue Cross Blue Shield,Commercial,"$2,164,296","$2,164,296",$0,0.0%,119
733863009,Assessment of readiness for self-management (procedure),UnitedHealthcare,Commercial,"$12,667","$12,667",$0,0.0%,28
234687006,Grafting of periodontal bone defect (procedure),Anthem,Commercial,"$317,961","$317,961",$0,0.0%,657
751623,(no description on file),Cigna Health,Commercial,"$1,741","$1,741",$0,0.0%,6
1729584,(no description on file),Aetna,Commercial,"$54,166","$54,166",$0,0.0%,492
308971,(no description on file),Humana,Commercial,"$158,850","$158,850",$0,0.0%,143
866511,(no description on file),Medicaid,Government,"$15,283","$15,283",$0,0.0%,67
23183008,Excision of lingual torus (procedure),Medicare,Government,"$105,992","$105,992",$0,0.0%,216
271280005,Removal of endotracheal tube (procedure),UnitedHealthcare,Commercial,"$123,394","$123,394",$0,0.0%,667
966529,(no description on file),Humana,Commercial,"$28,747","$28,747",$0,0.0%,98
979492,(no description on file),UnitedHealthcare,Commercial,"$30,332","$30,332",$0,0.0%,124
223487003,Discussion about options (procedure),Blue Cross Blue Shield,Commercial,"$102,682","$102,682",$0,0.0%,205
384682003,Multidisciplinary care conference (procedure),Dual Eligible,Government,"$39,948","$39,948",$0,0.0%,86
238100,(no description on file),Medicaid,Government,$91,$91,$0,0.0%,100
34896006,Incision (procedure),Anthem,Commercial,"$34,979","$34,979",$0,0.0%,74
443497002,Excision of sentinel lymph node (procedure),Cigna Health,Commercial,"$568,140","$568,140",$0,0.0%,50
386510005,Amputation care (regime/therapy),Humana,Commercial,"$5,010","$5,010",$0,0.0%,10
1656346,(no description on file),Medicare,Government,"$6,199","$6,199",$0,0.0%,26
562508,(no description on file),Humana,Commercial,"$34,353","$34,353",$0,0.0%,136
1946840,(no description on file),Anthem,Commercial,"$6,113","$6,113",$0,0.0%,27
1287742003,Radiotherapy (procedure),Medicaid,Government,"$34,549","$34,549",$0,0.0%,68
373786007,Reasons for treatment delay (finding),Blue Cross Blue Shield,Commercial,"$6,764","$6,764",$0,0.0%,14
904481,(no description on file),Cigna Health,Commercial,"$2,145","$2,145",$0,0.0%,9
993452,(no description on file),Humana,Commercial,"$7,347","$7,347",$0,0.0%,7
200064,(no description on file),Aetna,Commercial,"$6,927","$6,927",$0,0.0%,16
43060002,Intravenous injection (procedure),Humana,Commercial,"$5,097","$5,097",$0,0.0%,9
91602002,Thoracentesis (procedure),Blue Cross Blue Shield,Commercial,"$215,200","$215,200",$0,0.0%,15
686924,(no description on file),Blue Cross Blue Shield,Commercial,"$2,530","$2,530",$0,0.0%,9
104308009,Serologic test for Toxoplasma gondii (procedure),Blue Cross Blue Shield,Commercial,"$15,389","$15,389",$0,0.0%,31
304532001,Treatment failure risk education (procedure),Anthem,Commercial,"$3,866","$3,866",$0,0.0%,8
167995008,Sputum microscopy (procedure),Blue Cross Blue Shield,Commercial,"$92,990","$92,990",$0,0.0%,17
898719,(no description on file),Dual Eligible,Government,"$1,933","$1,933",$0,0.0%,9
311353,(no description on file),Cigna Health,Commercial,"$2,642","$2,642",$0,0.0%,10
979471,(no description on file),Humana,Commercial,"$1,512","$1,512",$0,0.0%,7
197886,(no description on file),Blue Cross Blue Shield,Commercial,"$1,991","$1,991",$0,0.0%,8
885219,(no description on file),Medicaid,Government,"$1,014","$1,014",$0,0.0%,3
58390007,Allogeneic bone marrow transplantation (procedure),Medicaid,Government,"$2,196","$2,196",$0,0.0%,5
898372,(no description on file),Medicaid,Government,"$1,056","$1,056",$0,0.0%,5
861650,(no description on file),NO_INSURANCE,Self-Pay / Uninsured,"$1,386","$1,386",$0,0.0%,5
197904,(no description on file),UnitedHealthcare,Commercial,"$1,455","$1,455",$0,0.0%,6
861650,(no description on file),Medicaid,Government,$742,$742,$0,0.0%,3
47020004,Ventriculoperitoneal shunt (procedure),Cigna Health,Commercial,$408,$408,$0,0.0%,1
313398001,Hepatitis antibody test (procedure),Dual Eligible,Government,$431,$431,$0,0.0%,1
79733001,Amputation of right leg,UnitedHealthcare,Commercial,"$42,356","$42,356",$0,0.0%,1
898372,(no description on file),Dual Eligible,Government,$209,$209,$0,0.0%,1
473231009,Renal disorder medication review (procedure),Cigna Health,Commercial,"$1,855,483","$1,855,483",$0,0.0%,"3,857"
171207006,Depression screening (procedure),Medicaid,Government,"$81,730,356","$81,730,356",$0,0.0%,"1,162,586"
180256009,Subcutaneous immunotherapy,Medicare,Government,"$1,275,449,926","$1,275,449,926",$0,0.0%,"113,327"
398171003,Hearing examination (procedure),Dual Eligible,Government,"$21,886,810","$21,886,810",$0,0.0%,"7,959"
454711000124102,Depression screening using Patient Health Questionnaire Two-Item score (procedure),Dual Eligible,Government,"$18,083","$18,083",$0,0.0%,"517,751"
269828009,Syphilis infectious titer test (procedure),UnitedHealthcare,Commercial,"$23,367,745","$23,367,745",$0,0.0%,"11,848"
65200003,Insertion of intrauterine contraceptive device,Medicaid,Government,"$189,885,602","$189,885,602",$0,0.0%,"23,131"
710841007,Assessment of anxiety (procedure),Aetna,Commercial,"$9,212,471","$9,212,471",$0,0.0%,"240,543"
185345009,Encounter for symptom,Medicaid,Government,"$34,973,927","$34,973,927",$0,0.0%,"487,369"
50849002,Emergency room admission (procedure),Dual Eligible,Government,"$14,394,182","$14,394,182",$0,0.0%,"117,600"
313660005,Absolute CD4 count procedure (procedure),NO_INSURANCE,Self-Pay / Uninsured,"$840,891","$840,891",$0,0.0%,"1,709"
860975,(no description on file),Anthem,Commercial,"$209,248","$209,248",$0,0.0%,"27,143"
1665060,(no description on file),NO_INSURANCE,Self-Pay / Uninsured,"$277,297","$277,297",$0,0.0%,"1,063"
71493000,Transfusion of packed red blood cells (procedure),Medicare,Government,"$8,804,597","$8,804,597",$0,0.0%,"6,310"
351137,(no description on file),Dual Eligible,Government,"$1,174,941","$1,174,941",$0,0.0%,"5,125"
386053000,Evaluation procedure (procedure),Medicare,Government,"$4,291,248","$4,291,248",$0,0.0%,"8,711"
67879005,History and physical examination  limited (procedure),Medicare,Government,"$5,695,806","$5,695,806",$0,0.0%,"11,572"
835603,(no description on file),Humana,Commercial,"$4,644,388","$4,644,388",$0,0.0%,"18,304"
14768001,Peripheral blood smear interpretation,Aetna,Commercial,"$3,191,057","$3,191,057",$0,0.0%,"6,539"
3802001,Dental application of desensitizing medicament (procedure),Cigna Health,Commercial,"$22,601,156","$22,601,156",$0,0.0%,"45,496"
62,(no description on file),Aetna,Commercial,"$2,278,952","$2,278,952",$0,0.0%,"16,757"
736169004,Post anesthesia care management (procedure),Aetna,Commercial,"$1,388,834","$1,388,834",$0,0.0%,"2,884"
351137,(no description on file),UnitedHealthcare,Commercial,"$661,241","$661,241",$0,0.0%,"2,537"
868187001,Assessment using Car  Relax  Alone  Forget  Friends  Trouble Screening Test (procedure),Dual Eligible,Government,"$1,009","$1,009",$0,0.0%,"8,482"
198405,(no description on file),UnitedHealthcare,Commercial,"$1,248,564","$1,248,564",$0,0.0%,"5,749"
65588006,Premature birth of newborn,UnitedHealthcare,Commercial,"$219,995","$219,995",$0,0.0%,439
182813001,Emergency treatment (procedure),Anthem,Commercial,"$631,159","$631,159",$0,0.0%,"5,430"
15081005,Pulmonary rehabilitation (regime/therapy),NO_INSURANCE,Self-Pay / Uninsured,"$4,107,811","$4,107,811",$0,0.0%,"2,047"
1263416007,Removal of intrauterine contraceptive device (procedure),Blue Cross Blue Shield,Commercial,"$559,012","$559,012",$0,0.0%,"1,085"
1259293006,Application of composite dental filling material to dentin of tooth following fracture of tooth (procedure),UnitedHealthcare,Commercial,"$8,031,748","$8,031,748",$0,0.0%,"15,957"
1803932,(no description on file),Cigna Health,Commercial,"$15,029","$15,029",$0,0.0%,"1,310"
104375008,Hepatitis C antibody  confirmatory test,Aetna,Commercial,"$32,609,911","$32,609,911",$0,0.0%,"17,224"
1049221,(no description on file),NO_INSURANCE,Self-Pay / Uninsured,"$29,381","$29,381",$0,0.0%,"2,969"
394701000,Asthma follow-up,Aetna,Commercial,"$1,385,852","$1,385,852",$0,0.0%,"11,829"
386394001,Pregnancy termination care,Medicaid,Government,"$10,682,693","$10,682,693",$0,0.0%,"16,472"
835603,(no description on file),Anthem,Commercial,"$3,962,326","$3,962,326",$0,0.0%,"15,037"
710839006,Assessment of cardiac status using monitoring device (procedure),Cigna Health,Commercial,"$293,442","$293,442",$0,0.0%,605
1505002,Hospital admission for isolation (procedure),Medicare,Government,"$704,570","$704,570",$0,0.0%,"5,678"
897685,(no description on file),NO_INSURANCE,Self-Pay / Uninsured,"$1,626,426","$1,626,426",$0,0.0%,"6,698"
834061,(no description on file),Humana,Commercial,"$946,600","$946,600",$0,0.0%,"4,402"
108515,(no description on file),UnitedHealthcare,Commercial,"$1,254,644","$1,254,644",$0,0.0%,"4,909"
1306292,(no description on file),Cigna Health,Commercial,"$90,583","$90,583",$0,0.0%,363
399014008,Administration of diphtheria  pertussis  and tetanus vaccine,Aetna,Commercial,"$29,516,944","$29,516,944",$0,0.0%,"12,245"
762993000,Assessment using Morse Fall Scale (procedure),Anthem,Commercial,"$198,971","$198,971",$0,0.0%,"3,723"
1367439,(no description on file),Medicare,Government,"$1,671,716","$1,671,716",$0,0.0%,"1,738"
997488,(no description on file),Blue Cross Blue Shield,Commercial,"$225,981","$225,981",$0,0.0%,382
308646001,Death Certification,Aetna,Commercial,"$133,681","$133,681",$0,0.0%,"1,043"
1729584,(no description on file),Cigna Health,Commercial,"$59,519","$59,519",$0,0.0%,531
167271000,Urine protein test,Dual Eligible,Government,"$6,881,093","$6,881,093",$0,0.0%,"3,811"
979092,(no description on file),Aetna,Commercial,$52,$52,$0,0.0%,183
1860154,(no description on file),Aetna,Commercial,"$410,675","$410,675",$0,0.0%,"2,834"
112790001,Nasal sinus endoscopy (procedure),Dual Eligible,Government,"$1,094,175","$1,094,175",$0,0.0%,231
452331000124102,Review of imaging finding (procedure),Dual Eligible,Government,"$187,942","$187,942",$0,0.0%,419
386478007,Triage emergency center (procedure),Dual Eligible,Government,"$614,050","$614,050",$0,0.0%,"1,340"
183495009,Non-urgent orthopedic admission,Medicaid,Government,"$356,960","$356,960",$0,0.0%,"2,881"
29303009,Electrocardiographic procedure (procedure),Dual Eligible,Government,"$19,473,282","$19,473,282",$0,0.0%,"10,063"
385798007,Radiation therapy care (regime/therapy),Aetna,Commercial,"$505,865","$505,865",$0,0.0%,"1,090"
162676008,Brief general examination (procedure),UnitedHealthcare,Commercial,"$581,951","$581,951",$0,0.0%,"4,112"
308646001,Death Certification,NO_INSURANCE,Self-Pay / Uninsured,"$170,530","$170,530",$0,0.0%,"1,334"
855812,(no description on file),Dual Eligible,Government,"$380,246","$380,246",$0,0.0%,"1,675"
198335,(no description on file),Anthem,Commercial,"$247,219","$247,219",$0,0.0%,931
445912000,Excision of fallopian tube and surgical removal of ectopic pregnancy,Humana,Commercial,"$1,889,038","$1,889,038",$0,0.0%,248
432231006,Fine needle aspiration biopsy of lung (procedure),Humana,Commercial,"$434,984","$434,984",$0,0.0%,30
105585,(no description on file),Anthem,Commercial,"$3,024","$3,024",$0,0.0%,63
542347,(no description on file),Blue Cross Blue Shield,Commercial,$97,$97,$0,0.0%,557
1732186,(no description on file),Aetna,Commercial,$391,$391,$0,0.0%,200
866146005,Serum metabolic panel (procedure),Humana,Commercial,"$184,408","$184,408",$0,0.0%,367
225337009,Suicide risk assessment (procedure),Medicaid,Government,"$1,131","$1,131",$0,0.0%,122
23933004,Excision of lingual frenum (procedure),NO_INSURANCE,Self-Pay / Uninsured,"$41,042","$41,042",$0,0.0%,85
198211,(no description on file),Medicare,Government,"$116,299","$116,299",$0,0.0%,459
133900002,Intraoperative care (regime/therapy),Humana,Commercial,"$34,892","$34,892",$0,0.0%,69
108219001,Physician visit with evaluation AND/OR management service (procedure),Humana,Commercial,"$1,876","$1,876",$0,0.0%,16
434363004,Human epidermal growth factor receptor 2 gene detection by fluorescence in situ hybridization (procedure),Anthem,Commercial,"$533,510","$533,510",$0,0.0%,278
241615005,Magnetic resonance imaging of breast (procedure),Cigna Health,Commercial,"$116,732","$116,732",$0,0.0%,69
16335031000119103,High resolution computed tomography of chest without contrast (procedure),Blue Cross Blue Shield,Commercial,"$333,048","$333,048",$0,0.0%,392
243174005,Weaning from mechanically assisted ventilation (procedure),Cigna Health,Commercial,"$40,800","$40,800",$0,0.0%,81
1728805,(no description on file),Aetna,Commercial,"$81,781","$81,781",$0,0.0%,324
301882004,Placement of aortic cross clamp (procedure),Cigna Health,Commercial,"$356,849","$356,849",$0,0.0%,745
711069006,Coordination of care plan (procedure),Medicaid,Government,"$291,307","$291,307",$0,0.0%,637
762998009,Assessment using New York Heart Association Classification (procedure),Aetna,Commercial,"$193,169","$193,169",$0,0.0%,398
308971,(no description on file),Aetna,Commercial,"$128,355","$128,355",$0,0.0%,127
1361048,(no description on file),Blue Cross Blue Shield,Commercial,"$49,549","$49,549",$0,0.0%,191
752899,(no description on file),Aetna,Commercial,"$88,161","$88,161",$0,0.0%,141
122856003,Oral examination (procedure),UnitedHealthcare,Commercial,"$144,263","$144,263",$0,0.0%,284
446573003,Continuous positive airway pressure titration (procedure),UnitedHealthcare,Commercial,"$12,393","$12,393",$0,0.0%,24
617310,(no description on file),Cigna Health,Commercial,"$22,604","$22,604",$0,0.0%,86
185317003,Telephone encounter (procedure),UnitedHealthcare,Commercial,"$29,460","$29,460",$0,0.0%,393
896019,(no description on file),Humana,Commercial,"$4,052","$4,052",$0,0.0%,19
71651007,Mammography (procedure),Aetna,Commercial,"$26,949","$26,949",$0,0.0%,229
727711,(no description on file),Aetna,Commercial,"$10,849","$10,849",$0,0.0%,52
385892002,Mental health screening (procedure),Medicaid,Government,"$2,017","$2,017",$0,0.0%,65
733863009,Assessment of readiness for self-management (procedure),Dual Eligible,Government,"$17,229","$17,229",$0,0.0%,39
308251003,Admission to clinical oncology department (procedure),NO_INSURANCE,Self-Pay / Uninsured,"$4,340","$4,340",$0,0.0%,36
1437975,(no description on file),Blue Cross Blue Shield,Commercial,"$1,182","$1,182",$0,0.0%,4
199224,(no description on file),UnitedHealthcare,Commercial,"$4,007","$4,007",$0,0.0%,9
58828004,Application of dressing  sterile (procedure),Humana,Commercial,"$34,892","$34,892",$0,0.0%,69
311353,(no description on file),Anthem,Commercial,"$3,640","$3,640",$0,0.0%,14
672149,(no description on file),Medicare,Government,$506,$506,$0,0.0%,8
385892002,Mental health screening (procedure),NO_INSURANCE,Self-Pay / Uninsured,$727,$727,$0,0.0%,23
197905,(no description on file),Humana,Commercial,"$3,657","$3,657",$0,0.0%,14
417511005,Referral to home health care service (procedure),Cigna Health,Commercial,"$6,680","$6,680",$0,0.0%,14
197380,(no description on file),Medicaid,Government,"$17,430","$17,430",$0,0.0%,78
232965003,Implantation of ventricular assist device (procedure),NO_INSURANCE,Self-Pay / Uninsured,"$4,356","$4,356",$0,0.0%,9
363215001,Musculoskeletal system physical examination (procedure),Humana,Commercial,"$1,853","$1,853",$0,0.0%,4
861356,(no description on file),Cigna Health,Commercial,"$1,229","$1,229",$0,0.0%,5
1547660,(no description on file),Blue Cross Blue Shield,Commercial,"$2,860","$2,860",$0,0.0%,11
979480,(no description on file),Blue Cross Blue Shield,Commercial,"$6,016","$6,016",$0,0.0%,22
47505003,posttraumatic stress disorder,Blue Cross Blue Shield,Commercial,"$1,351","$1,351",$0,0.0%,11
898687,(no description on file),Medicaid,Government,"$1,590","$1,590",$0,0.0%,7
199885,(no description on file),NO_INSURANCE,Self-Pay / Uninsured,"$1,429","$1,429",$0,0.0%,6
197886,(no description on file),Aetna,Commercial,"$1,245","$1,245",$0,0.0%,5
898690,(no description on file),NO_INSURANCE,Self-Pay / Uninsured,"$1,338","$1,338",$0,0.0%,5
232967006,Implantation of left ventricular assist device (procedure),Aetna,Commercial,$964,$964,$0,0.0%,2
898353,(no description on file),Humana,Commercial,$565,$565,$0,0.0%,2
232965003,Implantation of ventricular assist device (procedure),Blue Cross Blue Shield,Commercial,"$2,205","$2,205",$0,0.0%,5
200094,(no description on file),Anthem,Commercial,$950,$950,$0,0.0%,3
827075,(no description on file),Aetna,Commercial,$209,$209,$0,0.0%,1
314203,(no description on file),Humana,Commercial,$250,$250,$0,0.0%,1
34043003,Dental consultation and report (procedure),Humana,Commercial,"$153,230,329","$153,230,329",$0,0.0%,"303,972"
394701000,Asthma follow-up,Medicaid,Government,"$4,460,687","$4,460,687",$0,0.0%,"37,268"
113,(no description on file),Medicaid,Government,"$13,835,960","$13,835,960",$0,0.0%,"101,735"
410620009,Well child visit (procedure),Anthem,Commercial,"$16,553,672","$16,553,672",$0,0.0%,"129,544"
306316000,Referral to transplant surgeon (procedure),Aetna,Commercial,"$485,755","$485,755",$0,0.0%,"1,000"
104435004,Screening for occult blood in feces (procedure),NO_INSURANCE,Self-Pay / Uninsured,"$8,559,109","$8,559,109",$0,0.0%,"1,525"
67879005,History and physical examination  limited (procedure),Medicaid,Government,"$10,018,886","$10,018,886",$0,0.0%,"21,572"
315639002,Initial patient assessment (procedure),Medicare,Government,"$34,325,648","$34,325,648",$0,0.0%,"70,100"
430193006,Medication Reconciliation (procedure),Aetna,Commercial,"$139,630,728","$139,630,728",$0,0.0%,"296,801"
439708006,Home visit (procedure),Medicare,Government,"$16,418,109","$16,418,109",$0,0.0%,"129,324"
114,(no description on file),Aetna,Commercial,"$2,907,136","$2,907,136",$0,0.0%,"21,376"
83,(no description on file),UnitedHealthcare,Commercial,"$1,547,136","$1,547,136",$0,0.0%,"11,376"
1605257,(no description on file),Medicaid,Government,"$5,392,440","$5,392,440",$0,0.0%,"5,750"
705129,(no description on file),Medicare,Government,"$3,034,699","$3,034,699",$0,0.0%,"16,342"
749762,(no description on file),Medicaid,Government,"$10,833,851","$10,833,851",$0,0.0%,"13,418"
1664463,(no description on file),NO_INSURANCE,Self-Pay / Uninsured,"$6,203,356","$6,203,356",$0,0.0%,"24,563"
473220001,Hematologic disorder medication review (procedure),Medicare,Government,"$6,683,000","$6,683,000",$0,0.0%,"1,803"
20,(no description on file),Medicare,Government,"$543,728","$543,728",$0,0.0%,"3,998"
395123002,Urine screening test for diabetes,Blue Cross Blue Shield,Commercial,"$25,554,814","$25,554,814",$0,0.0%,"12,956"
200619008,Comprehensive interview and evaluation (procedure),Medicare,Government,"$3,727,400","$3,727,400",$0,0.0%,"7,606"
234745004,Take oral or dental impression (procedure),Anthem,Commercial,"$2,923,280","$2,923,280",$0,0.0%,"6,011"
23426006,Measurement of respiratory function (procedure),Medicaid,Government,"$12,754,346","$12,754,346",$0,0.0%,"38,280"
261352009,Face mask (physical object),NO_INSURANCE,Self-Pay / Uninsured,"$18,953","$18,953",$0,0.0%,"8,571"
225386006,Pre-discharge assessment (procedure),Aetna,Commercial,"$2,536,754","$2,536,754",$0,0.0%,"5,207"
860975,(no description on file),UnitedHealthcare,Commercial,"$122,706","$122,706",$0,0.0%,"16,108"
1269321004,Fitting of denture (procedure),Anthem,Commercial,"$2,906,052","$2,906,052",$0,0.0%,"5,981"
65677008,Pulmonary catheterization with Swan-Ganz catheter (procedure),Medicaid,Government,"$1,404,378","$1,404,378",$0,0.0%,"3,093"
302761001,Walking exercise test (procedure),Medicare,Government,"$3,659,275","$3,659,275",$0,0.0%,"7,462"
305428000,Admission to orthopedic department,Cigna Health,Commercial,"$681,299","$681,299",$0,0.0%,"1,395"
74016001,Knee X-ray,Medicare,Government,"$773,956","$773,956",$0,0.0%,"1,618"
415300000,Review of systems (procedure),Blue Cross Blue Shield,Commercial,"$334,892","$334,892",$0,0.0%,"4,487"
20,(no description on file),Medicaid,Government,"$20,201,984","$20,201,984",$0,0.0%,"148,544"
183478001,Emergency hospital admission for asthma,Anthem,Commercial,"$265,266","$265,266",$0,0.0%,"2,201"
81733005,Dental surgical procedure (procedure),Dual Eligible,Government,"$28,481,908","$28,481,908",$0,0.0%,"61,224"
979485,(no description on file),Anthem,Commercial,"$18,790","$18,790",$0,0.0%,"3,621"
312681000,Bone density scan (procedure),Medicare,Government,"$314,863,381","$314,863,381",$0,0.0%,"35,282"
1664463,(no description on file),Anthem,Commercial,"$3,093,991","$3,093,991",$0,0.0%,"12,072"
33195004,External beam radiation therapy procedure (procedure),NO_INSURANCE,Self-Pay / Uninsured,"$3,348,431","$3,348,431",$0,0.0%,"3,451"
351266,(no description on file),Medicaid,Government,"$2,739,847","$2,739,847",$0,0.0%,"12,074"
1049625,(no description on file),Aetna,Commercial,"$7,214,494","$7,214,494",$0,0.0%,"27,737"
415070008,Percutaneous coronary intervention (procedure),Medicaid,Government,"$101,765,375","$101,765,375",$0,0.0%,"5,390"
314098000,Rubella screening test (procedure),Medicare,Government,"$1,727,912","$1,727,912",$0,0.0%,"3,357"
1860154,(no description on file),Cigna Health,Commercial,"$408,668","$408,668",$0,0.0%,"2,802"
371908008,Oxygen administration by mask (procedure),Anthem,Commercial,"$10,393,615","$10,393,615",$0,0.0%,"2,471"
349094,(no description on file),Cigna Health,Commercial,"$1,720,112","$1,720,112",$0,0.0%,"6,604"
110467000,Pre-surgery testing (procedure),Humana,Commercial,"$673,250","$673,250",$0,0.0%,"1,334"
410770002,Administration of anesthesia for procedure (procedure),Cigna Health,Commercial,"$637,564","$637,564",$0,0.0%,"1,326"
1807510,(no description on file),Medicare,Government,"$122,996","$122,996",$0,0.0%,474
311555007,Speech and language therapy regime (regime/therapy),Anthem,Commercial,"$2,360,769","$2,360,769",$0,0.0%,"2,612"
746763,(no description on file),Medicare,Government,"$307,784","$307,784",$0,0.0%,"1,269"
57617002,Urine specimen collection (procedure),Blue Cross Blue Shield,Commercial,"$2,206,636","$2,206,636",$0,0.0%,"4,383"
91251008,Physical therapy procedure (regime/therapy),UnitedHealthcare,Commercial,"$3,406,181","$3,406,181",$0,0.0%,"2,507"
83,(no description on file),Dual Eligible,Government,"$267,376","$267,376",$0,0.0%,"1,966"
197591,(no description on file),Medicare,Government,"$10,998","$10,998",$0,0.0%,"1,263"
198039,(no description on file),Aetna,Commercial,"$120,822","$120,822",$0,0.0%,478
1721613,(no description on file),NO_INSURANCE,Self-Pay / Uninsured,"$28,954","$28,954",$0,0.0%,137
449411000124106,Admission to skilled nursing facility (procedure),Humana,Commercial,"$563,119","$563,119",$0,0.0%,"4,217"
85548006,Episiotomy,Anthem,Commercial,"$15,781,959","$15,781,959",$0,0.0%,"3,017"
440546007,Discussion about pregnancy (procedure),Anthem,Commercial,"$1,117,032","$1,117,032",$0,0.0%,"2,275"
237001001,Augmentation of labor,Blue Cross Blue Shield,Commercial,"$4,578,664","$4,578,664",$0,0.0%,"1,138"
301882004,Placement of aortic cross clamp (procedure),Medicare,Government,"$2,220,567","$2,220,567",$0,0.0%,"4,525"
19589009,Radiography of mandible (procedure),Medicaid,Government,"$471,033","$471,033",$0,0.0%,"1,024"
311034,(no description on file),Aetna,Commercial,"$62,541","$62,541",$0,0.0%,243
212033,(no description on file),Cigna Health,Commercial,"$148,725","$148,725",$0,0.0%,579
617311,(no description on file),Medicaid,Government,"$60,413","$60,413",$0,0.0%,265
431182000,Placing subject in prone position (procedure),Anthem,Commercial,"$9,861,528","$9,861,528",$0,0.0%,"1,842"
310325,(no description on file),Cigna Health,Commercial,$195,$195,$0,0.0%,643
183856001,Referral to hypertension clinic,Medicare,Government,"$280,605","$280,605",$0,0.0%,572
385781007,Home health aide service (regime/therapy),NO_INSURANCE,Self-Pay / Uninsured,"$60,920","$60,920",$0,0.0%,123
197319,(no description on file),Blue Cross Blue Shield,Commercial,"$43,889","$43,889",$0,0.0%,150
171122006,Hepatitis B screening (procedure),Cigna Health,Commercial,"$23,903","$23,903",$0,0.0%,49
1536148,(no description on file),Medicaid,Government,"$56,874","$56,874",$0,0.0%,264
746804,(no description on file),Medicaid,Government,"$20,309","$20,309",$0,0.0%,88
200345,(no description on file),Dual Eligible,Government,"$3,391","$3,391",$0,0.0%,16
86013001,Periodic reevaluation and management of healthy individual (procedure),Medicare,Government,"$72,498","$72,498",$0,0.0%,611
808917,(no description on file),Cigna Health,Commercial,"$39,606","$39,606",$0,0.0%,152
8290005,Induced cardioplegia (procedure),NO_INSURANCE,Self-Pay / Uninsured,"$311,842","$311,842",$0,0.0%,640
305336008,Admission to hospice (procedure),NO_INSURANCE,Self-Pay / Uninsured,"$87,960","$87,960",$0,0.0%,709
309309,(no description on file),Cigna Health,Commercial,"$288,035","$288,035",$0,0.0%,"1,100"
168594001,Clavicle X-ray,UnitedHealthcare,Commercial,"$474,147","$474,147",$0,0.0%,943
305340004,Admission to long stay hospital,Aetna,Commercial,"$38,342","$38,342",$0,0.0%,80
665078,(no description on file),Humana,Commercial,"$119,913","$119,913",$0,0.0%,508
449214001,Transfer to stepdown unit (procedure),Cigna Health,Commercial,"$401,252","$401,252",$0,0.0%,556
313002,(no description on file),Cigna Health,Commercial,$145,$145,$0,0.0%,77
562366,(no description on file),Cigna Health,Commercial,$80,$80,$0,0.0%,197
562508,(no description on file),UnitedHealthcare,Commercial,"$18,647","$18,647",$0,0.0%,73
309078,(no description on file),Cigna Health,Commercial,"$10,787","$10,787",$0,0.0%,42
1359269,(no description on file),Anthem,Commercial,"$66,004","$66,004",$0,0.0%,233
711069006,Coordination of care plan (procedure),Aetna,Commercial,"$63,212","$63,212",$0,0.0%,131
204892,(no description on file),Cigna Health,Commercial,"$1,667","$1,667",$0,0.0%,101
187,(no description on file),Cigna Health,Commercial,"$4,760","$4,760",$0,0.0%,35
409066002,Education  guidance and counseling (procedure),Cigna Health,Commercial,"$23,903","$23,903",$0,0.0%,49
40617009,Artificial respiration (procedure),Humana,Commercial,"$41,341","$41,341",$0,0.0%,78
197887,(no description on file),Anthem,Commercial,"$4,558","$4,558",$0,0.0%,17
9002005,Manual testing of muscle function (procedure),Humana,Commercial,"$1,853","$1,853",$0,0.0%,4
205305,(no description on file),NO_INSURANCE,Self-Pay / Uninsured,"$1,682","$1,682",$0,0.0%,6
866924,(no description on file),Cigna Health,Commercial,"$13,715","$13,715",$0,0.0%,54
452331000124102,Review of imaging finding (procedure),UnitedHealthcare,Commercial,"$13,552","$13,552",$0,0.0%,28
1665021,(no description on file),Blue Cross Blue Shield,Commercial,"$5,248","$5,248",$0,0.0%,21
35025007,Manual pelvic examination (procedure),UnitedHealthcare,Commercial,"$7,396","$7,396",$0,0.0%,49
417511005,Referral to home health care service (procedure),Anthem,Commercial,"$6,437","$6,437",$0,0.0%,13
1014676,(no description on file),Aetna,Commercial,"$210,597","$210,597",$0,0.0%,366
311372,(no description on file),NO_INSURANCE,Self-Pay / Uninsured,"$16,574","$16,574",$0,0.0%,67
446573003,Continuous positive airway pressure titration (procedure),Aetna,Commercial,"$25,580","$25,580",$0,0.0%,52
182836005,Review of medication (procedure),Blue Cross Blue Shield,Commercial,"$3,510","$3,510",$0,0.0%,7
13569004,Transfusion of plasma (procedure),UnitedHealthcare,Commercial,"$15,195","$15,195",$0,0.0%,7
384682003,Multidisciplinary care conference (procedure),Blue Cross Blue Shield,Commercial,"$5,514","$5,514",$0,0.0%,11
447759004,Brachytherapy of breast (procedure),Aetna,Commercial,"$304,493","$304,493",$0,0.0%,16
200284,(no description on file),Medicare,Government,"$1,247","$1,247",$0,0.0%,4
896027,(no description on file),Cigna Health,Commercial,"$1,463","$1,463",$0,0.0%,7
473220001,Hematologic disorder medication review (procedure),Humana,Commercial,"$47,689","$47,689",$0,0.0%,9
197903,(no description on file),Dual Eligible,Government,"$1,601","$1,601",$0,0.0%,8
410011004,Administration of anesthesia AND/OR sedation (procedure),Blue Cross Blue Shield,Commercial,"$3,186","$3,186",$0,0.0%,6
79733001,Amputation of right leg,NO_INSURANCE,Self-Pay / Uninsured,"$71,189","$71,189",$0,0.0%,3
859424,(no description on file),UnitedHealthcare,Commercial,"$1,389","$1,389",$0,0.0%,6
763138,(no description on file),Cigna Health,Commercial,"$1,379","$1,379",$0,0.0%,5
725351001,Transcatheter aortic valve replacement (procedure),Blue Cross Blue Shield,Commercial,$904,$904,$0,0.0%,2
896758,(no description on file),UnitedHealthcare,Commercial,$509,$509,$0,0.0%,2
854908,(no description on file),Blue Cross Blue Shield,Commercial,$209,$209,$0,0.0%,1
387713003,Surgical procedure (procedure),Cigna Health,Commercial,$120,$120,$0,0.0%,1
864706,(no description on file),Medicare,Government,$283,$283,$0,0.0%,1
84728005,Neurological examination (procedure),Cigna Health,Commercial,$408,$408,$0,0.0%,1
308335008,Patient encounter procedure,Medicaid,Government,"$36,301,774","$36,301,774",$0,0.0%,"301,960"
713106006,Screening for drug abuse (procedure),Medicaid,Government,"$17,698","$17,698",$0,0.0%,"295,845"
1049625,(no description on file),Medicare,Government,"$38,090,342","$38,090,342",$0,0.0%,"148,776"
133,(no description on file),Anthem,Commercial,"$2,524,024","$2,524,024",$0,0.0%,"18,559"
1535362,(no description on file),Cigna Health,Commercial,"$34,006,790","$34,006,790",$0,0.0%,"130,017"
104326007,Measurement of Varicella-zoster virus antibody,Humana,Commercial,"$47,844,555","$47,844,555",$0,0.0%,"24,148"
1803932,(no description on file),Medicaid,Government,"$32,319","$32,319",$0,0.0%,"3,222"
33195004,External beam radiation therapy procedure (procedure),Humana,Commercial,"$3,279,227","$3,279,227",$0,0.0%,"3,246"
860975,(no description on file),NO_INSURANCE,Self-Pay / Uninsured,"$306,926","$306,926",$0,0.0%,"40,819"
225386006,Pre-discharge assessment (procedure),Cigna Health,Commercial,"$2,604,517","$2,604,517",$0,0.0%,"5,353"
702927004,Urgent care clinic (environment),Aetna,Commercial,"$9,048,198","$9,048,198",$0,0.0%,"77,504"
702927004,Urgent care clinic (environment),Blue Cross Blue Shield,Commercial,"$5,308,572","$5,308,572",$0,0.0%,"44,317"
274788003,Examination of gingivae (procedure),Anthem,Commercial,"$117,293,181","$117,293,181",$0,0.0%,"240,943"
301807007,Removal of subcutaneous contraceptive,Medicaid,Government,"$109,363,598","$109,363,598",$0,0.0%,"13,438"
121,(no description on file),Aetna,Commercial,"$2,199,392","$2,199,392",$0,0.0%,"16,172"
702927004,Urgent care clinic (environment),NO_INSURANCE,Self-Pay / Uninsured,"$12,161,149","$12,161,149",$0,0.0%,"103,690"
1659263,(no description on file),UnitedHealthcare,Commercial,"$1,500","$1,500",$0,0.0%,905
51116004,Passive immunization (procedure),Medicaid,Government,"$56,039,726","$56,039,726",$0,0.0%,"23,764"
415070008,Percutaneous coronary intervention (procedure),Dual Eligible,Government,"$89,233,193","$89,233,193",$0,0.0%,"4,688"
169762003,Postnatal visit,Medicare,Government,"$1,120,368","$1,120,368",$0,0.0%,"9,380"
710839006,Assessment of cardiac status using monitoring device (procedure),Medicaid,Government,"$718,282","$718,282",$0,0.0%,"1,583"
173291009,Simple extraction of tooth (procedure),Humana,Commercial,"$4,772,021","$4,772,021",$0,0.0%,"9,455"
183444007,Referral for further care (procedure),Humana,Commercial,"$517,098","$517,098",$0,0.0%,"1,028"
1000126,(no description on file),Aetna,Commercial,"$373,968","$373,968",$0,0.0%,"6,115"
113,(no description on file),Cigna Health,Commercial,"$5,710,776","$5,710,776",$0,0.0%,"41,991"
76601001,Intramuscular injection,Dual Eligible,Government,"$42,288,612","$42,288,612",$0,0.0%,"18,588"
170838006,Allergic disorder follow-up assessment,Anthem,Commercial,"$99,880","$99,880",$0,0.0%,850
42825003,Cannulation (procedure),Medicaid,Government,"$875,822","$875,822",$0,0.0%,"1,923"
409023009,Professional / ancillary services care (regime/therapy),NO_INSURANCE,Self-Pay / Uninsured,"$10,862,507","$10,862,507",$0,0.0%,"4,040"
185317003,Telephone encounter (procedure),Cigna Health,Commercial,"$50,221","$50,221",$0,0.0%,670
23426006,Measurement of respiratory function (procedure),Blue Cross Blue Shield,Commercial,"$3,280,301","$3,280,301",$0,0.0%,"9,214"
448337001,Telemedicine consultation with patient,Medicaid,Government,"$1,755,250","$1,755,250",$0,0.0%,"15,306"
62,(no description on file),Anthem,Commercial,"$2,099,296","$2,099,296",$0,0.0%,"15,436"
313820,(no description on file),Aetna,Commercial,"$734,111","$734,111",$0,0.0%,"5,405"
441550005,Urinalysis with reflex to microscopy and culture (procedure),NO_INSURANCE,Self-Pay / Uninsured,"$3,706,601","$3,706,601",$0,0.0%,"5,631"
351136,(no description on file),Blue Cross Blue Shield,Commercial,"$572,650","$572,650",$0,0.0%,"2,287"
274031008,Rectal polypectomy,Dual Eligible,Government,"$44,116,916","$44,116,916",$0,0.0%,"4,951"
394701000,Asthma follow-up,NO_INSURANCE,Self-Pay / Uninsured,"$1,214,570","$1,214,570",$0,0.0%,"10,281"
301807007,Removal of subcutaneous contraceptive,Aetna,Commercial,"$48,154,187","$48,154,187",$0,0.0%,"5,520"
443529005,Detection of chromosomal aneuploidy in prenatal amniotic fluid specimen using fluorescence in situ hybridization screening technique (procedure),Medicare,Government,"$20,809,720","$20,809,720",$0,0.0%,"10,798"
223495004,Preparation of patient for procedure (regime/therapy),Medicare,Government,"$3,369,271","$3,369,271",$0,0.0%,"6,872"
308192,(no description on file),Humana,Commercial,"$934,094","$934,094",$0,0.0%,"5,455"
68254000,Removal of intrauterine device,Anthem,Commercial,"$24,807,133","$24,807,133",$0,0.0%,"3,061"
197511,(no description on file),Medicaid,Government,"$755,961","$755,961",$0,0.0%,"3,217"
243063003,Postoperative procedure education (procedure),Medicaid,Government,"$1,500,279","$1,500,279",$0,0.0%,"3,303"
748856,(no description on file),Aetna,Commercial,"$3,950,909","$3,950,909",$0,0.0%,"4,320"
281789004,Antibiotic therapy (procedure),Anthem,Commercial,"$3,221,323","$3,221,323",$0,0.0%,"6,576"
449381000124108,Discharge from skilled nursing facility (procedure),UnitedHealthcare,Commercial,"$1,171,271","$1,171,271",$0,0.0%,"2,348"
65588006,Premature birth of newborn,Humana,Commercial,"$425,624","$425,624",$0,0.0%,835
749762,(no description on file),Humana,Commercial,"$4,950,865","$4,950,865",$0,0.0%,"5,641"
306185001,Referral to cardiac surgery service (procedure),Humana,Commercial,"$679,230","$679,230",$0,0.0%,"1,339"
40701008,Echocardiography (procedure),Blue Cross Blue Shield,Commercial,"$980,453","$980,453",$0,0.0%,"1,059"
418023006,Computed tomography of chest  abdomen and pelvis (procedure),Medicare,Government,"$660,363","$660,363",$0,0.0%,"1,343"
104091002,Hemogram  automated  with RBC  WBC  Hgb  Hct  Indices  Platelet count  and manual WBC differential,Humana,Commercial,"$93,866,132","$93,866,132",$0,0.0%,"47,340"
183976008,Operative procedure planned (situation),Medicare,Government,"$673,557","$673,557",$0,0.0%,"1,373"
831533,(no description on file),NO_INSURANCE,Self-Pay / Uninsured,"$3,180,271","$3,180,271",$0,0.0%,"3,521"
1729584,(no description on file),UnitedHealthcare,Commercial,"$34,371","$34,371",$0,0.0%,311
270427003,Patient-initiated encounter,Medicare,Government,"$210,783","$210,783",$0,0.0%,"2,949"
225953001,Evaluating response to treatment (procedure),Blue Cross Blue Shield,Commercial,"$38,969","$38,969",$0,0.0%,76
171231001,Asthma screening,Dual Eligible,Government,"$172,199","$172,199",$0,0.0%,372
313820,(no description on file),Dual Eligible,Government,"$132,340","$132,340",$0,0.0%,"1,059"
225338004,Risk assessment (procedure),Medicaid,Government,"$549,027","$549,027",$0,0.0%,"1,206"
104173009,Sputum Culture,Medicare,Government,"$473,168","$473,168",$0,0.0%,949
237001001,Augmentation of labor,UnitedHealthcare,Commercial,"$4,101,447","$4,101,447",$0,0.0%,"1,022"
866146005,Serum metabolic panel (procedure),NO_INSURANCE,Self-Pay / Uninsured,"$133,523","$133,523",$0,0.0%,272
43075005,Partial resection of colon,Cigna Health,Commercial,"$8,375,438","$8,375,438",$0,0.0%,356
713026007,Plain X-ray of humerus (procedure),NO_INSURANCE,Self-Pay / Uninsured,"$141,507","$141,507",$0,0.0%,270
1804799,(no description on file),Humana,Commercial,"$27,767,141","$27,767,141",$0,0.0%,153
302497006,Hemodialysis (procedure),Dual Eligible,Government,"$45,748,649","$45,748,649",$0,0.0%,231
241615005,Magnetic resonance imaging of breast (procedure),Humana,Commercial,"$116,845","$116,845",$0,0.0%,78
223487003,Discussion about options (procedure),Aetna,Commercial,"$150,977","$150,977",$0,0.0%,307
309078,(no description on file),Medicare,Government,"$14,988","$14,988",$0,0.0%,58
167252002,Urine pregnancy test (procedure),Humana,Commercial,"$12,559","$12,559",$0,0.0%,25
1734919,(no description on file),UnitedHealthcare,Commercial,"$28,508","$28,508",$0,0.0%,58
426701000119108,Ultrasonography of abdomen  right upper quadrant and epigastrium,Medicare,Government,"$201,167","$201,167",$0,0.0%,407
197885,(no description on file),Medicaid,Government,"$10,709","$10,709",$0,0.0%,48
180207008,Intravenous blood transfusion of packed cells (procedure),Humana,Commercial,"$1,525,951","$1,525,951",$0,0.0%,670
1431987,(no description on file),Blue Cross Blue Shield,Commercial,"$191,595","$191,595",$0,0.0%,752
197885,(no description on file),Dual Eligible,Government,"$7,280","$7,280",$0,0.0%,31
309845,(no description on file),Blue Cross Blue Shield,Commercial,$3,$3,$0,0.0%,27
396487001,Sentinel lymph node biopsy (procedure),Blue Cross Blue Shield,Commercial,"$412,228","$412,228",$0,0.0%,34
23933004,Excision of lingual frenum (procedure),Medicare,Government,"$205,781","$205,781",$0,0.0%,417
200349,(no description on file),Medicaid,Government,"$17,034","$17,034",$0,0.0%,75
26763009,Controlled ventilation procedure and therapy  initiation and management (procedure),Anthem,Commercial,"$385,729","$385,729",$0,0.0%,106
856578,(no description on file),Medicare,Government,"$3,226","$3,226",$0,0.0%,12
259255,(no description on file),Aetna,Commercial,$355,$355,$0,0.0%,29
854255,(no description on file),NO_INSURANCE,Self-Pay / Uninsured,"$8,655","$8,655",$0,0.0%,32
197381,(no description on file),Humana,Commercial,"$7,347","$7,347",$0,0.0%,30
1998772,(no description on file),Humana,Commercial,"$9,377","$9,377",$0,0.0%,45
709506004,Assessment of readiness for disclosure of health status (procedure),Medicare,Government,"$34,309","$34,309",$0,0.0%,74
238100,(no description on file),Humana,Commercial,$37,$37,$0,0.0%,42
198334,(no description on file),Medicare,Government,"$5,586","$5,586",$0,0.0%,22
241055006,Mammogram - symptomatic (procedure),Anthem,Commercial,"$14,170","$14,170",$0,0.0%,123
859747,(no description on file),Humana,Commercial,"$5,616","$5,616",$0,0.0%,23
1747691,(no description on file),Medicare,Government,"$27,642","$27,642",$0,0.0%,105
385892002,Mental health screening (procedure),UnitedHealthcare,Commercial,$353,$353,$0,0.0%,9
197379,(no description on file),Humana,Commercial,"$3,339","$3,339",$0,0.0%,13
312615,(no description on file),Dual Eligible,Government,$194,$194,$0,0.0%,25
167995008,Sputum microscopy (procedure),UnitedHealthcare,Commercial,"$72,045","$72,045",$0,0.0%,13
1114085,(no description on file),Cigna Health,Commercial,$39,$39,$0,0.0%,7
104173009,Sputum Culture,Dual Eligible,Government,"$113,099","$113,099",$0,0.0%,243
103746007,Heparin therapy (procedure),Dual Eligible,Government,"$52,673","$52,673",$0,0.0%,81
200349,(no description on file),Aetna,Commercial,"$8,180","$8,180",$0,0.0%,32
856481,(no description on file),Medicare,Government,"$7,246","$7,246",$0,0.0%,28
856519,(no description on file),Blue Cross Blue Shield,Commercial,$902,$902,$0,0.0%,3
854228,(no description on file),NO_INSURANCE,Self-Pay / Uninsured,$134,$134,$0,0.0%,8
898690,(no description on file),Aetna,Commercial,$883,$883,$0,0.0%,3
200345,(no description on file),Cigna Health,Commercial,$584,$584,$0,0.0%,2
1547672,(no description on file),Cigna Health,Commercial,"$1,087","$1,087",$0,0.0%,4
312962,(no description on file),Dual Eligible,Government,"$2,550","$2,550",$0,0.0%,11
16602611000119108,Awaiting transplantation of lung (situation),Medicare,Government,$466,$466,$0,0.0%,4
1547660,(no description on file),Humana,Commercial,"$1,978","$1,978",$0,0.0%,7
199885,(no description on file),Anthem,Commercial,"$2,529","$2,529",$0,0.0%,9
1245441,(no description on file),Medicare,Government,$522,$522,$0,0.0%,2
30088009,Blood culture (procedure),Humana,Commercial,$920,$920,$0,0.0%,2
905269,(no description on file),Aetna,Commercial,$543,$543,$0,0.0%,2
636042,(no description on file),Medicaid,Government,$209,$209,$0,0.0%,1
43060002,Intravenous injection (procedure),Blue Cross Blue Shield,Commercial,$408,$408,$0,0.0%,1
444260001,20 Gene mutation test,Anthem,Commercial,$992,$992,$0,0.0%,2
349353,(no description on file),Blue Cross Blue Shield,Commercial,$308,$308,$0,0.0%,1
106892,(no description on file),Blue Cross Blue Shield,Commercial,"$36,236,341","$36,236,341",$0,0.0%,"74,657"
103697008,Patient referral for dental care (procedure),Anthem,Commercial,"$10,536,820","$10,536,820",$0,0.0%,"250,201"
274804006,Evaluation of uterine fundal height,Aetna,Commercial,"$573,536,361","$573,536,361",$0,0.0%,"117,247"
225362009,Dental care (regime/therapy),Aetna,Commercial,"$123,482,116","$123,482,116",$0,0.0%,"254,447"
308136,(no description on file),Humana,Commercial,"$369,049","$369,049",$0,0.0%,"179,821"
978950,(no description on file),UnitedHealthcare,Commercial,"$2,670,948","$2,670,948",$0,0.0%,"2,997"
896209,(no description on file),Dual Eligible,Government,"$19,274,244","$19,274,244",$0,0.0%,"36,361"
1043400,(no description on file),Cigna Health,Commercial,"$1,340,897","$1,340,897",$0,0.0%,"6,122"
183495009,Non-urgent orthopedic admission,Medicare,Government,"$240,552","$240,552",$0,0.0%,"1,940"
3802001,Dental application of desensitizing medicament (procedure),Blue Cross Blue Shield,Commercial,"$15,641,009","$15,641,009",$0,0.0%,"30,251"
33879002,Administration of vaccine to produce active immunity (procedure),NO_INSURANCE,Self-Pay / Uninsured,"$12,572,776","$12,572,776",$0,0.0%,"106,506"
310965,(no description on file),NO_INSURANCE,Self-Pay / Uninsured,"$1,484,609","$1,484,609",$0,0.0%,"5,927"
710841007,Assessment of anxiety (procedure),Humana,Commercial,"$12,303,803","$12,303,803",$0,0.0%,"275,941"
859088,(no description on file),Aetna,Commercial,"$2,110,435","$2,110,435",$0,0.0%,"8,044"
562251,(no description on file),Medicaid,Government,"$15,298,042","$15,298,042",$0,0.0%,"34,117"
61746007,Taking patient vital signs (procedure),Medicaid,Government,"$3,322,827","$3,322,827",$0,0.0%,"7,150"
169762003,Postnatal visit,Medicaid,Government,"$8,319,481","$8,319,481",$0,0.0%,"69,879"
1535362,(no description on file),Dual Eligible,Government,"$37,635,561","$37,635,561",$0,0.0%,"165,770"
180256009,Subcutaneous immunotherapy,UnitedHealthcare,Commercial,"$528,921,243","$528,921,243",$0,0.0%,"46,426"
43,(no description on file),Aetna,Commercial,"$2,439,704","$2,439,704",$0,0.0%,"17,939"
410410006,Screening surveillance (regime/therapy),Dual Eligible,Government,"$1,898,333","$1,898,333",$0,0.0%,"15,815"
859419,(no description on file),Medicare,Government,"$22,487","$22,487",$0,0.0%,85
83,(no description on file),Humana,Commercial,"$1,797,512","$1,797,512",$0,0.0%,"13,217"
63332003,History AND physical examination (procedure),Dual Eligible,Government,"$4,626,935","$4,626,935",$0,0.0%,"10,184"
183856001,Referral to hypertension clinic,Blue Cross Blue Shield,Commercial,"$132,505","$132,505",$0,0.0%,257
183519002,Referral to cardiology service (procedure),Anthem,Commercial,"$2,045,636","$2,045,636",$0,0.0%,"4,212"
1736776,(no description on file),Medicare,Government,"$22,351,840","$22,351,840",$0,0.0%,"8,837"
197511,(no description on file),Anthem,Commercial,"$240,452","$240,452",$0,0.0%,910
428830000,Pretransplant evaluation of kidney recipient (procedure),Anthem,Commercial,"$327,408","$327,408",$0,0.0%,678
710839006,Assessment of cardiac status using monitoring device (procedure),Dual Eligible,Government,"$854,755","$854,755",$0,0.0%,"1,890"
113,(no description on file),NO_INSURANCE,Self-Pay / Uninsured,"$3,929,040","$3,929,040",$0,0.0%,"28,890"
698314001,Consultation for treatment,Humana,Commercial,"$9,828,473","$9,828,473",$0,0.0%,"82,993"
443529005,Detection of chromosomal aneuploidy in prenatal amniotic fluid specimen using fluorescence in situ hybridization screening technique (procedure),Dual Eligible,Government,"$7,038,856","$7,038,856",$0,0.0%,"3,905"
34043003,Dental consultation and report (procedure),Cigna Health,Commercial,"$130,266,094","$130,266,094",$0,0.0%,"268,554"
860975,(no description on file),Blue Cross Blue Shield,Commercial,"$122,528","$122,528",$0,0.0%,"16,469"
1359269,(no description on file),Medicaid,Government,"$132,300","$132,300",$0,0.0%,574
542347,(no description on file),Medicare,Government,$943,$943,$0,0.0%,"5,428"
736169004,Post anesthesia care management (procedure),Medicaid,Government,"$3,358,799","$3,358,799",$0,0.0%,"7,401"
288086009,Suture open wound,Medicaid,Government,"$182,094,609","$182,094,609",$0,0.0%,"21,830"
1049504,(no description on file),Dual Eligible,Government,"$6,913,798","$6,913,798",$0,0.0%,"30,370"
183519002,Referral to cardiology service (procedure),Aetna,Commercial,"$2,180,378","$2,180,378",$0,0.0%,"4,528"
857005,(no description on file),Medicare,Government,"$109,144","$109,144",$0,0.0%,"4,671"
443529005,Detection of chromosomal aneuploidy in prenatal amniotic fluid specimen using fluorescence in situ hybridization screening technique (procedure),Anthem,Commercial,"$28,762,339","$28,762,339",$0,0.0%,"15,261"
180207008,Intravenous blood transfusion of packed cells (procedure),Cigna Health,Commercial,"$1,084,282","$1,084,282",$0,0.0%,495
1431987,(no description on file),Anthem,Commercial,"$348,142","$348,142",$0,0.0%,"1,304"
65575008,Biopsy of prostate,Medicare,Government,"$5,078,765","$5,078,765",$0,0.0%,"1,970"
310965,(no description on file),UnitedHealthcare,Commercial,"$1,144,239","$1,144,239",$0,0.0%,"4,705"
112790001,Nasal sinus endoscopy (procedure),Cigna Health,Commercial,"$1,840,325","$1,840,325",$0,0.0%,358
699253003,Surgical manipulation of joint of knee,Anthem,Commercial,"$12,852,832","$12,852,832",$0,0.0%,819
430701006,Resuscitation using intravenous fluid (procedure),Cigna Health,Commercial,"$490,420","$490,420",$0,0.0%,560
11466000,Cesarean section,Medicare,Government,"$9,857,190","$9,857,190",$0,0.0%,"1,226"
197604,(no description on file),Anthem,Commercial,"$1,411,859","$1,411,859",$0,0.0%,"1,116"
306316000,Referral to transplant surgeon (procedure),Blue Cross Blue Shield,Commercial,"$339,104","$339,104",$0,0.0%,680
1998772,(no description on file),NO_INSURANCE,Self-Pay / Uninsured,"$23,668","$23,668",$0,0.0%,105
33633005,Prescription of drug (procedure),Cigna Health,Commercial,"$49,792","$49,792",$0,0.0%,103
180207008,Intravenous blood transfusion of packed cells (procedure),Aetna,Commercial,"$1,070,993","$1,070,993",$0,0.0%,491
1664463,(no description on file),Cigna Health,Commercial,"$3,096,914","$3,096,914",$0,0.0%,"12,094"
854252,(no description on file),NO_INSURANCE,Self-Pay / Uninsured,"$82,320","$82,320",$0,0.0%,"4,887"
408919008,Psychosocial care (regime/therapy),Medicaid,Government,"$531,240","$531,240",$0,0.0%,"1,137"
1605257,(no description on file),Cigna Health,Commercial,"$2,128,117","$2,128,117",$0,0.0%,"2,021"
122856003,Oral examination (procedure),Humana,Commercial,"$250,208","$250,208",$0,0.0%,492
979480,(no description on file),Dual Eligible,Government,"$38,006","$38,006",$0,0.0%,169
1290407002,Plain X-ray of knee region (procedure),Humana,Commercial,"$228,439","$228,439",$0,0.0%,444
306185001,Referral to cardiac surgery service (procedure),UnitedHealthcare,Commercial,"$351,227","$351,227",$0,0.0%,696
1287742003,Radiotherapy (procedure),Aetna,Commercial,"$92,242","$92,242",$0,0.0%,170
542347,(no description on file),Humana,Commercial,$166,$166,$0,0.0%,966
69212005,Range of motion testing (procedure),UnitedHealthcare,Commercial,"$144,263","$144,263",$0,0.0%,284
165197003,Diagnostic assessment (procedure),Cigna Health,Commercial,"$292,496","$292,496",$0,0.0%,603
1306292,(no description on file),Medicare,Government,"$219,832","$219,832",$0,0.0%,838
1860154,(no description on file),UnitedHealthcare,Commercial,"$16,369","$16,369",$0,0.0%,115
197591,(no description on file),Dual Eligible,Government,"$3,914","$3,914",$0,0.0%,507
966529,(no description on file),Medicare,Government,"$60,988","$60,988",$0,0.0%,255
197454,(no description on file),Blue Cross Blue Shield,Commercial,"$240,751","$240,751",$0,0.0%,927
1014678,(no description on file),Anthem,Commercial,"$37,952","$37,952",$0,0.0%,68
85765000,Fiberoptic bronchoscopy (procedure),Medicaid,Government,"$653,417","$653,417",$0,0.0%,72
306706006,Discharge to ward (procedure),Blue Cross Blue Shield,Commercial,"$363,472","$363,472",$0,0.0%,721
1804799,(no description on file),Medicaid,Government,"$56,262,265","$56,262,265",$0,0.0%,348
1361226,(no description on file),Anthem,Commercial,"$18,702","$18,702",$0,0.0%,74
866514,(no description on file),Aetna,Commercial,"$12,147","$12,147",$0,0.0%,48
165355002,Patient informed - test result (situation),Humana,Commercial,"$123,333","$123,333",$0,0.0%,248
103746007,Heparin therapy (procedure),Medicaid,Government,"$39,223","$39,223",$0,0.0%,72
76746007,Cardiovascular stress testing (procedure),Medicaid,Government,"$173,937","$173,937",$0,0.0%,381
418023006,Computed tomography of chest  abdomen and pelvis (procedure),UnitedHealthcare,Commercial,"$20,544","$20,544",$0,0.0%,42
141962,(no description on file),Anthem,Commercial,"$16,889","$16,889",$0,0.0%,64
167252002,Urine pregnancy test (procedure),Medicaid,Government,"$33,754","$33,754",$0,0.0%,73
1946840,(no description on file),NO_INSURANCE,Self-Pay / Uninsured,"$10,181","$10,181",$0,0.0%,40
22523008,Vasectomy,Aetna,Commercial,"$3,345,745","$3,345,745",$0,0.0%,263
1997015,(no description on file),Humana,Commercial,"$38,795","$38,795",$0,0.0%,149
410410006,Screening surveillance (regime/therapy),UnitedHealthcare,Commercial,"$10,373","$10,373",$0,0.0%,87
183452005,Emergency hospital admission (procedure),Blue Cross Blue Shield,Commercial,"$15,050","$15,050",$0,0.0%,198
414088005,Emergency coronary artery bypass graft (procedure),NO_INSURANCE,Self-Pay / Uninsured,"$13,717","$13,717",$0,0.0%,27
1361226,(no description on file),Blue Cross Blue Shield,Commercial,"$9,117","$9,117",$0,0.0%,35
311372,(no description on file),Medicare,Government,"$8,934","$8,934",$0,0.0%,38
898687,(no description on file),Medicare,Government,"$6,029","$6,029",$0,0.0%,23
896027,(no description on file),Anthem,Commercial,"$1,398","$1,398",$0,0.0%,6
310261,(no description on file),Blue Cross Blue Shield,Commercial,"$128,969","$128,969",$0,0.0%,9
13569004,Transfusion of plasma (procedure),Blue Cross Blue Shield,Commercial,"$28,166","$28,166",$0,0.0%,11
1723208,(no description on file),Aetna,Commercial,$744,$744,$0,0.0%,262
310261,(no description on file),UnitedHealthcare,Commercial,"$87,408","$87,408",$0,0.0%,9
898367,(no description on file),Medicare,Government,"$1,029","$1,029",$0,0.0%,4
854905,(no description on file),Humana,Commercial,"$2,741","$2,741",$0,0.0%,11
856980,(no description on file),Cigna Health,Commercial,$110,$110,$0,0.0%,7
403875,(no description on file),Anthem,Commercial,"$3,677","$3,677",$0,0.0%,11
859747,(no description on file),UnitedHealthcare,Commercial,"$2,060","$2,060",$0,0.0%,8
898346,(no description on file),NO_INSURANCE,Self-Pay / Uninsured,$586,$586,$0,0.0%,2
242754,(no description on file),Anthem,Commercial,"$2,960","$2,960",$0,0.0%,9
351875,(no description on file),Humana,Commercial,$586,$586,$0,0.0%,2
896758,(no description on file),Dual Eligible,Government,$891,$891,$0,0.0%,4
896766,(no description on file),Medicaid,Government,$770,$770,$0,0.0%,5
198188,(no description on file),Humana,Commercial,$718,$718,$0,0.0%,3
311834001,Fiberoptic Endoscopic Evaluation of Swallowing,Medicaid,Government,$486,$486,$0,0.0%,1
898356,(no description on file),Anthem,Commercial,$209,$209,$0,0.0%,1
861356,(no description on file),Anthem,Commercial,$283,$283,$0,0.0%,1
197903,(no description on file),Aetna,Commercial,$233,$233,$0,0.0%,1
265764009,Renal dialysis (procedure),Dual Eligible,Government,"$558,416,391","$558,416,391",$0,0.0%,"743,935"
103697008,Patient referral for dental care (procedure),Aetna,Commercial,"$11,172,228","$11,172,228",$0,0.0%,"264,198"
274788003,Examination of gingivae (procedure),Cigna Health,Commercial,"$125,818,623","$125,818,623",$0,0.0%,"259,393"
185349003,Encounter for check up (procedure),Blue Cross Blue Shield,Commercial,"$19,412,537","$19,412,537",$0,0.0%,"270,532"
34043003,Dental consultation and report (procedure),Medicare,Government,"$479,101,139","$479,101,139",$0,0.0%,"979,665"
895996,(no description on file),Humana,Commercial,"$4,846,240","$4,846,240",$0,0.0%,"18,941"
119,(no description on file),Aetna,Commercial,"$1,319,200","$1,319,200",$0,0.0%,"9,700"
1049221,(no description on file),UnitedHealthcare,Commercial,"$11,751","$11,751",$0,0.0%,862
133,(no description on file),UnitedHealthcare,Commercial,"$3,250,536","$3,250,536",$0,0.0%,"23,901"
856987,(no description on file),Blue Cross Blue Shield,Commercial,"$1,060,400","$1,060,400",$0,0.0%,"19,171"
424619006,Prenatal visit,Humana,Commercial,"$24,157,227","$24,157,227",$0,0.0%,"200,491"
897685,(no description on file),Medicare,Government,"$25,342,191","$25,342,191",$0,0.0%,"99,360"
751905,(no description on file),Dual Eligible,Government,"$715,429","$715,429",$0,0.0%,886
133,(no description on file),NO_INSURANCE,Self-Pay / Uninsured,"$3,022,600","$3,022,600",$0,0.0%,"22,225"
711446003,Transplantation of kidney regime (regime/therapy),NO_INSURANCE,Self-Pay / Uninsured,"$6,097,451","$6,097,451",$0,0.0%,"7,570"
81733005,Dental surgical procedure (procedure),Blue Cross Blue Shield,Commercial,"$16,185,117","$16,185,117",$0,0.0%,"31,338"
185087000,Notifications (procedure),Medicare,Government,"$16,843,660","$16,843,660",$0,0.0%,"34,423"
1000126,(no description on file),Anthem,Commercial,"$335,307","$335,307",$0,0.0%,"5,714"
60027007,Radiography of wrist (procedure),Dual Eligible,Government,"$551,797","$551,797",$0,0.0%,"1,243"
309309,(no description on file),Anthem,Commercial,"$279,350","$279,350",$0,0.0%,"1,054"
265764009,Renal dialysis (procedure),Aetna,Commercial,"$298,337,719","$298,337,719",$0,0.0%,"394,218"
1049221,(no description on file),Medicaid,Government,"$131,507","$131,507",$0,0.0%,"16,497"
896209,(no description on file),Medicare,Government,"$64,500,960","$64,500,960",$0,0.0%,"106,857"
428211000124100,Assessment of substance use (procedure),UnitedHealthcare,Commercial,"$1,295,429","$1,295,429",$0,0.0%,"186,469"
3802001,Dental application of desensitizing medicament (procedure),Dual Eligible,Government,"$27,499,024","$27,499,024",$0,0.0%,"59,057"
242969,(no description on file),Aetna,Commercial,"$3,229","$3,229",$0,0.0%,"1,058"
1860491,(no description on file),UnitedHealthcare,Commercial,"$2,168,670","$2,168,670",$0,0.0%,"8,368"
183495009,Non-urgent orthopedic admission,Anthem,Commercial,"$109,488","$109,488",$0,0.0%,909
1049504,(no description on file),Anthem,Commercial,"$3,942,177","$3,942,177",$0,0.0%,"15,022"
162676008,Brief general examination (procedure),NO_INSURANCE,Self-Pay / Uninsured,"$678,126","$678,126",$0,0.0%,"4,933"
268556000,Urine screening for glucose,NO_INSURANCE,Self-Pay / Uninsured,"$32,116,295","$32,116,295",$0,0.0%,"16,712"
223487003,Discussion about options (procedure),Medicare,Government,"$495,869","$495,869",$0,0.0%,"1,019"
392021009,Lumpectomy of breast (procedure),Medicare,Government,"$22,786,760","$22,786,760",$0,0.0%,713
370995009,Health risks education (procedure),Blue Cross Blue Shield,Commercial,$496,$496,$0,0.0%,"5,572"
473231009,Renal disorder medication review (procedure),UnitedHealthcare,Commercial,"$1,080,556","$1,080,556",$0,0.0%,"2,165"
180207008,Intravenous blood transfusion of packed cells (procedure),NO_INSURANCE,Self-Pay / Uninsured,"$772,569","$772,569",$0,0.0%,347
748879,(no description on file),Cigna Health,Commercial,"$3,927,081","$3,927,081",$0,0.0%,"4,361"
305351004,Admission to intensive care unit (procedure),Medicare,Government,"$48,629,392","$48,629,392",$0,0.0%,"10,682"
225386006,Pre-discharge assessment (procedure),NO_INSURANCE,Self-Pay / Uninsured,"$2,209,815","$2,209,815",$0,0.0%,"4,515"
269911007,Sputum examination (procedure),Dual Eligible,Government,"$17,419,840","$17,419,840",$0,0.0%,"3,201"
183444007,Referral for further care (procedure),Cigna Health,Commercial,"$376,570","$376,570",$0,0.0%,774
52052004,Rehabilitation therapy (regime/therapy),Blue Cross Blue Shield,Commercial,"$4,545,412","$4,545,412",$0,0.0%,"9,193"
1116635,(no description on file),Medicare,Government,"$608,651","$608,651",$0,0.0%,"2,355"
305428000,Admission to orthopedic department,Medicare,Government,"$3,387,114","$3,387,114",$0,0.0%,"6,899"
807283,(no description on file),Medicaid,Government,"$113,543","$113,543",$0,0.0%,"5,890"
415300000,Review of systems (procedure),Medicare,Government,"$454,463","$454,463",$0,0.0%,"6,249"
168594001,Clavicle X-ray,Humana,Commercial,"$680,787","$680,787",$0,0.0%,"1,364"
223495004,Preparation of patient for procedure (regime/therapy),Anthem,Commercial,"$493,109","$493,109",$0,0.0%,"1,014"
302761001,Walking exercise test (procedure),Medicaid,Government,"$1,498,878","$1,498,878",$0,0.0%,"3,300"
305336008,Admission to hospice (procedure),Blue Cross Blue Shield,Commercial,"$43,443","$43,443",$0,0.0%,338
229064008,Movement therapy (regime/therapy),UnitedHealthcare,Commercial,"$3,424,392","$3,424,392",$0,0.0%,"6,839"
310861008,Chlamydia antigen test,Medicaid,Government,"$99,165,051","$99,165,051",$0,0.0%,"54,630"
90226004,Cytopathology procedure  preparation of smear  genital source,Humana,Commercial,"$47,951,647","$47,951,647",$0,0.0%,"24,220"
351136,(no description on file),UnitedHealthcare,Commercial,"$546,588","$546,588",$0,0.0%,"2,102"
169673001,Antenatal RhD antibody screening,Cigna Health,Commercial,"$3,634,820","$3,634,820",$0,0.0%,"1,943"
11466000,Cesarean section,UnitedHealthcare,Commercial,"$12,113,336","$12,113,336",$0,0.0%,"1,441"
168594001,Clavicle X-ray,Aetna,Commercial,"$549,537","$549,537",$0,0.0%,"1,132"
22523008,Vasectomy,Humana,Commercial,"$3,491,271","$3,491,271",$0,0.0%,274
617311,(no description on file),Aetna,Commercial,"$23,362","$23,362",$0,0.0%,97
49,(no description on file),Medicare,Government,"$205,768","$205,768",$0,0.0%,"1,513"
65588006,Premature birth of newborn,Dual Eligible,Government,"$93,478","$93,478",$0,0.0%,205
183450002,Admission to burn unit,Medicare,Government,"$63,594","$63,594",$0,0.0%,129
287664005,Bilateral tubal ligation,UnitedHealthcare,Commercial,"$6,375,101","$6,375,101",$0,0.0%,892
309097,(no description on file),Medicare,Government,"$791,529","$791,529",$0,0.0%,"1,087"
168594001,Clavicle X-ray,Blue Cross Blue Shield,Commercial,"$462,851","$462,851",$0,0.0%,919
1734919,(no description on file),Dual Eligible,Government,"$163,734","$163,734",$0,0.0%,394
268533009,Sterilization education (procedure),Dual Eligible,Government,"$128,142","$128,142",$0,0.0%,274
58828004,Application of dressing  sterile (procedure),Dual Eligible,Government,"$197,432","$197,432",$0,0.0%,433
233553003,Vascular cannula removal (procedure),UnitedHealthcare,Commercial,"$202,547","$202,547",$0,0.0%,404
306185001,Referral to cardiac surgery service (procedure),Blue Cross Blue Shield,Commercial,"$390,357","$390,357",$0,0.0%,770
1804799,(no description on file),Dual Eligible,Government,"$60,790,517","$60,790,517",$0,0.0%,386
1807510,(no description on file),Aetna,Commercial,"$131,288","$131,288",$0,0.0%,510
1736776,(no description on file),Aetna,Commercial,"$3,024,378","$3,024,378",$0,0.0%,"1,200"
200243,(no description on file),Humana,Commercial,$97,$97,$0,0.0%,219
110467000,Pre-surgery testing (procedure),Blue Cross Blue Shield,Commercial,"$382,592","$382,592",$0,0.0%,759
896758,(no description on file),Medicare,Government,"$7,304","$7,304",$0,0.0%,27
1534809,(no description on file),Blue Cross Blue Shield,Commercial,"$922,127","$922,127",$0,0.0%,"1,045"
898690,(no description on file),Medicare,Government,"$13,817","$13,817",$0,0.0%,50
1791701,(no description on file),Dual Eligible,Government,$28,$28,$0,0.0%,78
122548005,Biopsy of breast (procedure),Aetna,Commercial,"$1,133,432","$1,133,432",$0,0.0%,306
183856001,Referral to hypertension clinic,Anthem,Commercial,"$178,808","$178,808",$0,0.0%,364
310417005,Certification procedure (procedure),Cigna Health,Commercial,"$245,103","$245,103",$0,0.0%,510
1116635,(no description on file),NO_INSURANCE,Self-Pay / Uninsured,"$56,794","$56,794",$0,0.0%,223
54550000,Electroencephalogram (procedure),NO_INSURANCE,Self-Pay / Uninsured,"$2,440,228","$2,440,228",$0,0.0%,286
197591,(no description on file),Blue Cross Blue Shield,Commercial,$919,$919,$0,0.0%,109
387685009,Surgical manipulation of shoulder joint,Cigna Health,Commercial,"$1,051,298","$1,051,298",$0,0.0%,70
898356,(no description on file),Aetna,Commercial,$492,$492,$0,0.0%,2
1860480,(no description on file),Cigna Health,Commercial,"$4,649","$4,649",$0,0.0%,144
394894008,Pre-operative chemotherapy (procedure),Medicaid,Government,"$20,870","$20,870",$0,0.0%,45
562508,(no description on file),NO_INSURANCE,Self-Pay / Uninsured,"$25,595","$25,595",$0,0.0%,102
866924,(no description on file),Dual Eligible,Government,"$50,853","$50,853",$0,0.0%,223
212446,(no description on file),NO_INSURANCE,Self-Pay / Uninsured,"$10,095","$10,095",$0,0.0%,39
1014676,(no description on file),NO_INSURANCE,Self-Pay / Uninsured,"$206,997","$206,997",$0,0.0%,378
45595009,Laparoscopic Removal of Gall Bladder,Aetna,Commercial,"$259,320","$259,320",$0,0.0%,56
426701000119108,Ultrasonography of abdomen  right upper quadrant and epigastrium,Humana,Commercial,"$51,095","$51,095",$0,0.0%,101
443497002,Excision of sentinel lymph node (procedure),Blue Cross Blue Shield,Commercial,"$357,809","$357,809",$0,0.0%,34
309078,(no description on file),Humana,Commercial,"$16,018","$16,018",$0,0.0%,61
597195,(no description on file),Medicaid,Government,$60,$60,$0,0.0%,63
3457005,Patient referral (procedure),Dual Eligible,Government,"$30,487","$30,487",$0,0.0%,70
746815,(no description on file),NO_INSURANCE,Self-Pay / Uninsured,"$23,996","$23,996",$0,0.0%,108
91602002,Thoracentesis (procedure),Medicaid,Government,"$767,497","$767,497",$0,0.0%,53
866419,(no description on file),Dual Eligible,Government,"$4,853","$4,853",$0,0.0%,22
313002,(no description on file),UnitedHealthcare,Commercial,$75,$75,$0,0.0%,43
686924,(no description on file),Medicaid,Government,"$7,748","$7,748",$0,0.0%,33
310385,(no description on file),Medicare,Government,$29,$29,$0,0.0%,21
609588000,Total knee replacement,Aetna,Commercial,"$249,604","$249,604",$0,0.0%,12
859751,(no description on file),Aetna,Commercial,"$5,226","$5,226",$0,0.0%,20
711018006,Assessment of social support (procedure),Cigna Health,Commercial,"$23,903","$23,903",$0,0.0%,49
268400002,12 lead electrocardiogram (procedure),UnitedHealthcare,Commercial,"$3,634","$3,634",$0,0.0%,7
1656356,(no description on file),Anthem,Commercial,"$10,378","$10,378",$0,0.0%,42
85765000,Fiberoptic bronchoscopy (procedure),Aetna,Commercial,"$178,203","$178,203",$0,0.0%,22
2284960,(no description on file),Blue Cross Blue Shield,Commercial,$276,$276,$0,0.0%,40
866419,(no description on file),Humana,Commercial,"$2,400","$2,400",$0,0.0%,10
310261,(no description on file),NO_INSURANCE,Self-Pay / Uninsured,"$413,690","$413,690",$0,0.0%,30
200619008,Comprehensive interview and evaluation (procedure),UnitedHealthcare,Commercial,"$1,946","$1,946",$0,0.0%,4
4525004,Emergency department patient visit (procedure),Medicaid,Government,"$3,873","$3,873",$0,0.0%,32
183418007,Social case work (regime/therapy),Medicaid,Government,"$5,760","$5,760",$0,0.0%,13
200345,(no description on file),Medicaid,Government,$679,$679,$0,0.0%,3
861654,(no description on file),Medicaid,Government,$847,$847,$0,0.0%,4
205326,(no description on file),Anthem,Commercial,"$1,035","$1,035",$0,0.0%,4
304532001,Treatment failure risk education (procedure),Cigna Health,Commercial,"$2,014","$2,014",$0,0.0%,4
866419,(no description on file),NO_INSURANCE,Self-Pay / Uninsured,$802,$802,$0,0.0%,3
896027,(no description on file),Medicare,Government,"$2,466","$2,466",$0,0.0%,8
856556,(no description on file),Humana,Commercial,"$1,035","$1,035",$0,0.0%,4
859419,(no description on file),Blue Cross Blue Shield,Commercial,"$1,351","$1,351",$0,0.0%,5
241645008,Magnetic resonance imaging of spine (procedure),Aetna,Commercial,"$1,478","$1,478",$0,0.0%,3
232965003,Implantation of ventricular assist device (procedure),Anthem,Commercial,"$1,458","$1,458",$0,0.0%,3
200096,(no description on file),Aetna,Commercial,"$1,695","$1,695",$0,0.0%,7
858810,(no description on file),Humana,Commercial,$339,$339,$0,0.0%,2
636045,(no description on file),NO_INSURANCE,Self-Pay / Uninsured,$565,$565,$0,0.0%,2
241149003,Videofluoroscopy swallow (procedure),Anthem,Commercial,$585,$585,$0,0.0%,1
311834001,Fiberoptic Endoscopic Evaluation of Swallowing,Blue Cross Blue Shield,Commercial,$408,$408,$0,0.0%,1
200345,(no description on file),Aetna,Commercial,$308,$308,$0,0.0%,1
197903,(no description on file),NO_INSURANCE,Self-Pay / Uninsured,$283,$283,$0,0.0%,1
898719,(no description on file),Aetna,Commercial,$209,$209,$0,0.0%,1
169690007,Rubella screening,Medicare,Government,"$14,486,792","$14,486,792",$0,0.0%,"7,672"
208,(no description on file),Anthem,Commercial,"$9,656,680","$9,656,680",$0,0.0%,"70,997"
439740005,Postoperative follow-up visit (procedure),NO_INSURANCE,Self-Pay / Uninsured,"$1,104,882","$1,104,882",$0,0.0%,"9,406"
714812005,Induced termination of pregnancy,Medicaid,Government,"$136,499,513","$136,499,513",$0,0.0%,"16,274"
243085009,Oral health education (procedure),UnitedHealthcare,Commercial,"$80,970,650","$80,970,650",$0,0.0%,"161,166"
31676001,Human immunodeficiency virus antigen test,Aetna,Commercial,"$32,741,206","$32,741,206",$0,0.0%,"17,224"
312961,(no description on file),Medicare,Government,"$5,121,038","$5,121,038",$0,0.0%,"16,417"
223470000,Discussion about signs and symptoms (procedure),Medicaid,Government,"$10,595,100","$10,595,100",$0,0.0%,"22,788"
315124004,Human immunodeficiency virus viral load (procedure),Medicaid,Government,"$2,943,396","$2,943,396",$0,0.0%,"6,350"
81733005,Dental surgical procedure (procedure),Medicare,Government,"$86,702,225","$86,702,225",$0,0.0%,"172,985"
117015009,Throat culture (procedure),UnitedHealthcare,Commercial,"$21,906,742","$21,906,742",$0,0.0%,"11,142"
308192,(no description on file),Medicaid,Government,"$3,703,190","$3,703,190",$0,0.0%,"23,235"
84100007,History taking (procedure),Anthem,Commercial,"$3,280,852","$3,280,852",$0,0.0%,"6,697"
456191000124101,Postoperative care for dental procedure (regime/therapy),NO_INSURANCE,Self-Pay / Uninsured,"$20,869,824","$20,869,824",$0,0.0%,"41,732"
183460006,Obstetric emergency hospital admission,Blue Cross Blue Shield,Commercial,"$1,650,043","$1,650,043",$0,0.0%,"12,414"
748856,(no description on file),Medicaid,Government,"$10,859,106","$10,859,106",$0,0.0%,"13,468"
1049625,(no description on file),UnitedHealthcare,Commercial,"$4,053,527","$4,053,527",$0,0.0%,"15,658"
271442007,Fetal anatomy study,Dual Eligible,Government,"$1,805,709","$1,805,709",$0,0.0%,"3,860"
310325,(no description on file),Humana,Commercial,$262,$262,$0,0.0%,871
243670,(no description on file),UnitedHealthcare,Commercial,"$52,996","$52,996",$0,0.0%,284
31208007,Medical induction of labor,Medicaid,Government,"$38,781,116","$38,781,116",$0,0.0%,"11,476"
896001,(no description on file),Medicare,Government,"$7,044,545","$7,044,545",$0,0.0%,"27,536"
104326007,Measurement of Varicella-zoster virus antibody,Anthem,Commercial,"$31,976,700","$31,976,700",$0,0.0%,"16,835"
20,(no description on file),Anthem,Commercial,"$3,203,888","$3,203,888",$0,0.0%,"23,558"
1014676,(no description on file),Medicaid,Government,"$1,103,073","$1,103,073",$0,0.0%,"2,087"
62,(no description on file),Dual Eligible,Government,"$648,856","$648,856",$0,0.0%,"4,771"
301807007,Removal of subcutaneous contraceptive,Medicare,Government,"$42,699,373","$42,699,373",$0,0.0%,"4,909"
351266,(no description on file),UnitedHealthcare,Commercial,"$663,690","$663,690",$0,0.0%,"2,548"
448337001,Telemedicine consultation with patient,Anthem,Commercial,"$384,850","$384,850",$0,0.0%,"3,770"
399208008,Plain chest X-ray (procedure),Medicaid,Government,"$180,867,992","$180,867,992",$0,0.0%,"20,017"
71493000,Transfusion of packed red blood cells (procedure),Dual Eligible,Government,"$2,662,400","$2,662,400",$0,0.0%,"1,990"
854252,(no description on file),Anthem,Commercial,"$101,994","$101,994",$0,0.0%,"5,864"
311791003,Information gathering (procedure),Medicare,Government,"$402,825","$402,825",$0,0.0%,"5,603"
14736009,History and physical examination with evaluation and management of patient (procedure),Medicare,Government,"$1,582,894","$1,582,894",$0,0.0%,"3,221"
301884003,Removal of aortic cross clamp (procedure),Medicaid,Government,"$875,414","$875,414",$0,0.0%,"1,922"
1728805,(no description on file),Medicare,Government,"$791,937","$791,937",$0,0.0%,"3,054"
26604007,Complete blood count (procedure),NO_INSURANCE,Self-Pay / Uninsured,"$211,340","$211,340",$0,0.0%,433
198240,(no description on file),Medicare,Government,"$632,069","$632,069",$0,0.0%,855
709138001,Notification of treatment plan (procedure),Dual Eligible,Government,"$1,246,130","$1,246,130",$0,0.0%,"2,757"
2123111,(no description on file),Blue Cross Blue Shield,Commercial,"$9,148,810","$9,148,810",$0,0.0%,"6,000"
370995009,Health risks education (procedure),Anthem,Commercial,"$1,028","$1,028",$0,0.0%,"5,190"
312681000,Bone density scan (procedure),NO_INSURANCE,Self-Pay / Uninsured,"$13,948,605","$13,948,605",$0,0.0%,"1,613"
410538000,Scheduling (procedure),Dual Eligible,Government,"$1,231,601","$1,231,601",$0,0.0%,"2,723"
309362,(no description on file),NO_INSURANCE,Self-Pay / Uninsured,"$1,780,764","$1,780,764",$0,0.0%,"2,193"
183450002,Admission to burn unit,Aetna,Commercial,"$38,342","$38,342",$0,0.0%,80
229095001,Exercise class,Cigna Health,Commercial,"$707,245","$707,245",$0,0.0%,"1,448"
1734919,(no description on file),Medicare,Government,"$643,893","$643,893",$0,0.0%,"1,384"
431182000,Placing subject in prone position (procedure),Medicare,Government,"$55,774,475","$55,774,475",$0,0.0%,"21,169"
979492,(no description on file),Dual Eligible,Government,"$1,262,486","$1,262,486",$0,0.0%,"5,407"
183452005,Emergency hospital admission (procedure),Humana,Commercial,"$28,533","$28,533",$0,0.0%,370
169553002,Insertion of subcutaneous contraceptive,Dual Eligible,Government,"$15,975,859","$15,975,859",$0,0.0%,"1,989"
305342007,Admission to ward (procedure),UnitedHealthcare,Commercial,"$96,678","$96,678",$0,0.0%,724
305408004,Admission to surgical department,Dual Eligible,Government,"$46,963","$46,963",$0,0.0%,372
116861002,Transfusion of fresh frozen plasma (procedure),Medicaid,Government,"$223,618","$223,618",$0,0.0%,460
315639002,Initial patient assessment (procedure),Aetna,Commercial,"$2,772,005","$2,772,005",$0,0.0%,"5,689"
410770002,Administration of anesthesia for procedure (procedure),Blue Cross Blue Shield,Commercial,"$396,060","$396,060",$0,0.0%,785
24623002,Screening mammography (procedure),NO_INSURANCE,Self-Pay / Uninsured,"$16,790","$16,790",$0,0.0%,148
15081005,Pulmonary rehabilitation (regime/therapy),Cigna Health,Commercial,"$629,645","$629,645",$0,0.0%,308
122856003,Oral examination (procedure),Blue Cross Blue Shield,Commercial,"$129,265","$129,265",$0,0.0%,254
104435004,Screening for occult blood in feces (procedure),UnitedHealthcare,Commercial,"$6,118,889","$6,118,889",$0,0.0%,"1,048"
367494004,Premature birth of newborn (finding),UnitedHealthcare,Commercial,"$141,609","$141,609",$0,0.0%,279
63697000,Cardiopulmonary bypass operation (procedure),Humana,Commercial,"$408,976","$408,976",$0,0.0%,812
313191000,Injection of epinephrine (procedure),Medicare,Government,"$2,198,467","$2,198,467",$0,0.0%,880
32485007,Hospital admission (procedure),Blue Cross Blue Shield,Commercial,"$280,200","$280,200",$0,0.0%,"2,327"
446573003,Continuous positive airway pressure titration (procedure),Dual Eligible,Government,"$227,689","$227,689",$0,0.0%,494
58000006,Patient discharge (procedure),UnitedHealthcare,Commercial,"$662,432","$662,432",$0,0.0%,"1,316"
65588006,Premature birth of newborn,NO_INSURANCE,Self-Pay / Uninsured,"$286,095","$286,095",$0,0.0%,595
314077,(no description on file),UnitedHealthcare,Commercial,"$34,204","$34,204",$0,0.0%,134
410299006,Lab findings education  guidance  and counseling (procedure),Aetna,Commercial,"$86,781","$86,781",$0,0.0%,182
617296,(no description on file),NO_INSURANCE,Self-Pay / Uninsured,"$86,746","$86,746",$0,0.0%,331
301882004,Placement of aortic cross clamp (procedure),Blue Cross Blue Shield,Commercial,"$246,399","$246,399",$0,0.0%,488
433114000,Human epidermal growth factor receptor 2 gene detection by immunohistochemistry (procedure),NO_INSURANCE,Self-Pay / Uninsured,"$55,871","$55,871",$0,0.0%,239
266753000,Referral for laboratory tests (procedure),Cigna Health,Commercial,"$92,522","$92,522",$0,0.0%,189
1287742003,Radiotherapy (procedure),Blue Cross Blue Shield,Commercial,"$54,234","$54,234",$0,0.0%,110
966222,(no description on file),UnitedHealthcare,Commercial,$17,$17,$0,0.0%,55
23183008,Excision of lingual torus (procedure),Medicaid,Government,"$73,301","$73,301",$0,0.0%,161
854255,(no description on file),Cigna Health,Commercial,"$7,798","$7,798",$0,0.0%,30
609588000,Total knee replacement,Medicare,Government,"$576,413","$576,413",$0,0.0%,29
197886,(no description on file),Medicaid,Government,"$5,245","$5,245",$0,0.0%,23
71493000,Transfusion of packed red blood cells (procedure),UnitedHealthcare,Commercial,"$801,184","$801,184",$0,0.0%,570
76164006,Biopsy of colon,Cigna Health,Commercial,"$2,250,879","$2,250,879",$0,0.0%,198
19589009,Radiography of mandible (procedure),Anthem,Commercial,"$199,308","$199,308",$0,0.0%,411
1999667,(no description on file),NO_INSURANCE,Self-Pay / Uninsured,"$40,576","$40,576",$0,0.0%,146
86013001,Periodic reevaluation and management of healthy individual (procedure),Humana,Commercial,"$22,173","$22,173",$0,0.0%,188
979092,(no description on file),Medicare,Government,$132,$132,$0,0.0%,489
310417005,Certification procedure (procedure),Blue Cross Blue Shield,Commercial,"$169,610","$169,610",$0,0.0%,338
122856003,Oral examination (procedure),Dual Eligible,Government,"$73,006","$73,006",$0,0.0%,162
259255,(no description on file),NO_INSURANCE,Self-Pay / Uninsured,$577,$577,$0,0.0%,29
445988008,Assessment using health assessment questionnaire (procedure),Humana,Commercial,"$31,422","$31,422",$0,0.0%,62
1014676,(no description on file),Anthem,Commercial,"$196,187","$196,187",$0,0.0%,342
1998772,(no description on file),UnitedHealthcare,Commercial,"$8,215","$8,215",$0,0.0%,33
82808001,Sleep apnea monitoring with alarm (regime/therapy),Humana,Commercial,"$83,476","$83,476",$0,0.0%,164
432231006,Fine needle aspiration biopsy of lung (procedure),NO_INSURANCE,Self-Pay / Uninsured,"$437,688","$437,688",$0,0.0%,24
311354,(no description on file),UnitedHealthcare,Commercial,"$5,474","$5,474",$0,0.0%,21
24623002,Screening mammography (procedure),Medicaid,Government,"$39,539","$39,539",$0,0.0%,389
104173009,Sputum Culture,Blue Cross Blue Shield,Commercial,"$11,437","$11,437",$0,0.0%,24
241055006,Mammogram - symptomatic (procedure),UnitedHealthcare,Commercial,"$7,403","$7,403",$0,0.0%,61
141962,(no description on file),Humana,Commercial,"$24,663","$24,663",$0,0.0%,93
112001000119100,positive screening for depression on phq9,Humana,Commercial,"$43,000","$43,000",$0,0.0%,85
86013001,Periodic reevaluation and management of healthy individual (procedure),Blue Cross Blue Shield,Commercial,"$14,430","$14,430",$0,0.0%,120
33633005,Prescription of drug (procedure),Aetna,Commercial,"$44,366","$44,366",$0,0.0%,94
412809002,Viral hepatitis screening test (procedure),UnitedHealthcare,Commercial,"$12,667","$12,667",$0,0.0%,28
1536144,(no description on file),UnitedHealthcare,Commercial,"$12,604","$12,604",$0,0.0%,48
85765000,Fiberoptic bronchoscopy (procedure),Cigna Health,Commercial,"$211,869","$211,869",$0,0.0%,33
37542007,Posttreatment stabilization  orthodontic device (procedure),NO_INSURANCE,Self-Pay / Uninsured,"$74,500","$74,500",$0,0.0%,151
713021002,Plain X-ray of pelvis (procedure),UnitedHealthcare,Commercial,"$38,369","$38,369",$0,0.0%,76
105585,(no description on file),NO_INSURANCE,Self-Pay / Uninsured,"$1,791","$1,791",$0,0.0%,41
26212005,Replacement of aortic valve (procedure),Cigna Health,Commercial,"$26,574","$26,574",$0,0.0%,55
171126009,Tuberculosis screening (procedure),Cigna Health,Commercial,"$23,903","$23,903",$0,0.0%,49
709979004,Doppler ultrasonography of artery (procedure),Dual Eligible,Government,"$24,626","$24,626",$0,0.0%,54
40617009,Artificial respiration (procedure),Blue Cross Blue Shield,Commercial,"$21,621","$21,621",$0,0.0%,39
999998,(no description on file),Humana,Commercial,"$7,433","$7,433",$0,0.0%,32
859419,(no description on file),Anthem,Commercial,"$4,240","$4,240",$0,0.0%,16
311354,(no description on file),Dual Eligible,Government,"$26,425","$26,425",$0,0.0%,116
197885,(no description on file),Blue Cross Blue Shield,Commercial,"$2,851","$2,851",$0,0.0%,10
349201,(no description on file),Medicaid,Government,"$5,000","$5,000",$0,0.0%,22
386395000,Preoperative coordination (regime/therapy),Humana,Commercial,$468,$468,$0,0.0%,4
105376000,Transesophageal echocardiography (procedure),Blue Cross Blue Shield,Commercial,"$14,370","$14,370",$0,0.0%,29
859753,(no description on file),Dual Eligible,Government,"$1,610","$1,610",$0,0.0%,7
171128005,Venereal disease screening (procedure),Anthem,Commercial,"$18,676","$18,676",$0,0.0%,37
854908,(no description on file),Medicare,Government,"$2,959","$2,959",$0,0.0%,13
686924,(no description on file),Aetna,Commercial,"$2,929","$2,929",$0,0.0%,11
312615,(no description on file),NO_INSURANCE,Self-Pay / Uninsured,$132,$132,$0,0.0%,14
79733001,Amputation of right leg,Medicaid,Government,"$254,306","$254,306",$0,0.0%,11
40274000,General outpatient clinic admission (procedure),Dual Eligible,Government,"$2,825","$2,825",$0,0.0%,24
1946840,(no description on file),Aetna,Commercial,"$5,353","$5,353",$0,0.0%,22
711018006,Assessment of social support (procedure),UnitedHealthcare,Commercial,"$12,667","$12,667",$0,0.0%,28
197885,(no description on file),NO_INSURANCE,Self-Pay / Uninsured,"$2,469","$2,469",$0,0.0%,10
979471,(no description on file),Blue Cross Blue Shield,Commercial,"$1,504","$1,504",$0,0.0%,7
88039007,Transplant of lung (procedure),Anthem,Commercial,"$904,669","$904,669",$0,0.0%,8
1547672,(no description on file),NO_INSURANCE,Self-Pay / Uninsured,"$3,807","$3,807",$0,0.0%,16
385781007,Home health aide service (regime/therapy),UnitedHealthcare,Commercial,"$2,921","$2,921",$0,0.0%,6
686924,(no description on file),Cigna Health,Commercial,"$4,016","$4,016",$0,0.0%,16
746804,(no description on file),Dual Eligible,Government,"$1,463","$1,463",$0,0.0%,7
198182,(no description on file),Humana,Commercial,$522,$522,$0,0.0%,2
856556,(no description on file),Aetna,Commercial,$492,$492,$0,0.0%,2
394894008,Pre-operative chemotherapy (procedure),UnitedHealthcare,Commercial,$948,$948,$0,0.0%,2
709640007,Doppler ultrasonography of renal vein (procedure),Humana,Commercial,"$1,853","$1,853",$0,0.0%,4
385488000,Surgical procedure on chest wall (procedure),NO_INSURANCE,Self-Pay / Uninsured,"$1,097","$1,097",$0,0.0%,2
13995008,Amputation of right arm,Medicare,Government,"$31,149","$31,149",$0,0.0%,2
225415001,Close observation (regime/therapy),Blue Cross Blue Shield,Commercial,$496,$496,$0,0.0%,1
1656351,(no description on file),Humana,Commercial,$233,$233,$0,0.0%,1
84728005,Neurological examination (procedure),UnitedHealthcare,Commercial,$484,$484,$0,0.0%,1
636045,(no description on file),Blue Cross Blue Shield,Commercial,$209,$209,$0,0.0%,1
4525004,Emergency department patient visit (procedure),Aetna,Commercial,$116,$116,$0,0.0%,1
58390007,Allogeneic bone marrow transplantation (procedure),Anthem,Commercial,$408,$408,$0,0.0%,1
58390007,Allogeneic bone marrow transplantation (procedure),NO_INSURANCE,Self-Pay / Uninsured,$408,$408,$0,0.0%,1
200095,(no description on file),Blue Cross Blue Shield,Commercial,$261,$261,$0,0.0%,1
385488000,Surgical procedure on chest wall (procedure),Cigna Health,Commercial,$408,$408,$0,0.0%,1
198767,(no description on file),Cigna Health,Commercial,$209,$209,$0,0.0%,1
801095,(no description on file),Medicaid,Government,$418,$418,$0,0.0%,2
702927004,Urgent care clinic (environment),Cigna Health,Commercial,"$9,353,278","$9,353,278",$0,0.0%,"80,195"
127783003,Spirometry (procedure),Dual Eligible,Government,"$245,229,602","$245,229,602",$0,0.0%,"35,884"
5880005,Physical examination procedure (procedure),Medicaid,Government,"$72,625,398","$72,625,398",$0,0.0%,"153,871"
371883000,Outpatient procedure,Humana,Commercial,"$7,945,656","$7,945,656",$0,0.0%,"66,329"
860975,(no description on file),Medicare,Government,"$3,014,803","$3,014,803",$0,0.0%,"398,133"
241046008,Dental X-ray bitewing (procedure),Anthem,Commercial,"$61,705,976","$61,705,976",$0,0.0%,"126,746"
351266,(no description on file),Cigna Health,Commercial,"$1,250,270","$1,250,270",$0,0.0%,"4,736"
861467,(no description on file),NO_INSURANCE,Self-Pay / Uninsured,"$112,168","$112,168",$0,0.0%,"1,136"
9564003,Complete blood count with white cell differential  automated (procedure),Medicaid,Government,"$2,223,973","$2,223,973",$0,0.0%,"4,824"
81733005,Dental surgical procedure (procedure),UnitedHealthcare,Commercial,"$14,920,350","$14,920,350",$0,0.0%,"28,941"
1049625,(no description on file),NO_INSURANCE,Self-Pay / Uninsured,"$7,013,565","$7,013,565",$0,0.0%,"27,812"
314098000,Rubella screening test (procedure),Humana,Commercial,"$4,657,538","$4,657,538",$0,0.0%,"9,131"
84478008,Occupational therapy (regime/therapy),Aetna,Commercial,"$4,920,480","$4,920,480",$0,0.0%,"3,637"
169690007,Rubella screening,NO_INSURANCE,Self-Pay / Uninsured,"$18,588,255","$18,588,255",$0,0.0%,"9,959"
271442007,Fetal anatomy study,Anthem,Commercial,"$6,859,413","$6,859,413",$0,0.0%,"14,160"
2563431,(no description on file),Medicaid,Government,"$655,825","$655,825",$0,0.0%,"2,897"
835603,(no description on file),NO_INSURANCE,Self-Pay / Uninsured,"$4,043,687","$4,043,687",$0,0.0%,"15,929"
410538000,Scheduling (procedure),Medicaid,Government,"$1,542,994","$1,542,994",$0,0.0%,"3,396"
68254000,Removal of intrauterine device,Humana,Commercial,"$30,490,692","$30,490,692",$0,0.0%,"3,472"
311555007,Speech and language therapy regime (regime/therapy),Medicaid,Government,"$7,446,804","$7,446,804",$0,0.0%,"8,566"
313782,(no description on file),Aetna,Commercial,"$5,031,859","$5,031,859",$0,0.0%,"25,677"
15220000,Laboratory test (procedure),Medicare,Government,"$2,728,358","$2,728,358",$0,0.0%,"5,575"
399014008,Administration of diphtheria  pertussis  and tetanus vaccine,NO_INSURANCE,Self-Pay / Uninsured,"$41,555,687","$41,555,687",$0,0.0%,"16,712"
308182,(no description on file),Aetna,Commercial,"$162,078","$162,078",$0,0.0%,"1,414"
904419,(no description on file),Medicaid,Government,"$258,788","$258,788",$0,0.0%,"28,799"
449411000124106,Admission to skilled nursing facility (procedure),UnitedHealthcare,Commercial,"$311,817","$311,817",$0,0.0%,"2,350"
223470000,Discussion about signs and symptoms (procedure),Blue Cross Blue Shield,Commercial,"$2,608,471","$2,608,471",$0,0.0%,"5,181"
431182000,Placing subject in prone position (procedure),Medicaid,Government,"$28,398,928","$28,398,928",$0,0.0%,"5,880"
10,(no description on file),Blue Cross Blue Shield,Commercial,"$3,193,824","$3,193,824",$0,0.0%,"23,484"
19490002,Ankle X-ray,Medicaid,Government,"$1,431,166","$1,431,166",$0,0.0%,"3,170"
807283,(no description on file),Anthem,Commercial,"$42,779","$42,779",$0,0.0%,"1,953"
854235,(no description on file),Cigna Health,Commercial,"$228,488","$228,488",$0,0.0%,"16,568"
1263416007,Removal of intrauterine contraceptive device (procedure),Anthem,Commercial,"$744,266","$744,266",$0,0.0%,"1,415"
2563431,(no description on file),Humana,Commercial,"$199,661","$199,661",$0,0.0%,763
993770,(no description on file),Anthem,Commercial,"$3,044,278","$3,044,278",$0,0.0%,"11,529"
200243,(no description on file),Medicare,Government,$526,$526,$0,0.0%,"1,179"
104435004,Screening for occult blood in feces (procedure),Dual Eligible,Government,"$21,370,405","$21,370,405",$0,0.0%,"3,982"
703423002,Combined chemotherapy and radiation therapy (procedure),Aetna,Commercial,"$58,835,280","$58,835,280",$0,0.0%,"1,893"
311791003,Information gathering (procedure),Humana,Commercial,"$167,688","$167,688",$0,0.0%,"2,251"
197454,(no description on file),Cigna Health,Commercial,"$320,359","$320,359",$0,0.0%,"1,221"
751905,(no description on file),NO_INSURANCE,Self-Pay / Uninsured,"$3,233,303","$3,233,303",$0,0.0%,"3,571"
370995009,Health risks education (procedure),Dual Eligible,Government,$601,$601,$0,0.0%,"1,742"
1664463,(no description on file),UnitedHealthcare,Commercial,"$1,645,960","$1,645,960",$0,0.0%,"6,452"
309309,(no description on file),Humana,Commercial,"$342,770","$342,770",$0,0.0%,"1,325"
8290005,Induced cardioplegia (procedure),Dual Eligible,Government,"$649,320","$649,320",$0,0.0%,"1,442"
229095001,Exercise class,Dual Eligible,Government,"$264,559","$264,559",$0,0.0%,594
165197003,Diagnostic assessment (procedure),Medicaid,Government,"$717,290","$717,290",$0,0.0%,"1,581"
384700001,Injection of tetanus antitoxin,Cigna Health,Commercial,"$3,491,635","$3,491,635",$0,0.0%,"1,435"
301884003,Removal of aortic cross clamp (procedure),Dual Eligible,Government,"$649,320","$649,320",$0,0.0%,"1,442"
440546007,Discussion about pregnancy (procedure),Medicare,Government,"$1,977,109","$1,977,109",$0,0.0%,"4,019"
32485007,Hospital admission (procedure),Medicaid,Government,"$935,080","$935,080",$0,0.0%,"7,746"
1659263,(no description on file),NO_INSURANCE,Self-Pay / Uninsured,"$2,921","$2,921",$0,0.0%,"1,811"
225337009,Suicide risk assessment (procedure),Aetna,Commercial,$609,$609,$0,0.0%,63
1234995,(no description on file),Blue Cross Blue Shield,Commercial,"$1,036","$1,036",$0,0.0%,785
617296,(no description on file),Aetna,Commercial,"$106,649","$106,649",$0,0.0%,399
410299006,Lab findings education  guidance  and counseling (procedure),Blue Cross Blue Shield,Commercial,"$73,799","$73,799",$0,0.0%,146
1659149,(no description on file),UnitedHealthcare,Commercial,"$4,411","$4,411",$0,0.0%,472
562508,(no description on file),Medicare,Government,"$102,839","$102,839",$0,0.0%,400
762998009,Assessment using New York Heart Association Classification (procedure),Humana,Commercial,"$242,382","$242,382",$0,0.0%,480
1999667,(no description on file),Medicare,Government,"$94,335","$94,335",$0,0.0%,376
12719002,Platelet transfusion (procedure),Dual Eligible,Government,"$90,616","$90,616",$0,0.0%,198
854255,(no description on file),Medicaid,Government,"$20,270","$20,270",$0,0.0%,92
979092,(no description on file),Humana,Commercial,$89,$89,$0,0.0%,269
709010006,Liaising with referral source (procedure),Aetna,Commercial,"$37,480","$37,480",$0,0.0%,79
112798008,Insertion of endotracheal tube (procedure),NO_INSURANCE,Self-Pay / Uninsured,"$33,748","$33,748",$0,0.0%,120
26763009,Controlled ventilation procedure and therapy  initiation and management (procedure),Aetna,Commercial,"$398,948","$398,948",$0,0.0%,113
198039,(no description on file),Blue Cross Blue Shield,Commercial,"$68,214","$68,214",$0,0.0%,261
76164006,Biopsy of colon,UnitedHealthcare,Commercial,"$1,123,295","$1,123,295",$0,0.0%,97
711069006,Coordination of care plan (procedure),UnitedHealthcare,Commercial,"$35,672","$35,672",$0,0.0%,75
2047241,(no description on file),Anthem,Commercial,"$9,100","$9,100",$0,0.0%,110
608139,(no description on file),NO_INSURANCE,Self-Pay / Uninsured,"$19,985","$19,985",$0,0.0%,147
1723208,(no description on file),Dual Eligible,Government,"$1,191","$1,191",$0,0.0%,470
198240,(no description on file),Blue Cross Blue Shield,Commercial,"$48,958","$48,958",$0,0.0%,67
1359269,(no description on file),Humana,Commercial,"$101,512","$101,512",$0,0.0%,461
236931002,Methotrexate injection into tubal pregnancy,Dual Eligible,Government,"$107,214","$107,214",$0,0.0%,53
12719002,Platelet transfusion (procedure),Medicare,Government,"$317,299","$317,299",$0,0.0%,623
112011000119102,negative screening for depression on phq9,Cigna Health,Commercial,"$13,651","$13,651",$0,0.0%,29
371361000119107,Comprehensive metabolic panel (procedure),Aetna,Commercial,"$65,487","$65,487",$0,0.0%,135
311372,(no description on file),Medicaid,Government,"$39,988","$39,988",$0,0.0%,182
197591,(no description on file),Anthem,Commercial,"$1,031","$1,031",$0,0.0%,122
105376000,Transesophageal echocardiography (procedure),UnitedHealthcare,Commercial,"$15,752","$15,752",$0,0.0%,32
197904,(no description on file),Medicare,Government,"$22,486","$22,486",$0,0.0%,86
709506004,Assessment of readiness for disclosure of health status (procedure),Anthem,Commercial,"$18,676","$18,676",$0,0.0%,37
40617009,Artificial respiration (procedure),Medicaid,Government,"$84,522","$84,522",$0,0.0%,175
698354004,Magnetic resonance imaging for measurement of brain volume (procedure),Dual Eligible,Government,"$1,778,470","$1,778,470",$0,0.0%,188
198189,(no description on file),Medicare,Government,"$9,938","$9,938",$0,0.0%,32
23933004,Excision of lingual frenum (procedure),Cigna Health,Commercial,"$57,190","$57,190",$0,0.0%,116
313613002,Hepatitis A antibody test (procedure),Medicare,Government,"$25,199","$25,199",$0,0.0%,56
61594008,Microbial culture (procedure),Aetna,Commercial,"$20,006","$20,006",$0,0.0%,39
446987006,Determination of susceptibility of Human immunodeficiency virus 1 to panel of antiretroviral drugs using genotypic technique (procedure),Aetna,Commercial,"$21,857","$21,857",$0,0.0%,44
746763,(no description on file),UnitedHealthcare,Commercial,"$29,911","$29,911",$0,0.0%,126
1665021,(no description on file),Medicaid,Government,"$25,154","$25,154",$0,0.0%,106
40617009,Artificial respiration (procedure),Dual Eligible,Government,"$12,848","$12,848",$0,0.0%,28
1483744,(no description on file),Aetna,Commercial,$785,$785,$0,0.0%,3
187,(no description on file),UnitedHealthcare,Commercial,"$3,264","$3,264",$0,0.0%,24
725351001,Transcatheter aortic valve replacement (procedure),Medicaid,Government,"$27,628","$27,628",$0,0.0%,62
349491,(no description on file),Medicare,Government,"$6,018","$6,018",$0,0.0%,24
47227006,Excision of submandibular gland (procedure),Medicare,Government,"$13,331","$13,331",$0,0.0%,27
772071006,Referral to dentist (procedure),UnitedHealthcare,Commercial,"$16,978","$16,978",$0,0.0%,35
312384001,Multidisciplinary assessment (procedure),Blue Cross Blue Shield,Commercial,"$19,105","$19,105",$0,0.0%,38
241834,(no description on file),Anthem,Commercial,"$3,550","$3,550",$0,0.0%,18
232965003,Implantation of ventricular assist device (procedure),Dual Eligible,Government,"$2,881","$2,881",$0,0.0%,7
23183008,Excision of lingual torus (procedure),UnitedHealthcare,Commercial,"$16,577","$16,577",$0,0.0%,33
904467,(no description on file),Aetna,Commercial,"$6,188","$6,188",$0,0.0%,26
404909007,Injection of botulinum toxin (procedure),Dual Eligible,Government,"$11,149","$11,149",$0,0.0%,24
423475008,Heart failure education (procedure),Cigna Health,Commercial,"$51,968","$51,968",$0,0.0%,108
1657981,(no description on file),UnitedHealthcare,Commercial,"$6,490","$6,490",$0,0.0%,18
725351001,Transcatheter aortic valve replacement (procedure),NO_INSURANCE,Self-Pay / Uninsured,"$4,926","$4,926",$0,0.0%,10
1657981,(no description on file),Cigna Health,Commercial,"$6,956","$6,956",$0,0.0%,18
896027,(no description on file),Aetna,Commercial,"$1,463","$1,463",$0,0.0%,7
1664986,(no description on file),Blue Cross Blue Shield,Commercial,"$1,615","$1,615",$0,0.0%,6
363215001,Musculoskeletal system physical examination (procedure),Medicaid,Government,"$4,795","$4,795",$0,0.0%,10
856569,(no description on file),Medicare,Government,"$3,987","$3,987",$0,0.0%,17
1658084,(no description on file),Medicare,Government,"$32,277","$32,277",$0,0.0%,10
385781007,Home health aide service (regime/therapy),Blue Cross Blue Shield,Commercial,"$5,636","$5,636",$0,0.0%,11
725351001,Transcatheter aortic valve replacement (procedure),Aetna,Commercial,"$3,033","$3,033",$0,0.0%,7
313398001,Hepatitis antibody test (procedure),UnitedHealthcare,Commercial,"$4,367","$4,367",$0,0.0%,9
200032,(no description on file),UnitedHealthcare,Commercial,"$1,263","$1,263",$0,0.0%,5
17881005,Cauterization of choroid plexus (procedure),NO_INSURANCE,Self-Pay / Uninsured,"$1,440","$1,440",$0,0.0%,3
858810,(no description on file),Cigna Health,Commercial,"$1,107","$1,107",$0,0.0%,4
43060002,Intravenous injection (procedure),UnitedHealthcare,Commercial,"$1,201","$1,201",$0,0.0%,2
860518,(no description on file),Medicaid,Government,$501,$501,$0,0.0%,2
861646,(no description on file),NO_INSURANCE,Self-Pay / Uninsured,$599,$599,$0,0.0%,2
173521004,Transposition of submandibular duct (procedure),Dual Eligible,Government,$496,$496,$0,0.0%,1
1940648,(no description on file),Dual Eligible,Government,$49,$49,$0,0.0%,1
198334,(no description on file),Aetna,Commercial,$366,$366,$0,0.0%,1
197862,(no description on file),Medicaid,Government,$283,$283,$0,0.0%,1
1155885007,Repair of aortic valve (procedure),NO_INSURANCE,Self-Pay / Uninsured,$514,$514,$0,0.0%,1
30088009,Blood culture (procedure),Medicare,Government,$514,$514,$0,0.0%,1
4525004,Emergency department patient visit (procedure),UnitedHealthcare,Commercial,$119,$119,$0,0.0%,1
1483744,(no description on file),NO_INSURANCE,Self-Pay / Uninsured,$283,$283,$0,0.0%,1
898359,(no description on file),Anthem,Commercial,$276,$276,$0,0.0%,1
306237005,Referral to palliative care service (procedure),Cigna Health,Commercial,$616,$616,$0,0.0%,1
200094,(no description on file),Medicaid,Government,$233,$233,$0,0.0%,1
68071007,Dental fluoride treatment (procedure),Cigna Health,Commercial,"$63,045,458","$63,045,458",$0,0.0%,"130,017"
308136,(no description on file),Medicare,Government,"$2,337,914","$2,337,914",$0,0.0%,"1,138,243"
76601001,Intramuscular injection,Medicaid,Government,"$498,726,843","$498,726,843",$0,0.0%,"216,569"
165829005,Gonorrhea infection titer test (procedure),Medicaid,Government,"$99,627,835","$99,627,835",$0,0.0%,"54,630"
165829005,Gonorrhea infection titer test (procedure),Humana,Commercial,"$47,142,970","$47,142,970",$0,0.0%,"24,148"
312681000,Bone density scan (procedure),Dual Eligible,Government,"$98,625,369","$98,625,369",$0,0.0%,"11,953"
351136,(no description on file),Cigna Health,Commercial,"$995,198","$995,198",$0,0.0%,"3,763"
1256042007,Restoration of tooth with coverage of all cusps using dental filling material (procedure),Aetna,Commercial,"$12,376,157","$12,376,157",$0,0.0%,"25,496"
306316000,Referral to transplant surgeon (procedure),Dual Eligible,Government,"$1,228,100","$1,228,100",$0,0.0%,"2,719"
117015009,Throat culture (procedure),Aetna,Commercial,"$28,401,712","$28,401,712",$0,0.0%,"14,975"
367336001,Chemotherapy (procedure),Blue Cross Blue Shield,Commercial,"$356,287","$356,287",$0,0.0%,706
198440,(no description on file),Medicare,Government,"$2,783","$2,783",$0,0.0%,"76,564"
409023009,Professional / ancillary services care (regime/therapy),Aetna,Commercial,"$12,336,547","$12,336,547",$0,0.0%,"4,627"
1225002,Upper arm X-ray,Anthem,Commercial,"$365,494","$365,494",$0,0.0%,769
169690007,Rubella screening,Medicaid,Government,"$76,863,228","$76,863,228",$0,0.0%,"43,416"
440546007,Discussion about pregnancy (procedure),Humana,Commercial,"$1,534,601","$1,534,601",$0,0.0%,"3,046"
834061,(no description on file),NO_INSURANCE,Self-Pay / Uninsured,"$712,583","$712,583",$0,0.0%,"3,308"
18946005,Epidural anesthesia,UnitedHealthcare,Commercial,"$4,616,643","$4,616,643",$0,0.0%,"2,311"
61746007,Taking patient vital signs (procedure),Medicare,Government,"$1,582,894","$1,582,894",$0,0.0%,"3,221"
313988,(no description on file),Medicare,Government,"$88,553","$88,553",$0,0.0%,"39,350"
104091002,Hemogram  automated  with RBC  WBC  Hgb  Hct  Indices  Platelet count  and manual WBC differential,Medicare,Government,"$40,277,733","$40,277,733",$0,0.0%,"20,942"
1225002,Upper arm X-ray,Medicare,Government,"$2,345,551","$2,345,551",$0,0.0%,"4,940"
165829005,Gonorrhea infection titer test (procedure),Aetna,Commercial,"$32,665,936","$32,665,936",$0,0.0%,"17,224"
169690007,Rubella screening,Cigna Health,Commercial,"$21,960,336","$21,960,336",$0,0.0%,"11,858"
616830,(no description on file),Dual Eligible,Government,"$878,275","$878,275",$0,0.0%,"3,754"
424441002,Prenatal initial visit,Cigna Health,Commercial,"$3,027,736","$3,027,736",$0,0.0%,"25,835"
207,(no description on file),Blue Cross Blue Shield,Commercial,"$5,469,784","$5,469,784",$0,0.0%,"40,213"
40701008,Echocardiography (procedure),NO_INSURANCE,Self-Pay / Uninsured,"$1,751,906","$1,751,906",$0,0.0%,"1,904"
854252,(no description on file),Cigna Health,Commercial,"$114,171","$114,171",$0,0.0%,"6,652"
306706006,Discharge to ward (procedure),Aetna,Commercial,"$586,113","$586,113",$0,0.0%,"1,221"
3,(no description on file),Humana,Commercial,"$1,773,576","$1,773,576",$0,0.0%,"13,041"
351137,(no description on file),Blue Cross Blue Shield,Commercial,"$802,325","$802,325",$0,0.0%,"3,051"
212,(no description on file),Medicaid,Government,"$1,723,528","$1,723,528",$0,0.0%,"12,673"
757594,(no description on file),NO_INSURANCE,Self-Pay / Uninsured,"$4,334,642","$4,334,642",$0,0.0%,"4,771"
351137,(no description on file),NO_INSURANCE,Self-Pay / Uninsured,"$936,729","$936,729",$0,0.0%,"3,837"
312681000,Bone density scan (procedure),Cigna Health,Commercial,"$12,212,246","$12,212,246",$0,0.0%,"1,400"
386053000,Evaluation procedure (procedure),UnitedHealthcare,Commercial,"$1,859,561","$1,859,561",$0,0.0%,"3,699"
274031008,Rectal polypectomy,Humana,Commercial,"$25,391,485","$25,391,485",$0,0.0%,"2,589"
301807007,Removal of subcutaneous contraceptive,Blue Cross Blue Shield,Commercial,"$31,365,414","$31,365,414",$0,0.0%,"3,556"
306185001,Referral to cardiac surgery service (procedure),Medicaid,Government,"$1,584,376","$1,584,376",$0,0.0%,"3,467"
1290407002,Plain X-ray of knee region (procedure),Anthem,Commercial,"$151,993","$151,993",$0,0.0%,289
268533009,Sterilization education (procedure),Anthem,Commercial,"$697,395","$697,395",$0,0.0%,"1,426"
170837001,Allergic disorder initial assessment,UnitedHealthcare,Commercial,"$120,410","$120,410",$0,0.0%,"1,014"
74016001,Knee X-ray,Blue Cross Blue Shield,Commercial,"$269,824","$269,824",$0,0.0%,542
617296,(no description on file),Medicaid,Government,"$314,774","$314,774",$0,0.0%,"1,347"
313660005,Absolute CD4 count procedure (procedure),Anthem,Commercial,"$937,120","$937,120",$0,0.0%,"1,888"
223487003,Discussion about options (procedure),Medicaid,Government,"$336,826","$336,826",$0,0.0%,739
118001005,Streptococcus pneumoniae group B antigen assay,Dual Eligible,Government,"$7,960,240","$7,960,240",$0,0.0%,"4,244"
616830,(no description on file),NO_INSURANCE,Self-Pay / Uninsured,"$876,161","$876,161",$0,0.0%,"3,416"
18946005,Epidural anesthesia,Blue Cross Blue Shield,Commercial,"$4,941,985","$4,941,985",$0,0.0%,"2,513"
1870230,(no description on file),Cigna Health,Commercial,"$257,366","$257,366",$0,0.0%,"1,167"
736169004,Post anesthesia care management (procedure),Anthem,Commercial,"$1,279,116","$1,279,116",$0,0.0%,"2,632"
1225002,Upper arm X-ray,UnitedHealthcare,Commercial,"$306,257","$306,257",$0,0.0%,618
757594,(no description on file),Dual Eligible,Government,"$1,078,619","$1,078,619",$0,0.0%,"1,359"
305408004,Admission to surgical department,Cigna Health,Commercial,"$228,568","$228,568",$0,0.0%,"1,872"
205305,(no description on file),Medicare,Government,"$5,503","$5,503",$0,0.0%,21
412809002,Viral hepatitis screening test (procedure),NO_INSURANCE,Self-Pay / Uninsured,"$17,310","$17,310",$0,0.0%,37
904475,(no description on file),Medicare,Government,"$78,543","$78,543",$0,0.0%,293
713024005,Plain X-ray of wrist region (procedure),NO_INSURANCE,Self-Pay / Uninsured,"$129,882","$129,882",$0,0.0%,248
1648756,(no description on file),Medicare,Government,"$179,046","$179,046",$0,0.0%,691
185389009,Follow-up visit (procedure),NO_INSURANCE,Self-Pay / Uninsured,"$23,729","$23,729",$0,0.0%,340
1860480,(no description on file),Blue Cross Blue Shield,Commercial,"$1,860","$1,860",$0,0.0%,62
180325003,Direct current cardioversion (procedure),Aetna,Commercial,"$1,315,652","$1,315,652",$0,0.0%,57
617296,(no description on file),Dual Eligible,Government,"$17,572","$17,572",$0,0.0%,74
390791001,Referral for echocardiography (procedure),Dual Eligible,Government,"$515,491","$515,491",$0,0.0%,"1,130"
180325003,Direct current cardioversion (procedure),Dual Eligible,Government,"$9,017,470","$9,017,470",$0,0.0%,415
165197003,Diagnostic assessment (procedure),UnitedHealthcare,Commercial,"$167,414","$167,414",$0,0.0%,338
1747691,(no description on file),Dual Eligible,Government,"$16,888","$16,888",$0,0.0%,80
212446,(no description on file),Aetna,Commercial,"$15,471","$15,471",$0,0.0%,58
37729005,Patient transfer  in-hospital (procedure),UnitedHealthcare,Commercial,"$18,952","$18,952",$0,0.0%,39
180178009,Continuous subcutaneous infusion of insulin (procedure),Anthem,Commercial,"$94,875","$94,875",$0,0.0%,197
979092,(no description on file),Medicaid,Government,$132,$132,$0,0.0%,508
1116635,(no description on file),Humana,Commercial,"$67,040","$67,040",$0,0.0%,263
711018006,Assessment of social support (procedure),NO_INSURANCE,Self-Pay / Uninsured,"$17,310","$17,310",$0,0.0%,37
746815,(no description on file),Aetna,Commercial,"$37,826","$37,826",$0,0.0%,161
309845,(no description on file),Medicaid,Government,$8,$8,$0,0.0%,92
410770002,Administration of anesthesia for procedure (procedure),NO_INSURANCE,Self-Pay / Uninsured,"$548,290","$548,290",$0,0.0%,"1,122"
387713003,Surgical procedure (procedure),Medicare,Government,"$5,755","$5,755",$0,0.0%,46
26212005,Replacement of aortic valve (procedure),Dual Eligible,Government,"$64,492","$64,492",$0,0.0%,141
1263416007,Removal of intrauterine contraceptive device (procedure),Dual Eligible,Government,"$63,105","$63,105",$0,0.0%,125
105585,(no description on file),Cigna Health,Commercial,"$2,723","$2,723",$0,0.0%,63
979480,(no description on file),Cigna Health,Commercial,"$10,528","$10,528",$0,0.0%,39
15220000,Laboratory test (procedure),Blue Cross Blue Shield,Commercial,"$181,140","$181,140",$0,0.0%,359
313613002,Hepatitis A antibody test (procedure),Medicaid,Government,"$44,835","$44,835",$0,0.0%,100
104173009,Sputum Culture,NO_INSURANCE,Self-Pay / Uninsured,"$15,745","$15,745",$0,0.0%,35
746815,(no description on file),Humana,Commercial,"$16,498","$16,498",$0,0.0%,62
18286008,Catheter ablation of tissue of heart (procedure),Humana,Commercial,"$111,971","$111,971",$0,0.0%,15
243174005,Weaning from mechanically assisted ventilation (procedure),Aetna,Commercial,"$35,903","$35,903",$0,0.0%,72
2119714,(no description on file),NO_INSURANCE,Self-Pay / Uninsured,"$31,150","$31,150",$0,0.0%,31
105585,(no description on file),Medicare,Government,"$5,083","$5,083",$0,0.0%,124
751623,(no description on file),Medicare,Government,"$5,626","$5,626",$0,0.0%,19
432231006,Fine needle aspiration biopsy of lung (procedure),Dual Eligible,Government,"$743,135","$743,135",$0,0.0%,54
171122006,Hepatitis B screening (procedure),Anthem,Commercial,"$18,676","$18,676",$0,0.0%,37
199224,(no description on file),Dual Eligible,Government,"$15,045","$15,045",$0,0.0%,43
854916,(no description on file),Medicare,Government,"$4,055","$4,055",$0,0.0%,17
308460,(no description on file),Aetna,Commercial,$31,$31,$0,0.0%,60
473220001,Hematologic disorder medication review (procedure),NO_INSURANCE,Self-Pay / Uninsured,"$91,147","$91,147",$0,0.0%,21
313398001,Hepatitis antibody test (procedure),Cigna Health,Commercial,"$6,771","$6,771",$0,0.0%,13
171128005,Venereal disease screening (procedure),Dual Eligible,Government,"$17,229","$17,229",$0,0.0%,39
313077009,Human immunodeficiency virus counseling (procedure),Humana,Commercial,"$22,691","$22,691",$0,0.0%,44
866516,(no description on file),Anthem,Commercial,"$1,203","$1,203",$0,0.0%,5
854916,(no description on file),Anthem,Commercial,"$1,704","$1,704",$0,0.0%,7
3457005,Patient referral (procedure),Aetna,Commercial,"$26,114","$26,114",$0,0.0%,53
316744009,Office Visit,Humana,Commercial,"$1,385","$1,385",$0,0.0%,19
241834,(no description on file),UnitedHealthcare,Commercial,"$1,868","$1,868",$0,0.0%,13
396487001,Sentinel lymph node biopsy (procedure),Anthem,Commercial,"$448,035","$448,035",$0,0.0%,39
483438,(no description on file),Anthem,Commercial,$81,$81,$0,0.0%,3
199224,(no description on file),Aetna,Commercial,"$5,108","$5,108",$0,0.0%,12
312615,(no description on file),Aetna,Commercial,$132,$132,$0,0.0%,12
200031,(no description on file),NO_INSURANCE,Self-Pay / Uninsured,"$6,994","$6,994",$0,0.0%,24
305425002,Admission to neurosurgical department,Anthem,Commercial,"$3,241","$3,241",$0,0.0%,7
308251003,Admission to clinical oncology department (procedure),Humana,Commercial,"$2,893","$2,893",$0,0.0%,23
252559,(no description on file),UnitedHealthcare,Commercial,"$1,304","$1,304",$0,0.0%,5
200031,(no description on file),Anthem,Commercial,"$2,895","$2,895",$0,0.0%,11
349201,(no description on file),Aetna,Commercial,"$1,841","$1,841",$0,0.0%,7
183418007,Social case work (regime/therapy),NO_INSURANCE,Self-Pay / Uninsured,"$3,853","$3,853",$0,0.0%,7
866511,(no description on file),NO_INSURANCE,Self-Pay / Uninsured,"$4,227","$4,227",$0,0.0%,17
898350,(no description on file),Humana,Commercial,$492,$492,$0,0.0%,2
47020004,Ventriculoperitoneal shunt (procedure),Humana,Commercial,"$1,853","$1,853",$0,0.0%,4
617320,(no description on file),Blue Cross Blue Shield,Commercial,$867,$867,$0,0.0%,3
386510005,Amputation care (regime/therapy),UnitedHealthcare,Commercial,$904,$904,$0,0.0%,2
904481,(no description on file),NO_INSURANCE,Self-Pay / Uninsured,"$1,508","$1,508",$0,0.0%,6
305425002,Admission to neurosurgical department,UnitedHealthcare,Commercial,"$2,890","$2,890",$0,0.0%,6
1373463,(no description on file),Medicaid,Government,"$15,387","$15,387",$0,0.0%,5
281790008,Intravenous antibiotic therapy,Medicare,Government,"$3,290","$3,290",$0,0.0%,6
801095,(no description on file),Medicare,Government,$492,$492,$0,0.0%,2
854919,(no description on file),Anthem,Commercial,$894,$894,$0,0.0%,3
1245441,(no description on file),Dual Eligible,Government,$522,$522,$0,0.0%,2
1155885007,Repair of aortic valve (procedure),UnitedHealthcare,Commercial,$601,$601,$0,0.0%,1
183801001,Inpatient stay 3 days,Cigna Health,Commercial,$120,$120,$0,0.0%,1
47227006,Excision of submandibular gland (procedure),NO_INSURANCE,Self-Pay / Uninsured,$496,$496,$0,0.0%,1
1737449,(no description on file),Humana,Commercial,$3,$3,$0,0.0%,1
4525004,Emergency department patient visit (procedure),Anthem,Commercial,$146,$146,$0,0.0%,1
241149003,Videofluoroscopy swallow (procedure),Blue Cross Blue Shield,Commercial,$992,$992,$0,0.0%,2
898353,(no description on file),Cigna Health,Commercial,$492,$492,$0,0.0%,2
349353,(no description on file),Humana,Commercial,$283,$283,$0,0.0%,1
387713003,Surgical procedure (procedure),Blue Cross Blue Shield,Commercial,$167,$167,$0,0.0%,1
65710008,Oxygen Therapy,NO_INSURANCE,Self-Pay / Uninsured,$408,$408,$0,0.0%,1
1260010008,Removal of subgingival plaque and calculus from all teeth using dental instrument (procedure),UnitedHealthcare,Commercial,"$80,472,032","$80,472,032",$0,0.0%,"160,171"
68071007,Dental fluoride treatment (procedure),Medicaid,Government,"$177,567,315","$177,567,315",$0,0.0%,"385,425"
252160004,Standard pregnancy test,Medicaid,Government,"$411,092,484","$411,092,484",$0,0.0%,"86,202"
834061,(no description on file),Cigna Health,Commercial,"$775,394","$775,394",$0,0.0%,"3,499"
44608003,Blood group typing (procedure),Blue Cross Blue Shield,Commercial,"$27,163,087","$27,163,087",$0,0.0%,"13,715"
310798,(no description on file),Cigna Health,Commercial,"$208,981","$208,981",$0,0.0%,"187,034"
50849002,Emergency room admission (procedure),Blue Cross Blue Shield,Commercial,"$4,267,712","$4,267,712",$0,0.0%,"32,900"
208,(no description on file),NO_INSURANCE,Self-Pay / Uninsured,"$8,402,488","$8,402,488",$0,0.0%,"61,771"
395123002,Urine screening test for diabetes,Anthem,Commercial,"$31,846,588","$31,846,588",$0,0.0%,"16,835"
394701000,Asthma follow-up,Anthem,Commercial,"$1,372,083","$1,372,083",$0,0.0%,"11,745"
399014008,Administration of diphtheria  pertussis  and tetanus vaccine,Humana,Commercial,"$58,800,776","$58,800,776",$0,0.0%,"23,192"
1659263,(no description on file),Medicaid,Government,"$6,431","$6,431",$0,0.0%,"4,382"
104375008,Hepatitis C antibody  confirmatory test,Humana,Commercial,"$47,819,797","$47,819,797",$0,0.0%,"24,148"
979485,(no description on file),Dual Eligible,Government,"$38,181","$38,181",$0,0.0%,"8,444"
198335,(no description on file),Aetna,Commercial,"$264,217","$264,217",$0,0.0%,"1,011"
309362,(no description on file),Humana,Commercial,"$2,371,728","$2,371,728",$0,0.0%,"3,095"
261352009,Face mask (physical object),Blue Cross Blue Shield,Commercial,"$17,022","$17,022",$0,0.0%,"7,511"
1367439,(no description on file),NO_INSURANCE,Self-Pay / Uninsured,"$1,937,792","$1,937,792",$0,0.0%,"2,060"
454711000124102,Depression screening using Patient Health Questionnaire Two-Item score (procedure),Anthem,Commercial,"$9,028","$9,028",$0,0.0%,"233,336"
745752,(no description on file),Humana,Commercial,"$2,436,278","$2,436,278",$0,0.0%,"9,576"
1269321004,Fitting of denture (procedure),Medicare,Government,"$17,428,986","$17,428,986",$0,0.0%,"35,675"
252482003,Stair-climbing test (procedure),Medicare,Government,"$3,659,275","$3,659,275",$0,0.0%,"7,462"
866412,(no description on file),Dual Eligible,Government,"$1,213,474","$1,213,474",$0,0.0%,"5,339"
351266,(no description on file),Aetna,Commercial,"$1,372,833","$1,372,833",$0,0.0%,"5,309"
351109,(no description on file),Blue Cross Blue Shield,Commercial,"$2,421,561","$2,421,561",$0,0.0%,"9,329"
424619006,Prenatal visit,Dual Eligible,Government,"$4,274,328","$4,274,328",$0,0.0%,"35,843"
10383002,Counseling for termination of pregnancy,Humana,Commercial,"$3,701,269","$3,701,269",$0,0.0%,"7,273"
65575008,Biopsy of prostate,Dual Eligible,Government,"$1,577,807","$1,577,807",$0,0.0%,656
1856546,(no description on file),NO_INSURANCE,Self-Pay / Uninsured,"$36,828","$36,828",$0,0.0%,"1,657"
287664005,Bilateral tubal ligation,Blue Cross Blue Shield,Commercial,"$7,629,604","$7,629,604",$0,0.0%,"1,035"
33195004,External beam radiation therapy procedure (procedure),Dual Eligible,Government,"$5,990,792","$5,990,792",$0,0.0%,"6,585"
2123111,(no description on file),UnitedHealthcare,Commercial,"$7,926,813","$7,926,813",$0,0.0%,"5,384"
305408004,Admission to surgical department,Humana,Commercial,"$324,278","$324,278",$0,0.0%,"2,455"
1000126,(no description on file),Blue Cross Blue Shield,Commercial,"$252,695","$252,695",$0,0.0%,"4,311"
392091000,Care regimes assessment (procedure),Medicare,Government,"$2,697,677","$2,697,677",$0,0.0%,"4,648"
1860480,(no description on file),Dual Eligible,Government,"$14,920","$14,920",$0,0.0%,550
122548005,Biopsy of breast (procedure),Medicaid,Government,"$2,515,188","$2,515,188",$0,0.0%,741
428830000,Pretransplant evaluation of kidney recipient (procedure),Dual Eligible,Government,"$893,671","$893,671",$0,0.0%,"1,971"
284053004,Tooth socket procedure (procedure),Dual Eligible,Government,"$984,477","$984,477",$0,0.0%,"2,170"
229064008,Movement therapy (regime/therapy),Dual Eligible,Government,"$595,665","$595,665",$0,0.0%,"1,239"
1729584,(no description on file),Dual Eligible,Government,"$95,139","$95,139",$0,0.0%,978
43075005,Partial resection of colon,Medicaid,Government,"$18,162,559","$18,162,559",$0,0.0%,860
746763,(no description on file),Anthem,Commercial,"$79,876","$79,876",$0,0.0%,330
268533009,Sterilization education (procedure),NO_INSURANCE,Self-Pay / Uninsured,"$543,636","$543,636",$0,0.0%,"1,113"
710839006,Assessment of cardiac status using monitoring device (procedure),Medicare,Government,"$2,695,796","$2,695,796",$0,0.0%,"5,505"
448337001,Telemedicine consultation with patient,Dual Eligible,Government,"$7,435,928","$7,435,928",$0,0.0%,"61,750"
117010004,Urine culture,Cigna Health,Commercial,"$33,020,454","$33,020,454",$0,0.0%,"17,216"
313820,(no description on file),Medicare,Government,"$302,148","$302,148",$0,0.0%,"2,231"
385798007,Radiation therapy care (regime/therapy),Anthem,Commercial,"$507,622","$507,622",$0,0.0%,"1,057"
1534809,(no description on file),UnitedHealthcare,Commercial,"$919,935","$919,935",$0,0.0%,"1,023"
302761001,Walking exercise test (procedure),UnitedHealthcare,Commercial,"$342,929","$342,929",$0,0.0%,685
314077,(no description on file),Humana,Commercial,"$77,448","$77,448",$0,0.0%,310
1732186,(no description on file),Medicaid,Government,$891,$891,$0,0.0%,511
1263416007,Removal of intrauterine contraceptive device (procedure),UnitedHealthcare,Commercial,"$505,589","$505,589",$0,0.0%,983
197454,(no description on file),Anthem,Commercial,"$312,105","$312,105",$0,0.0%,"1,184"
866436,(no description on file),Anthem,Commercial,"$11,475","$11,475",$0,0.0%,45
453131000124105,Videotelephony encounter (procedure),Medicare,Government,"$238,250","$238,250",$0,0.0%,"1,906"
1433873,(no description on file),NO_INSURANCE,Self-Pay / Uninsured,"$99,624","$99,624",$0,0.0%,362
171231001,Asthma screening,Humana,Commercial,"$235,398","$235,398",$0,0.0%,470
91602002,Thoracentesis (procedure),Dual Eligible,Government,"$609,936","$609,936",$0,0.0%,39
896023,(no description on file),Anthem,Commercial,"$41,212","$41,212",$0,0.0%,169
197591,(no description on file),NO_INSURANCE,Self-Pay / Uninsured,$985,$985,$0,0.0%,112
859751,(no description on file),Medicare,Government,"$36,950","$36,950",$0,0.0%,135
1737466,(no description on file),Medicare,Government,"$74,364","$74,364",$0,0.0%,286
430701006,Resuscitation using intravenous fluid (procedure),Aetna,Commercial,"$463,972","$463,972",$0,0.0%,511
197381,(no description on file),Aetna,Commercial,"$7,026","$7,026",$0,0.0%,26
414088005,Emergency coronary artery bypass graft (procedure),Dual Eligible,Government,"$41,298","$41,298",$0,0.0%,90
608139,(no description on file),Cigna Health,Commercial,"$15,486","$15,486",$0,0.0%,133
197884,(no description on file),Dual Eligible,Government,"$28,839","$28,839",$0,0.0%,127
392021009,Lumpectomy of breast (procedure),Cigna Health,Commercial,"$4,617,568","$4,617,568",$0,0.0%,150
65588006,Premature birth of newborn,Medicare,Government,"$201,608","$201,608",$0,0.0%,414
13569004,Transfusion of plasma (procedure),Medicaid,Government,"$78,806","$78,806",$0,0.0%,41
204892,(no description on file),Humana,Commercial,"$2,316","$2,316",$0,0.0%,147
2284960,(no description on file),Aetna,Commercial,$930,$930,$0,0.0%,120
904467,(no description on file),Medicaid,Government,"$8,843","$8,843",$0,0.0%,40
268425006,Pelvis X-ray,Blue Cross Blue Shield,Commercial,"$66,594","$66,594",$0,0.0%,135
225953001,Evaluating response to treatment (procedure),Humana,Commercial,"$52,019","$52,019",$0,0.0%,103
1571000087109,Ultrasonography of bilateral breasts (procedure),Anthem,Commercial,"$80,944","$80,944",$0,0.0%,206
314077,(no description on file),Blue Cross Blue Shield,Commercial,"$38,928","$38,928",$0,0.0%,151
617312,(no description on file),Dual Eligible,Government,"$32,262","$32,262",$0,0.0%,141
311372,(no description on file),Humana,Commercial,"$29,162","$29,162",$0,0.0%,112
896006,(no description on file),Humana,Commercial,"$26,188","$26,188",$0,0.0%,110
312384001,Multidisciplinary assessment (procedure),Aetna,Commercial,"$37,698","$37,698",$0,0.0%,79
1433873,(no description on file),Blue Cross Blue Shield,Commercial,"$39,592","$39,592",$0,0.0%,154
423475008,Heart failure education (procedure),UnitedHealthcare,Commercial,"$27,896","$27,896",$0,0.0%,56
698354004,Magnetic resonance imaging for measurement of brain volume (procedure),UnitedHealthcare,Commercial,"$552,105","$552,105",$0,0.0%,52
252559,(no description on file),NO_INSURANCE,Self-Pay / Uninsured,"$17,731","$17,731",$0,0.0%,72
1737466,(no description on file),Aetna,Commercial,"$6,927","$6,927",$0,0.0%,28
308251003,Admission to clinical oncology department (procedure),Aetna,Commercial,"$3,140","$3,140",$0,0.0%,27
2047241,(no description on file),Aetna,Commercial,"$16,697","$16,697",$0,0.0%,186
1116758,(no description on file),Humana,Commercial,"$15,692","$15,692",$0,0.0%,85
105376000,Transesophageal echocardiography (procedure),Cigna Health,Commercial,"$27,602","$27,602",$0,0.0%,57
310385,(no description on file),Medicaid,Government,$143,$143,$0,0.0%,93
1547672,(no description on file),Dual Eligible,Government,"$3,995","$3,995",$0,0.0%,19
861650,(no description on file),Medicare,Government,"$2,310","$2,310",$0,0.0%,8
727762,(no description on file),UnitedHealthcare,Commercial,"$2,651","$2,651",$0,0.0%,12
859749,(no description on file),Anthem,Commercial,"$1,631","$1,631",$0,0.0%,6
38102005,Open Removal of Gall Bladder,NO_INSURANCE,Self-Pay / Uninsured,"$322,924","$322,924",$0,0.0%,16
772071006,Referral to dentist (procedure),Humana,Commercial,"$31,422","$31,422",$0,0.0%,62
483438,(no description on file),Aetna,Commercial,$106,$106,$0,0.0%,6
636045,(no description on file),Medicare,Government,"$4,723","$4,723",$0,0.0%,18
384692006,Intracavitary brachytherapy (procedure),Dual Eligible,Government,"$181,935","$181,935",$0,0.0%,11
200345,(no description on file),Medicare,Government,"$13,660","$13,660",$0,0.0%,54
412809002,Viral hepatitis screening test (procedure),Anthem,Commercial,"$18,676","$18,676",$0,0.0%,37
1791701,(no description on file),Medicaid,Government,$24,$24,$0,0.0%,57
439708006,Home visit (procedure),UnitedHealthcare,Commercial,"$6,148","$6,148",$0,0.0%,54
43060002,Intravenous injection (procedure),Cigna Health,Commercial,"$5,018","$5,018",$0,0.0%,11
313572,(no description on file),Medicare,Government,$667,$667,$0,0.0%,24
609588000,Total knee replacement,NO_INSURANCE,Self-Pay / Uninsured,"$118,503","$118,503",$0,0.0%,6
866419,(no description on file),Medicaid,Government,"$1,808","$1,808",$0,0.0%,8
47227006,Excision of submandibular gland (procedure),Dual Eligible,Government,"$3,830","$3,830",$0,0.0%,8
859749,(no description on file),Medicare,Government,"$4,934","$4,934",$0,0.0%,21
305425002,Admission to neurosurgical department,Cigna Health,Commercial,"$5,838","$5,838",$0,0.0%,12
854905,(no description on file),Aetna,Commercial,"$1,389","$1,389",$0,0.0%,6
898362,(no description on file),Dual Eligible,Government,"$1,033","$1,033",$0,0.0%,4
386395000,Preoperative coordination (regime/therapy),Cigna Health,Commercial,$435,$435,$0,0.0%,4
387713003,Surgical procedure (procedure),Aetna,Commercial,$355,$355,$0,0.0%,3
898690,(no description on file),Blue Cross Blue Shield,Commercial,$767,$767,$0,0.0%,3
113120007,Interstitial brachytherapy (procedure),Blue Cross Blue Shield,Commercial,"$99,751","$99,751",$0,0.0%,5
14152002,Intravenous infusion (procedure),Dual Eligible,Government,$816,$816,$0,0.0%,2
861650,(no description on file),UnitedHealthcare,Commercial,$308,$308,$0,0.0%,1
198182,(no description on file),Medicaid,Government,$283,$283,$0,0.0%,1
845488,(no description on file),Cigna Health,Commercial,$250,$250,$0,0.0%,1
896019,(no description on file),Aetna,Commercial,$308,$308,$0,0.0%,1
282755,(no description on file),Aetna,Commercial,$209,$209,$0,0.0%,1
861654,(no description on file),Aetna,Commercial,$209,$209,$0,0.0%,1
476349,(no description on file),Medicaid,Government,$209,$209,$0,0.0%,1
858817,(no description on file),UnitedHealthcare,Commercial,$412,$412,$0,0.0%,2
198189,(no description on file),Medicaid,Government,$233,$233,$0,0.0%,1
200285,(no description on file),NO_INSURANCE,Self-Pay / Uninsured,$281,$281,$0,0.0%,1
312421008,Radionuclide Imaging,Medicaid,Government,$408,$408,$0,0.0%,1
104375008,Hepatitis C antibody  confirmatory test,Cigna Health,Commercial,"$32,690,921","$32,690,921",$0,0.0%,"17,216"
1000126,(no description on file),Cigna Health,Commercial,"$351,809","$351,809",$0,0.0%,"5,976"
395123002,Urine screening test for diabetes,Medicaid,Government,"$99,364,606","$99,364,606",$0,0.0%,"54,630"
209387,(no description on file),Dual Eligible,Government,"$14,206,063","$14,206,063",$0,0.0%,"62,769"
308136,(no description on file),Anthem,Commercial,"$328,829","$328,829",$0,0.0%,"156,499"
443529005,Detection of chromosomal aneuploidy in prenatal amniotic fluid specimen using fluorescence in situ hybridization screening technique (procedure),Cigna Health,Commercial,"$28,381,847","$28,381,847",$0,0.0%,"15,161"
28163009,Skin test for tuberculosis  Tine test (procedure),UnitedHealthcare,Commercial,"$23,348,705","$23,348,705",$0,0.0%,"11,848"
313782,(no description on file),Humana,Commercial,"$6,007,899","$6,007,899",$0,0.0%,"31,473"
709138001,Notification of treatment plan (procedure),Medicaid,Government,"$1,551,127","$1,551,127",$0,0.0%,"3,414"
274804006,Evaluation of uterine fundal height,Dual Eligible,Government,"$178,308,906","$178,308,906",$0,0.0%,"37,337"
226719,(no description on file),NO_INSURANCE,Self-Pay / Uninsured,"$936,518","$936,518",$0,0.0%,"3,705"
439740005,Postoperative follow-up visit (procedure),Medicaid,Government,"$2,119,822","$2,119,822",$0,0.0%,"17,607"
73761001,Colonoscopy,Dual Eligible,Government,"$298,355,620","$298,355,620",$0,0.0%,"28,908"
104375008,Hepatitis C antibody  confirmatory test,Anthem,Commercial,"$31,983,514","$31,983,514",$0,0.0%,"16,835"
44608003,Blood group typing (procedure),Cigna Health,Commercial,"$35,124,556","$35,124,556",$0,0.0%,"18,510"
127783003,Spirometry (procedure),Anthem,Commercial,"$9,809,399","$9,809,399",$0,0.0%,"1,370"
32485007,Hospital admission (procedure),Dual Eligible,Government,"$806,404","$806,404",$0,0.0%,"6,600"
710839006,Assessment of cardiac status using monitoring device (procedure),Blue Cross Blue Shield,Commercial,"$165,751","$165,751",$0,0.0%,328
180256009,Subcutaneous immunotherapy,Blue Cross Blue Shield,Commercial,"$545,996,008","$545,996,008",$0,0.0%,"47,532"
698314001,Consultation for treatment,Dual Eligible,Government,"$2,076,326","$2,076,326",$0,0.0%,"20,011"
831533,(no description on file),Blue Cross Blue Shield,Commercial,"$2,693,620","$2,693,620",$0,0.0%,"3,058"
305342007,Admission to ward (procedure),NO_INSURANCE,Self-Pay / Uninsured,"$153,702","$153,702",$0,0.0%,"1,202"
978950,(no description on file),Medicaid,Government,"$10,883,930","$10,883,930",$0,0.0%,"13,530"
31676001,Human immunodeficiency virus antigen test,NO_INSURANCE,Self-Pay / Uninsured,"$27,161,492","$27,161,492",$0,0.0%,"14,275"
835603,(no description on file),Dual Eligible,Government,"$6,733,530","$6,733,530",$0,0.0%,"29,828"
62,(no description on file),Cigna Health,Commercial,"$2,254,472","$2,254,472",$0,0.0%,"16,577"
351266,(no description on file),Blue Cross Blue Shield,Commercial,"$721,001","$721,001",$0,0.0%,"2,792"
46706006,Replacement of contraceptive intrauterine device,Dual Eligible,Government,"$13,151,504","$13,151,504",$0,0.0%,"1,628"
390791001,Referral for echocardiography (procedure),Medicare,Government,"$1,757,806","$1,757,806",$0,0.0%,"3,587"
28163009,Skin test for tuberculosis  Tine test (procedure),Aetna,Commercial,"$32,349,336","$32,349,336",$0,0.0%,"17,224"
1269321004,Fitting of denture (procedure),Dual Eligible,Government,"$5,661,212","$5,661,212",$0,0.0%,"12,511"
410006001,Digital examination of rectum,Medicaid,Government,"$1,215,829","$1,215,829",$0,0.0%,"2,637"
367494004,Premature birth of newborn (finding),Medicaid,Government,"$482,768","$482,768",$0,0.0%,934
91251008,Physical therapy procedure (regime/therapy),Humana,Commercial,"$6,285,534","$6,285,534",$0,0.0%,"4,590"
58000006,Patient discharge (procedure),Aetna,Commercial,"$922,223","$922,223",$0,0.0%,"1,904"
65200003,Insertion of intrauterine contraceptive device,Dual Eligible,Government,"$16,193,669","$16,193,669",$0,0.0%,"1,953"
226719,(no description on file),Blue Cross Blue Shield,Commercial,"$255,455","$255,455",$0,0.0%,"1,014"
85548006,Episiotomy,Medicare,Government,"$13,061,940","$13,061,940",$0,0.0%,"2,503"
310325,(no description on file),NO_INSURANCE,Self-Pay / Uninsured,$152,$152,$0,0.0%,509
197591,(no description on file),Medicaid,Government,"$4,562","$4,562",$0,0.0%,585
236974004,Instrumental delivery,Cigna Health,Commercial,"$5,309,030","$5,309,030",$0,0.0%,862
18946005,Epidural anesthesia,Dual Eligible,Government,"$1,631,648","$1,631,648",$0,0.0%,930
897122,(no description on file),Medicare,Government,"$19,637,224","$19,637,224",$0,0.0%,"1,172"
46706006,Replacement of contraceptive intrauterine device,Anthem,Commercial,"$27,533,125","$27,533,125",$0,0.0%,"3,141"
234745004,Take oral or dental impression (procedure),Blue Cross Blue Shield,Commercial,"$1,953,337","$1,953,337",$0,0.0%,"3,877"
359672006,Median sternotomy (procedure),NO_INSURANCE,Self-Pay / Uninsured,"$484,701","$484,701",$0,0.0%,992
1803932,(no description on file),Dual Eligible,Government,"$28,556","$28,556",$0,0.0%,"2,870"
433236007,Transthoracic echocardiography (procedure),Aetna,Commercial,"$877,257","$877,257",$0,0.0%,"1,827"
54550000,Electroencephalogram (procedure),Dual Eligible,Government,"$5,215,120","$5,215,120",$0,0.0%,577
433236007,Transthoracic echocardiography (procedure),Humana,Commercial,"$1,046,222","$1,046,222",$0,0.0%,"2,074"
165197003,Diagnostic assessment (procedure),Dual Eligible,Government,"$852,946","$852,946",$0,0.0%,"1,886"
305428000,Admission to orthopedic department,Blue Cross Blue Shield,Commercial,"$566,368","$566,368",$0,0.0%,"1,126"
169673001,Antenatal RhD antibody screening,Blue Cross Blue Shield,Commercial,"$3,744,260","$3,744,260",$0,0.0%,"1,862"
197591,(no description on file),UnitedHealthcare,Commercial,$978,$978,$0,0.0%,105
310417005,Certification procedure (procedure),NO_INSURANCE,Self-Pay / Uninsured,"$341,529","$341,529",$0,0.0%,708
80146002,Appendectomy,Blue Cross Blue Shield,Commercial,"$4,879,664","$4,879,664",$0,0.0%,398
418824004,Off-pump coronary artery bypass (procedure),NO_INSURANCE,Self-Pay / Uninsured,"$185,975","$185,975",$0,0.0%,380
1306292,(no description on file),Medicaid,Government,"$192,975","$192,975",$0,0.0%,839
367336001,Chemotherapy (procedure),UnitedHealthcare,Commercial,"$241,109","$241,109",$0,0.0%,487
1601380,(no description on file),Medicare,Government,"$149,647","$149,647",$0,0.0%,241
310417005,Certification procedure (procedure),UnitedHealthcare,Commercial,"$140,084","$140,084",$0,0.0%,274
40617009,Artificial respiration (procedure),Aetna,Commercial,"$35,903","$35,903",$0,0.0%,72
233553003,Vascular cannula removal (procedure),Blue Cross Blue Shield,Commercial,"$246,895","$246,895",$0,0.0%,489
310385,(no description on file),Aetna,Commercial,$64,$64,$0,0.0%,36
966524,(no description on file),Medicare,Government,"$138,451","$138,451",$0,0.0%,564
76164006,Biopsy of colon,Blue Cross Blue Shield,Commercial,"$1,258,631","$1,258,631",$0,0.0%,117
1536144,(no description on file),Medicaid,Government,"$48,670","$48,670",$0,0.0%,240
410410006,Screening surveillance (regime/therapy),Cigna Health,Commercial,"$22,787","$22,787",$0,0.0%,196
733863009,Assessment of readiness for self-management (procedure),Cigna Health,Commercial,"$23,903","$23,903",$0,0.0%,49
443497002,Excision of sentinel lymph node (procedure),Anthem,Commercial,"$431,029","$431,029",$0,0.0%,39
183495009,Non-urgent orthopedic admission,UnitedHealthcare,Commercial,"$83,843","$83,843",$0,0.0%,644
183450002,Admission to burn unit,Medicaid,Government,"$103,929","$103,929",$0,0.0%,223
367494004,Premature birth of newborn (finding),NO_INSURANCE,Self-Pay / Uninsured,"$152,300","$152,300",$0,0.0%,294
1116635,(no description on file),Blue Cross Blue Shield,Commercial,"$34,971","$34,971",$0,0.0%,137
268425006,Pelvis X-ray,Cigna Health,Commercial,"$83,537","$83,537",$0,0.0%,177
122548005,Biopsy of breast (procedure),NO_INSURANCE,Self-Pay / Uninsured,"$853,811","$853,811",$0,0.0%,240
1734919,(no description on file),NO_INSURANCE,Self-Pay / Uninsured,"$81,588","$81,588",$0,0.0%,160
183495009,Non-urgent orthopedic admission,Aetna,Commercial,"$114,761","$114,761",$0,0.0%,949
979092,(no description on file),Cigna Health,Commercial,$58,$58,$0,0.0%,242
1361226,(no description on file),Humana,Commercial,"$18,176","$18,176",$0,0.0%,69
997501,(no description on file),Cigna Health,Commercial,"$41,132","$41,132",$0,0.0%,67
177157003,Spontaneous breech delivery,UnitedHealthcare,Commercial,"$179,215","$179,215",$0,0.0%,24
112001000119100,positive screening for depression on phq9,Anthem,Commercial,"$32,447","$32,447",$0,0.0%,68
409066002,Education  guidance and counseling (procedure),Blue Cross Blue Shield,Commercial,"$15,389","$15,389",$0,0.0%,31
772071006,Referral to dentist (procedure),NO_INSURANCE,Self-Pay / Uninsured,"$25,804","$25,804",$0,0.0%,53
617312,(no description on file),Cigna Health,Commercial,"$15,984","$15,984",$0,0.0%,64
232965003,Implantation of ventricular assist device (procedure),Medicaid,Government,"$6,712","$6,712",$0,0.0%,15
433112001,Percutaneous mechanical thrombectomy of portal vein using fluoroscopic guidance with contrast (procedure),Cigna Health,Commercial,"$2,254,929","$2,254,929",$0,0.0%,121
308971,(no description on file),Cigna Health,Commercial,"$140,605","$140,605",$0,0.0%,122
617320,(no description on file),Medicaid,Government,"$2,591","$2,591",$0,0.0%,11
33633005,Prescription of drug (procedure),Anthem,Commercial,"$48,081","$48,081",$0,0.0%,98
71651007,Mammography (procedure),Anthem,Commercial,"$16,160","$16,160",$0,0.0%,138
197904,(no description on file),Humana,Commercial,"$3,761","$3,761",$0,0.0%,14
763138,(no description on file),Medicaid,Government,"$4,607","$4,607",$0,0.0%,19
999999,(no description on file),Blue Cross Blue Shield,Commercial,"$16,775","$16,775",$0,0.0%,66
165355002,Patient informed - test result (situation),Aetna,Commercial,"$86,781","$86,781",$0,0.0%,182
311372,(no description on file),Cigna Health,Commercial,"$17,614","$17,614",$0,0.0%,65
305340004,Admission to long stay hospital,NO_INSURANCE,Self-Pay / Uninsured,"$36,530","$36,530",$0,0.0%,75
171121004,Human immunodeficiency virus screening (procedure),Medicare,Government,"$32,732","$32,732",$0,0.0%,67
112011000119102,negative screening for depression on phq9,UnitedHealthcare,Commercial,"$6,692","$6,692",$0,0.0%,13
733863009,Assessment of readiness for self-management (procedure),Humana,Commercial,"$22,748","$22,748",$0,0.0%,44
432231006,Fine needle aspiration biopsy of lung (procedure),Anthem,Commercial,"$214,220","$214,220",$0,0.0%,16
23183008,Excision of lingual torus (procedure),Aetna,Commercial,"$28,308","$28,308",$0,0.0%,60
858810,(no description on file),Medicaid,Government,"$2,227","$2,227",$0,0.0%,9
384692006,Intracavitary brachytherapy (procedure),NO_INSURANCE,Self-Pay / Uninsured,"$134,030","$134,030",$0,0.0%,8
896762,(no description on file),Aetna,Commercial,"$2,064","$2,064",$0,0.0%,7
200619008,Comprehensive interview and evaluation (procedure),Humana,Commercial,"$7,924","$7,924",$0,0.0%,16
745791,(no description on file),Humana,Commercial,"$1,565","$1,565",$0,0.0%,9
197381,(no description on file),Anthem,Commercial,"$5,844","$5,844",$0,0.0%,22
200096,(no description on file),Medicaid,Government,"$6,191","$6,191",$0,0.0%,27
854255,(no description on file),UnitedHealthcare,Commercial,"$5,885","$5,885",$0,0.0%,23
9002005,Manual testing of muscle function (procedure),Medicaid,Government,"$4,299","$4,299",$0,0.0%,9
197558,(no description on file),Cigna Health,Commercial,$501,$501,$0,0.0%,2
177157003,Spontaneous breech delivery,Dual Eligible,Government,"$87,214","$87,214",$0,0.0%,14
979468,(no description on file),Blue Cross Blue Shield,Commercial,$949,$949,$0,0.0%,4
386510005,Amputation care (regime/therapy),NO_INSURANCE,Self-Pay / Uninsured,"$3,277","$3,277",$0,0.0%,7
116863004,Transfusion of red blood cells (procedure),Cigna Health,Commercial,"$6,074","$6,074",$0,0.0%,13
856457,(no description on file),Anthem,Commercial,"$3,883","$3,883",$0,0.0%,14
384692006,Intracavitary brachytherapy (procedure),UnitedHealthcare,Commercial,"$82,629","$82,629",$0,0.0%,4
898362,(no description on file),Medicare,Government,"$1,891","$1,891",$0,0.0%,7
16602611000119108,Awaiting transplantation of lung (situation),Dual Eligible,Government,$232,$232,$0,0.0%,2
212390,(no description on file),Humana,Commercial,$492,$492,$0,0.0%,2
67799006,Diagnosis of cystic fibrosis using sweat test and gene test,Anthem,Commercial,$237,$237,$0,0.0%,2
306237005,Referral to palliative care service (procedure),Aetna,Commercial,"$1,980","$1,980",$0,0.0%,4
308429,(no description on file),Aetna,Commercial,$565,$565,$0,0.0%,2
198188,(no description on file),UnitedHealthcare,Commercial,$418,$418,$0,0.0%,2
979464,(no description on file),Blue Cross Blue Shield,Commercial,$648,$648,$0,0.0%,2
312750,(no description on file),Humana,Commercial,$308,$308,$0,0.0%,1
9002005,Manual testing of muscle function (procedure),Cigna Health,Commercial,$816,$816,$0,0.0%,2
898359,(no description on file),Blue Cross Blue Shield,Commercial,$233,$233,$0,0.0%,1
232967006,Implantation of left ventricular assist device (procedure),Anthem,Commercial,$496,$496,$0,0.0%,1
636042,(no description on file),Dual Eligible,Government,$220,$220,$0,0.0%,1
905269,(no description on file),Cigna Health,Commercial,$418,$418,$0,0.0%,2
1737449,(no description on file),Aetna,Commercial,$2,$2,$0,0.0%,1
313572,(no description on file),Medicaid,Government,$33,$33,$0,0.0%,1
183418007,Social case work (regime/therapy),Humana,Commercial,$434,$434,$0,0.0%,1
47020004,Ventriculoperitoneal shunt (procedure),Blue Cross Blue Shield,Commercial,$408,$408,$0,0.0%,1
898687,(no description on file),Cigna Health,Commercial,$276,$276,$0,0.0%,1
103697008,Patient referral for dental care (procedure),NO_INSURANCE,Self-Pay / Uninsured,"$10,649,311","$10,649,311",$0,0.0%,"239,769"
56876005,Drug rehabilitation and detoxification,Cigna Health,Commercial,"$1,075,917","$1,075,917",$0,0.0%,"9,230"
185345009,Encounter for symptom,Humana,Commercial,"$13,319,702","$13,319,702",$0,0.0%,"185,112"
313988,(no description on file),Dual Eligible,Government,"$28,602","$28,602",$0,0.0%,"14,048"
133,(no description on file),Medicare,Government,"$5,865,272","$5,865,272",$0,0.0%,"43,127"
208,(no description on file),UnitedHealthcare,Commercial,"$6,543,776","$6,543,776",$0,0.0%,"48,112"
868187001,Assessment using Car  Relax  Alone  Forget  Friends  Trouble Screening Test (procedure),Anthem,Commercial,"$1,524","$1,524",$0,0.0%,"24,638"
702927004,Urgent care clinic (environment),UnitedHealthcare,Commercial,"$4,757,021","$4,757,021",$0,0.0%,"39,797"
424441002,Prenatal initial visit,Blue Cross Blue Shield,Commercial,"$2,320,329","$2,320,329",$0,0.0%,"19,304"
57617002,Urine specimen collection (procedure),Aetna,Commercial,"$2,850,940","$2,850,940",$0,0.0%,"5,865"
46706006,Replacement of contraceptive intrauterine device,Humana,Commercial,"$33,905,104","$33,905,104",$0,0.0%,"3,800"
384700001,Injection of tetanus antitoxin,Medicare,Government,"$6,936,728","$6,936,728",$0,0.0%,"2,806"
288086009,Suture open wound,Anthem,Commercial,"$60,050,328","$60,050,328",$0,0.0%,"6,850"
198405,(no description on file),Medicaid,Government,"$5,619,349","$5,619,349",$0,0.0%,"27,822"
114,(no description on file),Humana,Commercial,"$3,678,120","$3,678,120",$0,0.0%,"27,045"
14768001,Peripheral blood smear interpretation,Cigna Health,Commercial,"$3,243,410","$3,243,410",$0,0.0%,"6,660"
182777000,Monitoring of patient (regime/therapy),Dual Eligible,Government,"$1,279,945","$1,279,945",$0,0.0%,"2,781"
185389009,Follow-up visit (procedure),Cigna Health,Commercial,"$9,064","$9,064",$0,0.0%,129
371908008,Oxygen administration by mask (procedure),NO_INSURANCE,Self-Pay / Uninsured,"$9,884,361","$9,884,361",$0,0.0%,"2,602"
169553002,Insertion of subcutaneous contraceptive,Cigna Health,Commercial,"$71,871,412","$71,871,412",$0,0.0%,"8,380"
52,(no description on file),Dual Eligible,Government,"$557,464","$557,464",$0,0.0%,"4,099"
865098,(no description on file),Dual Eligible,Government,"$1,561,241","$1,561,241",$0,0.0%,"2,041"
169230002,Ultrasound scan for fetal viability,Cigna Health,Commercial,"$230,279,221","$230,279,221",$0,0.0%,"25,835"
1856546,(no description on file),Anthem,Commercial,"$43,288","$43,288",$0,0.0%,"1,886"
1856546,(no description on file),Medicare,Government,"$35,732","$35,732",$0,0.0%,"1,599"
275833003,AFP test - antenatal,Humana,Commercial,"$45,893,109","$45,893,109",$0,0.0%,"23,218"
736169004,Post anesthesia care management (procedure),Medicare,Government,"$8,338,136","$8,338,136",$0,0.0%,"17,036"
313782,(no description on file),Blue Cross Blue Shield,Commercial,"$3,647,177","$3,647,177",$0,0.0%,"19,073"
275833003,AFP test - antenatal,NO_INSURANCE,Self-Pay / Uninsured,"$36,182,194","$36,182,194",$0,0.0%,"18,514"
384700001,Injection of tetanus antitoxin,Medicaid,Government,"$10,130,269","$10,130,269",$0,0.0%,"4,388"
314231,(no description on file),Aetna,Commercial,"$16,015","$16,015",$0,0.0%,"21,561"
711446003,Transplantation of kidney regime (regime/therapy),UnitedHealthcare,Commercial,"$2,230,633","$2,230,633",$0,0.0%,"2,603"
310965,(no description on file),Medicaid,Government,"$4,511,617","$4,511,617",$0,0.0%,"20,767"
115,(no description on file),Cigna Health,Commercial,"$769,896","$769,896",$0,0.0%,"5,661"
236974004,Instrumental delivery,NO_INSURANCE,Self-Pay / Uninsured,"$6,990,636","$6,990,636",$0,0.0%,"1,124"
243063003,Postoperative procedure education (procedure),Blue Cross Blue Shield,Commercial,"$382,430","$382,430",$0,0.0%,758
1736854,(no description on file),Blue Cross Blue Shield,Commercial,"$1,575,677","$1,575,677",$0,0.0%,"3,494"
198039,(no description on file),Medicaid,Government,"$286,694","$286,694",$0,0.0%,"1,263"
51116004,Passive immunization (procedure),Blue Cross Blue Shield,Commercial,"$12,177,534","$12,177,534",$0,0.0%,"4,702"
112798008,Insertion of endotracheal tube (procedure),Medicaid,Government,"$117,652","$117,652",$0,0.0%,440
223495004,Preparation of patient for procedure (regime/therapy),Dual Eligible,Government,"$981,560","$981,560",$0,0.0%,"2,174"
979485,(no description on file),UnitedHealthcare,Commercial,"$9,729","$9,729",$0,0.0%,"1,842"
79345008,Excision of maxillary torus palatinus (procedure),Anthem,Commercial,"$328,727","$328,727",$0,0.0%,677
57617002,Urine specimen collection (procedure),Dual Eligible,Government,"$1,830,580","$1,830,580",$0,0.0%,"4,014"
212033,(no description on file),UnitedHealthcare,Commercial,"$81,689","$81,689",$0,0.0%,325
70536003,Transplant of kidney (procedure),Aetna,Commercial,"$382,714","$382,714",$0,0.0%,793
312938,(no description on file),Medicaid,Government,$125,$125,$0,0.0%,79
103750000,Sleep apnea assessment (procedure),Medicaid,Government,"$8,294,089","$8,294,089",$0,0.0%,"18,330"
104326007,Measurement of Varicella-zoster virus antibody,Dual Eligible,Government,"$6,876,459","$6,876,459",$0,0.0%,"3,811"
1225002,Upper arm X-ray,Dual Eligible,Government,"$895,021","$895,021",$0,0.0%,"2,000"
171231001,Asthma screening,UnitedHealthcare,Commercial,"$186,215","$186,215",$0,0.0%,372
198039,(no description on file),Humana,Commercial,"$126,796","$126,796",$0,0.0%,497
1605257,(no description on file),Medicare,Government,"$1,518,903","$1,518,903",$0,0.0%,"1,473"
431182000,Placing subject in prone position (procedure),UnitedHealthcare,Commercial,"$6,512,788","$6,512,788",$0,0.0%,"1,160"
61746007,Taking patient vital signs (procedure),UnitedHealthcare,Commercial,"$640,904","$640,904",$0,0.0%,"1,274"
449214001,Transfer to stepdown unit (procedure),Blue Cross Blue Shield,Commercial,"$268,456","$268,456",$0,0.0%,341
727711,(no description on file),Medicaid,Government,"$39,912","$39,912",$0,0.0%,277
1723208,(no description on file),Cigna Health,Commercial,$855,$855,$0,0.0%,292
225338004,Risk assessment (procedure),Anthem,Commercial,"$220,619","$220,619",$0,0.0%,457
243670,(no description on file),NO_INSURANCE,Self-Pay / Uninsured,"$92,019","$92,019",$0,0.0%,460
866514,(no description on file),Medicare,Government,"$141,314","$141,314",$0,0.0%,544
108290001,Radiation oncology AND/OR radiotherapy (procedure),Aetna,Commercial,"$32,396,267","$32,396,267",$0,0.0%,314
204892,(no description on file),UnitedHealthcare,Commercial,"$1,747","$1,747",$0,0.0%,121
434363004,Human epidermal growth factor receptor 2 gene detection by fluorescence in situ hybridization (procedure),Dual Eligible,Government,"$642,794","$642,794",$0,0.0%,363
744842,(no description on file),UnitedHealthcare,Commercial,"$39,223","$39,223",$0,0.0%,145
865098,(no description on file),Cigna Health,Commercial,"$269,006","$269,006",$0,0.0%,296
85765000,Fiberoptic bronchoscopy (procedure),Medicare,Government,"$1,202,414","$1,202,414",$0,0.0%,140
1997015,(no description on file),NO_INSURANCE,Self-Pay / Uninsured,"$33,338","$33,338",$0,0.0%,128
197319,(no description on file),Aetna,Commercial,"$74,060","$74,060",$0,0.0%,227
1359269,(no description on file),Cigna Health,Commercial,"$52,664","$52,664",$0,0.0%,201
979092,(no description on file),Dual Eligible,Government,$32,$32,$0,0.0%,106
399217008,Cardioassist by aortic balloon pump (procedure),Anthem,Commercial,"$17,670","$17,670",$0,0.0%,36
69212005,Range of motion testing (procedure),Dual Eligible,Government,"$73,006","$73,006",$0,0.0%,162
1536144,(no description on file),Medicare,Government,"$69,869","$69,869",$0,0.0%,264
305408004,Admission to surgical department,Medicare,Government,"$151,106","$151,106",$0,0.0%,"1,202"
76464004,Hospital admission  for observation (procedure),Humana,Commercial,"$18,898","$18,898",$0,0.0%,146
1747691,(no description on file),Humana,Commercial,"$29,780","$29,780",$0,0.0%,116
433114000,Human epidermal growth factor receptor 2 gene detection by immunohistochemistry (procedure),Blue Cross Blue Shield,Commercial,"$49,464","$49,464",$0,0.0%,205
698354004,Magnetic resonance imaging for measurement of brain volume (procedure),Medicaid,Government,"$2,494,064","$2,494,064",$0,0.0%,263
617310,(no description on file),Medicare,Government,"$187,236","$187,236",$0,0.0%,717
1601380,(no description on file),NO_INSURANCE,Self-Pay / Uninsured,"$25,893","$25,893",$0,0.0%,41
966529,(no description on file),Medicaid,Government,"$15,307","$15,307",$0,0.0%,62
183418007,Social case work (regime/therapy),Anthem,Commercial,"$2,105","$2,105",$0,0.0%,4
38102005,Open Removal of Gall Bladder,Medicare,Government,"$1,562,959","$1,562,959",$0,0.0%,77
197379,(no description on file),Medicaid,Government,"$10,990","$10,990",$0,0.0%,49
133900002,Intraoperative care (regime/therapy),Medicaid,Government,"$102,951","$102,951",$0,0.0%,224
999999,(no description on file),UnitedHealthcare,Commercial,"$11,199","$11,199",$0,0.0%,45
112790001,Nasal sinus endoscopy (procedure),Blue Cross Blue Shield,Commercial,"$1,340,688","$1,340,688",$0,0.0%,242
47505003,posttraumatic stress disorder,Humana,Commercial,"$5,901","$5,901",$0,0.0%,50
861356,(no description on file),Medicare,Government,"$4,516","$4,516",$0,0.0%,19
313002,(no description on file),Anthem,Commercial,$150,$150,$0,0.0%,82
243150007,Assist control ventilation (regime/therapy),Medicaid,Government,"$174,118","$174,118",$0,0.0%,50
243174005,Weaning from mechanically assisted ventilation (procedure),NO_INSURANCE,Self-Pay / Uninsured,"$39,205","$39,205",$0,0.0%,79
103746007,Heparin therapy (procedure),Anthem,Commercial,"$21,686","$21,686",$0,0.0%,40
608139,(no description on file),Medicare,Government,"$8,008","$8,008",$0,0.0%,71
252480006,Simple walk test (procedure),Aetna,Commercial,"$28,607","$28,607",$0,0.0%,60
751616,(no description on file),NO_INSURANCE,Self-Pay / Uninsured,"$2,227","$2,227",$0,0.0%,8
859751,(no description on file),NO_INSURANCE,Self-Pay / Uninsured,"$5,645","$5,645",$0,0.0%,21
225297008,Care planning and problem solving actions (procedure),UnitedHealthcare,Commercial,"$12,667","$12,667",$0,0.0%,28
313212,(no description on file),Dual Eligible,Government,"$3,648","$3,648",$0,0.0%,16
446987006,Determination of susceptibility of Human immunodeficiency virus 1 to panel of antiretroviral drugs using genotypic technique (procedure),Blue Cross Blue Shield,Commercial,"$15,389","$15,389",$0,0.0%,31
709010006,Liaising with referral source (procedure),Blue Cross Blue Shield,Commercial,"$19,105","$19,105",$0,0.0%,38
200285,(no description on file),Aetna,Commercial,$753,$753,$0,0.0%,3
309845,(no description on file),UnitedHealthcare,Commercial,$2,$2,$0,0.0%,21
856481,(no description on file),Medicaid,Government,"$3,700","$3,700",$0,0.0%,16
241834,(no description on file),Blue Cross Blue Shield,Commercial,$434,$434,$0,0.0%,8
904467,(no description on file),Humana,Commercial,"$5,820","$5,820",$0,0.0%,22
866514,(no description on file),Anthem,Commercial,"$13,686","$13,686",$0,0.0%,53
312615,(no description on file),Medicare,Government,$759,$759,$0,0.0%,75
859419,(no description on file),Humana,Commercial,"$3,102","$3,102",$0,0.0%,12
385781007,Home health aide service (regime/therapy),Aetna,Commercial,"$4,610","$4,610",$0,0.0%,9
38102005,Open Removal of Gall Bladder,UnitedHealthcare,Commercial,"$139,084","$139,084",$0,0.0%,8
896019,(no description on file),Cigna Health,Commercial,"$4,066","$4,066",$0,0.0%,18
182836005,Review of medication (procedure),Cigna Health,Commercial,"$5,042","$5,042",$0,0.0%,11
1437975,(no description on file),UnitedHealthcare,Commercial,"$1,752","$1,752",$0,0.0%,7
182836005,Review of medication (procedure),Humana,Commercial,"$4,189","$4,189",$0,0.0%,8
445528004,Treatment changed (situation),Aetna,Commercial,"$2,796","$2,796",$0,0.0%,6
205326,(no description on file),UnitedHealthcare,Commercial,$782,$782,$0,0.0%,3
898723,(no description on file),Humana,Commercial,$974,$974,$0,0.0%,4
104173009,Sputum Culture,Cigna Health,Commercial,"$2,629","$2,629",$0,0.0%,6
672149,(no description on file),Medicaid,Government,$162,$162,$0,0.0%,3
745791,(no description on file),Anthem,Commercial,"$1,695","$1,695",$0,0.0%,6
349491,(no description on file),Humana,Commercial,$881,$881,$0,0.0%,4
204844,(no description on file),UnitedHealthcare,Commercial,$418,$418,$0,0.0%,2
709979004,Doppler ultrasonography of artery (procedure),UnitedHealthcare,Commercial,"$1,578","$1,578",$0,0.0%,3
349353,(no description on file),Anthem,Commercial,$503,$503,$0,0.0%,2
200095,(no description on file),Humana,Commercial,$250,$250,$0,0.0%,1
859749,(no description on file),Blue Cross Blue Shield,Commercial,$366,$366,$0,0.0%,1
858813,(no description on file),Humana,Commercial,$308,$308,$0,0.0%,1
213432,(no description on file),Medicaid,Government,$233,$233,$0,0.0%,1
898719,(no description on file),Blue Cross Blue Shield,Commercial,$283,$283,$0,0.0%,1
856578,(no description on file),Anthem,Commercial,$366,$366,$0,0.0%,1
885219,(no description on file),NO_INSURANCE,Self-Pay / Uninsured,$209,$209,$0,0.0%,1
349483,(no description on file),Cigna Health,Commercial,$366,$366,$0,0.0%,1
860182,(no description on file),Medicaid,Government,$283,$283,$0,0.0%,1
856578,(no description on file),NO_INSURANCE,Self-Pay / Uninsured,$276,$276,$0,0.0%,1
905269,(no description on file),UnitedHealthcare,Commercial,$558,$558,$0,0.0%,2
630208,(no description on file),Medicaid,Government,"$17,085,726","$17,085,726",$0,0.0%,"73,570"
205923,(no description on file),Medicaid,Government,"$35,833,283","$35,833,283",$0,0.0%,"689,888"
198440,(no description on file),Blue Cross Blue Shield,Commercial,$551,$551,$0,0.0%,"15,022"
90226004,Cytopathology procedure  preparation of smear  genital source,Medicaid,Government,"$101,564,543","$101,564,543",$0,0.0%,"55,953"
856987,(no description on file),Medicaid,Government,"$4,384,259","$4,384,259",$0,0.0%,"91,776"
198440,(no description on file),Humana,Commercial,$996,$996,$0,0.0%,"26,826"
1049504,(no description on file),Medicare,Government,"$22,822,271","$22,822,271",$0,0.0%,"89,765"
443529005,Detection of chromosomal aneuploidy in prenatal amniotic fluid specimen using fluorescence in situ hybridization screening technique (procedure),NO_INSURANCE,Self-Pay / Uninsured,"$37,595,488","$37,595,488",$0,0.0%,"19,314"
710841007,Assessment of anxiety (procedure),UnitedHealthcare,Commercial,"$9,219,900","$9,219,900",$0,0.0%,"141,763"
113,(no description on file),Humana,Commercial,"$6,668,352","$6,668,352",$0,0.0%,"49,032"
83,(no description on file),Blue Cross Blue Shield,Commercial,"$1,554,208","$1,554,208",$0,0.0%,"11,428"
390906007,Follow-up encounter (procedure),NO_INSURANCE,Self-Pay / Uninsured,"$2,801,454","$2,801,454",$0,0.0%,"39,497"
56876005,Drug rehabilitation and detoxification,Medicare,Government,"$2,188,349","$2,188,349",$0,0.0%,"18,420"
456191000124101,Postoperative care for dental procedure (regime/therapy),Dual Eligible,Government,"$28,483,778","$28,483,778",$0,0.0%,"61,228"
104326007,Measurement of Varicella-zoster virus antibody,Aetna,Commercial,"$32,591,552","$32,591,552",$0,0.0%,"17,224"
868187001,Assessment using Car  Relax  Alone  Forget  Friends  Trouble Screening Test (procedure),Blue Cross Blue Shield,Commercial,"$1,835","$1,835",$0,0.0%,"26,233"
1043400,(no description on file),Blue Cross Blue Shield,Commercial,"$966,461","$966,461",$0,0.0%,"4,546"
748879,(no description on file),NO_INSURANCE,Self-Pay / Uninsured,"$3,227,262","$3,227,262",$0,0.0%,"3,590"
897122,(no description on file),Humana,Commercial,"$1,738,821","$1,738,821",$0,0.0%,104
349094,(no description on file),Medicare,Government,"$5,656,477","$5,656,477",$0,0.0%,"21,734"
979492,(no description on file),Medicaid,Government,"$272,219","$272,219",$0,0.0%,"1,210"
310061009,Gynecology service (qualifier value),Dual Eligible,Government,"$1,083,704","$1,083,704",$0,0.0%,"9,035"
859088,(no description on file),Cigna Health,Commercial,"$2,010,415","$2,010,415",$0,0.0%,"7,668"
310861008,Chlamydia antigen test,NO_INSURANCE,Self-Pay / Uninsured,"$27,237,699","$27,237,699",$0,0.0%,"14,275"
42825003,Cannulation (procedure),Medicare,Government,"$2,220,567","$2,220,567",$0,0.0%,"4,525"
10383002,Counseling for termination of pregnancy,Anthem,Commercial,"$2,401,835","$2,401,835",$0,0.0%,"4,904"
108515,(no description on file),Humana,Commercial,"$2,432,685","$2,432,685",$0,0.0%,"9,456"
714812005,Induced termination of pregnancy,Anthem,Commercial,"$42,848,517","$42,848,517",$0,0.0%,"4,904"
351136,(no description on file),Aetna,Commercial,"$808,163","$808,163",$0,0.0%,"3,135"
309362,(no description on file),Anthem,Commercial,"$2,166,317","$2,166,317",$0,0.0%,"2,628"
476556,(no description on file),Medicaid,Government,"$257,975","$257,975",$0,0.0%,"1,098"
394894008,Pre-operative chemotherapy (procedure),Medicare,Government,"$443,326","$443,326",$0,0.0%,901
274031008,Rectal polypectomy,Cigna Health,Commercial,"$23,297,788","$23,297,788",$0,0.0%,"2,415"
386053000,Evaluation procedure (procedure),Blue Cross Blue Shield,Commercial,"$1,927,114","$1,927,114",$0,0.0%,"3,835"
198405,(no description on file),NO_INSURANCE,Self-Pay / Uninsured,"$1,140,186","$1,140,186",$0,0.0%,"5,380"
242969,(no description on file),Cigna Health,Commercial,"$3,168","$3,168",$0,0.0%,"1,057"
197604,(no description on file),Cigna Health,Commercial,"$1,835,259","$1,835,259",$0,0.0%,"1,397"
237001001,Augmentation of labor,Medicare,Government,"$3,471,331","$3,471,331",$0,0.0%,887
19490002,Ankle X-ray,Anthem,Commercial,"$341,893","$341,893",$0,0.0%,723
33367005,Angiography of coronary artery (procedure),Blue Cross Blue Shield,Commercial,"$984,547","$984,547",$0,0.0%,"1,965"
409023009,Professional / ancillary services care (regime/therapy),Anthem,Commercial,"$11,881,792","$11,881,792",$0,0.0%,"4,460"
855332,(no description on file),Anthem,Commercial,"$14,201","$14,201",$0,0.0%,"1,331"
311791003,Information gathering (procedure),Anthem,Commercial,"$182,881","$182,881",$0,0.0%,"2,551"
252482003,Stair-climbing test (procedure),Dual Eligible,Government,"$1,046,845","$1,046,845",$0,0.0%,"2,321"
2001499,(no description on file),Medicare,Government,"$65,765","$65,765",$0,0.0%,689
8290005,Induced cardioplegia (procedure),Humana,Commercial,"$408,976","$408,976",$0,0.0%,812
26604007,Complete blood count (procedure),Anthem,Commercial,"$182,747","$182,747",$0,0.0%,374
1870230,(no description on file),Medicaid,Government,"$1,364,372","$1,364,372",$0,0.0%,"6,756"
1234995,(no description on file),Aetna,Commercial,"$1,763","$1,763",$0,0.0%,"1,304"
19490002,Ankle X-ray,Dual Eligible,Government,"$590,233","$590,233",$0,0.0%,"1,310"
1433873,(no description on file),Medicare,Government,"$229,760","$229,760",$0,0.0%,917
243063003,Postoperative procedure education (procedure),UnitedHealthcare,Commercial,"$342,929","$342,929",$0,0.0%,685
185389009,Follow-up visit (procedure),Medicaid,Government,"$55,550","$55,550",$0,0.0%,765
33,(no description on file),UnitedHealthcare,Commercial,"$16,320","$16,320",$0,0.0%,120
1547660,(no description on file),Medicaid,Government,"$19,933","$19,933",$0,0.0%,95
1571000087109,Ultrasonography of bilateral breasts (procedure),Medicare,Government,"$314,583","$314,583",$0,0.0%,779
1431987,(no description on file),UnitedHealthcare,Commercial,"$174,067","$174,067",$0,0.0%,671
37542007,Posttreatment stabilization  orthodontic device (procedure),Aetna,Commercial,"$106,596","$106,596",$0,0.0%,214
310061009,Gynecology service (qualifier value),NO_INSURANCE,Self-Pay / Uninsured,"$58,923","$58,923",$0,0.0%,512
198039,(no description on file),Anthem,Commercial,"$118,444","$118,444",$0,0.0%,448
476556,(no description on file),Aetna,Commercial,"$93,749","$93,749",$0,0.0%,364
808917,(no description on file),Aetna,Commercial,"$38,896","$38,896",$0,0.0%,147
433114000,Human epidermal growth factor receptor 2 gene detection by immunohistochemistry (procedure),Aetna,Commercial,"$72,583","$72,583",$0,0.0%,307
394894008,Pre-operative chemotherapy (procedure),Dual Eligible,Government,"$138,050","$138,050",$0,0.0%,306
993452,(no description on file),Medicare,Government,"$200,467","$200,467",$0,0.0%,210
772071006,Referral to dentist (procedure),Aetna,Commercial,"$28,607","$28,607",$0,0.0%,60
446573003,Continuous positive airway pressure titration (procedure),Humana,Commercial,"$33,795","$33,795",$0,0.0%,68
2119714,(no description on file),Medicare,Government,"$247,867","$247,867",$0,0.0%,255
305340004,Admission to long stay hospital,Blue Cross Blue Shield,Commercial,"$34,239","$34,239",$0,0.0%,69
197885,(no description on file),Humana,Commercial,"$3,634","$3,634",$0,0.0%,14
1649987,(no description on file),Medicare,Government,"$51,746","$51,746",$0,0.0%,195
1807510,(no description on file),UnitedHealthcare,Commercial,"$72,261","$72,261",$0,0.0%,288
223487003,Discussion about options (procedure),NO_INSURANCE,Self-Pay / Uninsured,"$115,849","$115,849",$0,0.0%,236
122460008,Reexploration procedure (procedure),Medicaid,Government,"$28,000","$28,000",$0,0.0%,61
367494004,Premature birth of newborn (finding),Anthem,Commercial,"$100,161","$100,161",$0,0.0%,194
859753,(no description on file),Medicare,Government,"$4,694","$4,694",$0,0.0%,18
1998772,(no description on file),Anthem,Commercial,"$21,320","$21,320",$0,0.0%,73
866514,(no description on file),Blue Cross Blue Shield,Commercial,"$6,578","$6,578",$0,0.0%,24
76164006,Biopsy of colon,Humana,Commercial,"$2,477,588","$2,477,588",$0,0.0%,214
1873983,(no description on file),Anthem,Commercial,"$5,424","$5,424",$0,0.0%,22
665078,(no description on file),NO_INSURANCE,Self-Pay / Uninsured,"$89,742","$89,742",$0,0.0%,375
43060002,Intravenous injection (procedure),Medicare,Government,"$189,740","$189,740",$0,0.0%,388
259255,(no description on file),Anthem,Commercial,$430,$430,$0,0.0%,31
34896006,Incision (procedure),UnitedHealthcare,Commercial,"$18,952","$18,952",$0,0.0%,39
854228,(no description on file),Humana,Commercial,$515,$515,$0,0.0%,28
349353,(no description on file),Dual Eligible,Government,"$1,039","$1,039",$0,0.0%,5
1946840,(no description on file),Dual Eligible,Government,"$18,171","$18,171",$0,0.0%,88
446573003,Continuous positive airway pressure titration (procedure),Blue Cross Blue Shield,Commercial,"$18,858","$18,858",$0,0.0%,37
2284960,(no description on file),Humana,Commercial,"$1,037","$1,037",$0,0.0%,140
284215,(no description on file),NO_INSURANCE,Self-Pay / Uninsured,"$16,744","$16,744",$0,0.0%,65
717778001,Mouth care (regime/therapy),Humana,Commercial,"$4,189","$4,189",$0,0.0%,8
182836005,Review of medication (procedure),NO_INSURANCE,Self-Pay / Uninsured,"$5,097","$5,097",$0,0.0%,11
312938,(no description on file),Humana,Commercial,$75,$75,$0,0.0%,42
252559,(no description on file),Blue Cross Blue Shield,Commercial,"$9,902","$9,902",$0,0.0%,39
854919,(no description on file),Medicaid,Government,"$3,797","$3,797",$0,0.0%,17
746811,(no description on file),UnitedHealthcare,Commercial,"$2,756","$2,756",$0,0.0%,10
205532,(no description on file),UnitedHealthcare,Commercial,"$17,081","$17,081",$0,0.0%,15
709506004,Assessment of readiness for disclosure of health status (procedure),Blue Cross Blue Shield,Commercial,"$15,389","$15,389",$0,0.0%,31
751616,(no description on file),Aetna,Commercial,"$2,340","$2,340",$0,0.0%,8
183646003,Postoperative visit (finding),Dual Eligible,Government,"$2,552","$2,552",$0,0.0%,22
198188,(no description on file),Anthem,Commercial,"$1,526","$1,526",$0,0.0%,6
856569,(no description on file),Dual Eligible,Government,"$1,278","$1,278",$0,0.0%,6
864706,(no description on file),Medicaid,Government,"$1,304","$1,304",$0,0.0%,5
1791701,(no description on file),Blue Cross Blue Shield,Commercial,$3,$3,$0,0.0%,8
898719,(no description on file),Humana,Commercial,"$1,597","$1,597",$0,0.0%,7
349201,(no description on file),Humana,Commercial,"$2,044","$2,044",$0,0.0%,10
305411003,Admission to thoracic surgery department,NO_INSURANCE,Self-Pay / Uninsured,"$8,038","$8,038",$0,0.0%,68
22523008,Vasectomy,UnitedHealthcare,Commercial,"$1,770,457","$1,770,457",$0,0.0%,133
365853002,Imaging finding (finding),Cigna Health,Commercial,"$9,727","$9,727",$0,0.0%,17
447759004,Brachytherapy of breast (procedure),Humana,Commercial,"$363,179","$363,179",$0,0.0%,19
112011000119102,negative screening for depression on phq9,Blue Cross Blue Shield,Commercial,"$10,929","$10,929",$0,0.0%,21
417511005,Referral to home health care service (procedure),Blue Cross Blue Shield,Commercial,"$2,393","$2,393",$0,0.0%,5
309845,(no description on file),Cigna Health,Commercial,$3,$3,$0,0.0%,29
58776007,Autologous bone marrow transplant (procedure),NO_INSURANCE,Self-Pay / Uninsured,"$2,972","$2,972",$0,0.0%,6
233174007,Cardiac pacemaker procedure (procedure),Anthem,Commercial,"$1,812","$1,812",$0,0.0%,4
898346,(no description on file),Dual Eligible,Government,$638,$638,$0,0.0%,3
979468,(no description on file),Cigna Health,Commercial,"$1,756","$1,756",$0,0.0%,6
13569004,Transfusion of plasma (procedure),Anthem,Commercial,"$21,044","$21,044",$0,0.0%,9
30088009,Blood culture (procedure),NO_INSURANCE,Self-Pay / Uninsured,"$1,506","$1,506",$0,0.0%,3
709640007,Doppler ultrasonography of renal vein (procedure),Medicaid,Government,"$4,299","$4,299",$0,0.0%,9
42839003,Repair of myelomeningocele (procedure),Aetna,Commercial,$982,$982,$0,0.0%,2
351875,(no description on file),NO_INSURANCE,Self-Pay / Uninsured,"$1,035","$1,035",$0,0.0%,4
86964003,Sweat Test,Anthem,Commercial,$442,$442,$0,0.0%,2
200284,(no description on file),Humana,Commercial,$492,$492,$0,0.0%,2
866516,(no description on file),Medicare,Government,$565,$565,$0,0.0%,2
854908,(no description on file),Humana,Commercial,$492,$492,$0,0.0%,2
197862,(no description on file),Blue Cross Blue Shield,Commercial,$440,$440,$0,0.0%,2
596926,(no description on file),Blue Cross Blue Shield,Commercial,$10,$10,$0,0.0%,1
898723,(no description on file),Blue Cross Blue Shield,Commercial,$276,$276,$0,0.0%,1
232816009,Aortic valve and adjacent structure operations (procedure),Medicaid,Government,$408,$408,$0,0.0%,1
827075,(no description on file),Anthem,Commercial,$209,$209,$0,0.0%,1
183801001,Inpatient stay 3 days,Medicaid,Government,$121,$121,$0,0.0%,1
898372,(no description on file),Aetna,Commercial,$283,$283,$0,0.0%,1
385186005,Enema,Medicaid,Government,$235,$235,$0,0.0%,1
311707005,Oromotor Exercises,Aetna,Commercial,$496,$496,$0,0.0%,1
1664986,(no description on file),Dual Eligible,Government,$283,$283,$0,0.0%,1
312749,(no description on file),Medicaid,Government,$130,$130,$0,0.0%,1
751620,(no description on file),Medicaid,Government,$233,$233,$0,0.0%,1
424619006,Prenatal visit,Blue Cross Blue Shield,Commercial,"$12,901,958","$12,901,958",$0,0.0%,"107,295"
117010004,Urine culture,Medicaid,Government,"$99,608,487","$99,608,487",$0,0.0%,"54,630"
310798,(no description on file),Anthem,Commercial,"$194,748","$194,748",$0,0.0%,"172,879"
2123111,(no description on file),Dual Eligible,Government,"$12,623,030","$12,623,030",$0,0.0%,"9,361"
162673000,General examination of patient (procedure),Humana,Commercial,"$45,757,880","$45,757,880",$0,0.0%,"343,534"
3,(no description on file),Medicaid,Government,"$7,653,808","$7,653,808",$0,0.0%,"56,278"
169762003,Postnatal visit,Blue Cross Blue Shield,Commercial,"$1,491,848","$1,491,848",$0,0.0%,"12,407"
713106006,Screening for drug abuse (procedure),NO_INSURANCE,Self-Pay / Uninsured,"$6,643","$6,643",$0,0.0%,"110,080"
73761001,Colonoscopy,Cigna Health,Commercial,"$207,786,358","$207,786,358",$0,0.0%,"18,918"
28163009,Skin test for tuberculosis  Tine test (procedure),Anthem,Commercial,"$31,808,397","$31,808,397",$0,0.0%,"16,835"
1049221,(no description on file),Humana,Commercial,"$22,340","$22,340",$0,0.0%,"1,712"
310436,(no description on file),Dual Eligible,Government,"$98,277","$98,277",$0,0.0%,"2,255"
200033,(no description on file),Anthem,Commercial,"$83,272","$83,272",$0,0.0%,306
233553003,Vascular cannula removal (procedure),Dual Eligible,Government,"$649,320","$649,320",$0,0.0%,"1,442"
399208008,Plain chest X-ray (procedure),Medicare,Government,"$415,268,867","$415,268,867",$0,0.0%,"42,141"
441550005,Urinalysis with reflex to microscopy and culture (procedure),Blue Cross Blue Shield,Commercial,"$2,887,993","$2,887,993",$0,0.0%,"4,383"
449381000124108,Discharge from skilled nursing facility (procedure),Anthem,Commercial,"$1,691,444","$1,691,444",$0,0.0%,"3,581"
122856003,Oral examination (procedure),Medicaid,Government,"$472,169","$472,169",$0,0.0%,"1,026"
439740005,Postoperative follow-up visit (procedure),Humana,Commercial,"$801,263","$801,263",$0,0.0%,"6,671"
185345009,Encounter for symptom,Anthem,Commercial,"$10,087,777","$10,087,777",$0,0.0%,"143,962"
351109,(no description on file),Medicare,Government,"$11,211,388","$11,211,388",$0,0.0%,"43,327"
44608003,Blood group typing (procedure),Aetna,Commercial,"$35,076,132","$35,076,132",$0,0.0%,"18,534"
896209,(no description on file),Medicaid,Government,"$3,982,470","$3,982,470",$0,0.0%,"7,442"
207,(no description on file),UnitedHealthcare,Commercial,"$4,997,320","$4,997,320",$0,0.0%,"36,742"
861467,(no description on file),Medicaid,Government,"$314,005","$314,005",$0,0.0%,"3,585"
616830,(no description on file),Blue Cross Blue Shield,Commercial,"$555,604","$555,604",$0,0.0%,"2,180"
210098006,Domiciliary or rest home patient evaluation and management,Medicaid,Government,"$1,354,775","$1,354,775",$0,0.0%,"11,335"
28163009,Skin test for tuberculosis  Tine test (procedure),Blue Cross Blue Shield,Commercial,"$25,608,436","$25,608,436",$0,0.0%,"12,956"
316744009,Office Visit,Medicare,Government,"$851,546","$851,546",$0,0.0%,"11,956"
895996,(no description on file),Aetna,Commercial,"$3,955,662","$3,955,662",$0,0.0%,"15,218"
351136,(no description on file),Medicare,Government,"$2,720,524","$2,720,524",$0,0.0%,"10,667"
1601380,(no description on file),Blue Cross Blue Shield,Commercial,"$17,237","$17,237",$0,0.0%,27
1659149,(no description on file),Medicaid,Government,"$20,057","$20,057",$0,0.0%,"2,557"
385781007,Home health aide service (regime/therapy),Dual Eligible,Government,"$1,440,573","$1,440,573",$0,0.0%,"3,164"
288086009,Suture open wound,Dual Eligible,Government,"$40,454,545","$40,454,545",$0,0.0%,"4,914"
290045001,Kitchen practice,UnitedHealthcare,Commercial,"$955,175","$955,175",$0,0.0%,"1,908"
854252,(no description on file),Aetna,Commercial,"$107,702","$107,702",$0,0.0%,"6,188"
370995009,Health risks education (procedure),Cigna Health,Commercial,$842,$842,$0,0.0%,"5,491"
315124004,Human immunodeficiency virus viral load (procedure),Blue Cross Blue Shield,Commercial,"$793,462","$793,462",$0,0.0%,"1,601"
305428000,Admission to orthopedic department,Humana,Commercial,"$846,319","$846,319",$0,0.0%,"1,693"
82808001,Sleep apnea monitoring with alarm (regime/therapy),NO_INSURANCE,Self-Pay / Uninsured,"$44,631","$44,631",$0,0.0%,89
34896006,Incision (procedure),Medicare,Government,"$601,117","$601,117",$0,0.0%,"1,219"
703423002,Combined chemotherapy and radiation therapy (procedure),Cigna Health,Commercial,"$60,575,620","$60,575,620",$0,0.0%,"1,992"
185087000,Notifications (procedure),Humana,Commercial,"$263,656","$263,656",$0,0.0%,522
116861002,Transfusion of fresh frozen plasma (procedure),Anthem,Commercial,"$78,672","$78,672",$0,0.0%,160
2001499,(no description on file),Cigna Health,Commercial,"$73,267","$73,267",$0,0.0%,760
699253003,Surgical manipulation of joint of knee,Aetna,Commercial,"$13,496,162","$13,496,162",$0,0.0%,866
1740467,(no description on file),Dual Eligible,Government,$631,$631,$0,0.0%,"2,589"
90226004,Cytopathology procedure  preparation of smear  genital source,Anthem,Commercial,"$32,122,702","$32,122,702",$0,0.0%,"16,921"
112798008,Insertion of endotracheal tube (procedure),Medicare,Government,"$407,394","$407,394",$0,0.0%,"1,426"
1648755,(no description on file),Humana,Commercial,"$637,352","$637,352",$0,0.0%,"2,491"
745752,(no description on file),Cigna Health,Commercial,"$2,095,653","$2,095,653",$0,0.0%,"7,998"
198405,(no description on file),Blue Cross Blue Shield,Commercial,"$1,220,466","$1,220,466",$0,0.0%,"5,693"
165197003,Diagnostic assessment (procedure),Anthem,Commercial,"$273,129","$273,129",$0,0.0%,562
110467000,Pre-surgery testing (procedure),Dual Eligible,Government,"$1,247,911","$1,247,911",$0,0.0%,"2,761"
302497006,Hemodialysis (procedure),Cigna Health,Commercial,"$13,207,118","$13,207,118",$0,0.0%,67
410011004,Administration of anesthesia AND/OR sedation (procedure),Medicaid,Government,"$30,245","$30,245",$0,0.0%,67
978950,(no description on file),Blue Cross Blue Shield,Commercial,"$2,861,574","$2,861,574",$0,0.0%,"3,205"
1571000087109,Ultrasonography of bilateral breasts (procedure),Medicaid,Government,"$200,403","$200,403",$0,0.0%,548
896006,(no description on file),Aetna,Commercial,"$47,497","$47,497",$0,0.0%,169
1659263,(no description on file),Cigna Health,Commercial,"$2,585","$2,585",$0,0.0%,"1,590"
1873983,(no description on file),Humana,Commercial,"$9,959","$9,959",$0,0.0%,41
897122,(no description on file),NO_INSURANCE,Self-Pay / Uninsured,"$3,501,110","$3,501,110",$0,0.0%,177
1740467,(no description on file),UnitedHealthcare,Commercial,$205,$205,$0,0.0%,748
43075005,Partial resection of colon,NO_INSURANCE,Self-Pay / Uninsured,"$6,075,054","$6,075,054",$0,0.0%,273
808917,(no description on file),Medicare,Government,"$24,722","$24,722",$0,0.0%,97
432231006,Fine needle aspiration biopsy of lung (procedure),Medicaid,Government,"$1,166,760","$1,166,760",$0,0.0%,76
301882004,Placement of aortic cross clamp (procedure),NO_INSURANCE,Self-Pay / Uninsured,"$311,842","$311,842",$0,0.0%,640
396487001,Sentinel lymph node biopsy (procedure),Humana,Commercial,"$546,448","$546,448",$0,0.0%,49
200032,(no description on file),Dual Eligible,Government,"$22,425","$22,425",$0,0.0%,99
266753000,Referral for laboratory tests (procedure),Anthem,Commercial,"$82,125","$82,125",$0,0.0%,168
223495004,Preparation of patient for procedure (regime/therapy),Blue Cross Blue Shield,Commercial,"$357,103","$357,103",$0,0.0%,708
304531008,Treatment side effects education (procedure),Anthem,Commercial,"$3,866","$3,866",$0,0.0%,8
686924,(no description on file),Medicare,Government,"$55,098","$55,098",$0,0.0%,199
414088005,Emergency coronary artery bypass graft (procedure),Blue Cross Blue Shield,Commercial,"$10,979","$10,979",$0,0.0%,22
386510005,Amputation care (regime/therapy),Medicare,Government,"$46,284","$46,284",$0,0.0%,94
116863004,Transfusion of red blood cells (procedure),Medicare,Government,"$67,689","$67,689",$0,0.0%,140
306206005,Referral to service (procedure),Cigna Health,Commercial,"$227,638","$227,638",$0,0.0%,475
433112001,Percutaneous mechanical thrombectomy of portal vein using fluoroscopic guidance with contrast (procedure),Anthem,Commercial,"$2,520,082","$2,520,082",$0,0.0%,126
112011000119102,negative screening for depression on phq9,NO_INSURANCE,Self-Pay / Uninsured,"$9,899","$9,899",$0,0.0%,20
763228001,Assessment using Canadian Study of Health and Aging Clinical Frailty Scale (procedure),UnitedHealthcare,Commercial,"$16,978","$16,978",$0,0.0%,35
34896006,Incision (procedure),Cigna Health,Commercial,"$30,791","$30,791",$0,0.0%,64
713021002,Plain X-ray of pelvis (procedure),Cigna Health,Commercial,"$36,130","$36,130",$0,0.0%,69
896766,(no description on file),Medicare,Government,"$4,781","$4,781",$0,0.0%,18
410011004,Administration of anesthesia AND/OR sedation (procedure),Humana,Commercial,"$6,896","$6,896",$0,0.0%,13
617312,(no description on file),Humana,Commercial,"$17,132","$17,132",$0,0.0%,70
446573003,Continuous positive airway pressure titration (procedure),Anthem,Commercial,"$24,094","$24,094",$0,0.0%,50
197381,(no description on file),Cigna Health,Commercial,"$7,170","$7,170",$0,0.0%,28
733863009,Assessment of readiness for self-management (procedure),Aetna,Commercial,"$21,857","$21,857",$0,0.0%,44
399217008,Cardioassist by aortic balloon pump (procedure),Humana,Commercial,"$20,137","$20,137",$0,0.0%,40
52734007,Total replacement of hip,Medicaid,Government,"$181,395","$181,395",$0,0.0%,13
200619008,Comprehensive interview and evaluation (procedure),Anthem,Commercial,"$6,437","$6,437",$0,0.0%,13
446987006,Determination of susceptibility of Human immunodeficiency virus 1 to panel of antiretroviral drugs using genotypic technique (procedure),Medicare,Government,"$34,309","$34,309",$0,0.0%,74
225953001,Evaluating response to treatment (procedure),UnitedHealthcare,Commercial,"$28,000","$28,000",$0,0.0%,55
243174005,Weaning from mechanically assisted ventilation (procedure),Blue Cross Blue Shield,Commercial,"$21,621","$21,621",$0,0.0%,39
866924,(no description on file),Blue Cross Blue Shield,Commercial,"$7,603","$7,603",$0,0.0%,32
609588000,Total knee replacement,UnitedHealthcare,Commercial,"$109,011","$109,011",$0,0.0%,6
37729005,Patient transfer  in-hospital (procedure),NO_INSURANCE,Self-Pay / Uninsured,"$31,325","$31,325",$0,0.0%,64
52734007,Total replacement of hip,Aetna,Commercial,"$93,850","$93,850",$0,0.0%,7
446573003,Continuous positive airway pressure titration (procedure),Cigna Health,Commercial,"$21,113","$21,113",$0,0.0%,43
212446,(no description on file),Anthem,Commercial,"$18,339","$18,339",$0,0.0%,71
47505003,posttraumatic stress disorder,Aetna,Commercial,"$4,769","$4,769",$0,0.0%,41
198334,(no description on file),UnitedHealthcare,Commercial,"$1,045","$1,045",$0,0.0%,5
904481,(no description on file),Anthem,Commercial,"$3,843","$3,843",$0,0.0%,14
866511,(no description on file),Humana,Commercial,"$3,749","$3,749",$0,0.0%,15
305411003,Admission to thoracic surgery department,Humana,Commercial,"$1,194","$1,194",$0,0.0%,8
1737449,(no description on file),NO_INSURANCE,Self-Pay / Uninsured,$8,$8,$0,0.0%,3
198189,(no description on file),Dual Eligible,Government,$757,$757,$0,0.0%,4
447759004,Brachytherapy of breast (procedure),Cigna Health,Commercial,"$309,924","$309,924",$0,0.0%,16
108219001,Physician visit with evaluation AND/OR management service (procedure),Anthem,Commercial,"$1,441","$1,441",$0,0.0%,12
113120007,Interstitial brachytherapy (procedure),Aetna,Commercial,"$125,929","$125,929",$0,0.0%,7
827075,(no description on file),Medicaid,Government,$638,$638,$0,0.0%,3
898372,(no description on file),Cigna Health,Commercial,$648,$648,$0,0.0%,2
898353,(no description on file),NO_INSURANCE,Self-Pay / Uninsured,$492,$492,$0,0.0%,2
1547660,(no description on file),Dual Eligible,Government,$418,$418,$0,0.0%,2
801095,(no description on file),Cigna Health,Commercial,$627,$627,$0,0.0%,3
198182,(no description on file),Cigna Health,Commercial,$501,$501,$0,0.0%,2
47020004,Ventriculoperitoneal shunt (procedure),Medicaid,Government,"$4,299","$4,299",$0,0.0%,9
896758,(no description on file),Aetna,Commercial,$774,$774,$0,0.0%,3
896758,(no description on file),Medicaid,Government,"$2,531","$2,531",$0,0.0%,11
310798,(no description on file),Dual Eligible,Government,"$454,355","$454,356",$-1,0.0%,"468,425"
390906007,Follow-up encounter (procedure),Anthem,Commercial,"$3,047,850","$3,047,922",$-72,0.0%,"43,376"
702927004,Urgent care clinic (environment),Dual Eligible,Government,"$35,976,392","$35,976,511",$-119,0.0%,"299,689"
265764009,Renal dialysis (procedure),Anthem,Commercial,"$274,842,123","$274,842,503",$-380,0.0%,"362,095"
241046008,Dental X-ray bitewing (procedure),Dual Eligible,Government,"$80,507,821","$80,508,229",$-408,0.0%,"177,743"
710824005,Assessment of health and social care needs (procedure),Cigna Health,Commercial,"$221,666,792","$221,667,200",$-408,0.0%,"457,978"
225362009,Dental care (regime/therapy),Medicaid,Government,"$355,361,448","$355,361,857",$-408,0.0%,"771,319"
243085009,Oral health education (procedure),Medicare,Government,"$459,501,718","$459,502,126",$-408,0.0%,"939,542"
710824005,Assessment of health and social care needs (procedure),UnitedHealthcare,Commercial,"$124,923,586","$124,924,070",$-484,0.0%,"248,115"
